ticker,source,text,published_at,trading_day
HAL,gdelt,Seven of the most prolific Texas shale drillers cut . 6 billion from budgets as oil prices collapse,20200318T010000Z,2020-03-18
HAL,gdelt,Seven of the most prolific Texas shale drillers cut . 6 billion from budgets as oil prices collapse,20200318T170000Z,2020-03-19
COP,gdelt,"Feb 18 , 2020 - CastleArk Alternatives , LLC Buys Schlumberger , Pioneer Natural Resources Co , ConocoPhillips , Sells PBF Energy Inc , BP PLC , Marathon Oil Corp",20200218T153000Z,2020-02-18
PXD,gdelt,"Feb 18 , 2020 - CastleArk Alternatives , LLC Buys Schlumberger , Pioneer Natural Resources Co , ConocoPhillips , Sells PBF Energy Inc , BP PLC , Marathon Oil Corp",20200218T153000Z,2020-02-18
SLB,gdelt,"Feb 18 , 2020 - CastleArk Alternatives , LLC Buys Schlumberger , Pioneer Natural Resources Co , ConocoPhillips , Sells PBF Energy Inc , BP PLC , Marathon Oil Corp",20200218T153000Z,2020-02-18
HAL,gdelt,"Global Shale Oil Market Report with Study of North America , Europe and Asia - Pacific , South America , Middle East and Africa Regions",20200103T040000Z,2020-01-03
CVX,gdelt,Chevron Gets Another Reprieve to Continue Working in Venezuela,20200118T154500Z,2020-01-18
CVX,gdelt,Chevron Gets Another Reprieve to Continue Working in Venezuela,20200120T091500Z,2020-01-20
CVX,gdelt,Chevron gets another extension to continue Venezuela operations,20200119T154500Z,2020-01-19
CVX,gdelt,"Chevron Double - Upgraded , EOG , Noble and Devon Lifted at Bank of America",20200323T173000Z,2020-03-24
EOG,gdelt,"Chevron Double - Upgraded , EOG , Noble and Devon Lifted at Bank of America",20200323T173000Z,2020-03-24
DVN,gdelt,"Chevron Double - Upgraded , EOG , Noble and Devon Lifted at Bank of America",20200323T173000Z,2020-03-24
CVX,gdelt,UPDATE 5 - Chevron leads another wave of massive oil - industry spending cuts - Agricultural Commodities,20200324T180000Z,2020-03-25
HAL,gdelt,U . S . shale executive warns global oil glut will not soon clear,20200324T203000Z,2020-03-25
HAL,gdelt,Oil price war sends US shale producers into survival mode,20200310T203000Z,2020-03-11
COP,gdelt,Cenovus Energy How to cope with oil - producers ready more cuts,20200310T201500Z,2020-03-11
CVX,gdelt,"Oil Shale Market Companies Have Room for Growth Chevron Corporation , Cabot Oil Gas , EOG Resources",20200130T113000Z,2020-01-30
HAL,gdelt,"Oil Shale Market Companies Have Room for Growth Chevron Corporation , Cabot Oil Gas , EOG Resources",20200130T113000Z,2020-01-30
EOG,gdelt,"Oil Shale Market Companies Have Room for Growth Chevron Corporation , Cabot Oil Gas , EOG Resources",20200130T113000Z,2020-01-30
HAL,gdelt,Few U . S . shale firms can withstand prolonged oil price war News,20200316T071500Z,2020-03-16
XOM,gdelt,"7 Energy Stocks That Are Too Cheap to Ignore BP , XOM , CVX",20200312T003000Z,2020-03-12
CVX,gdelt,"7 Energy Stocks That Are Too Cheap to Ignore BP , XOM , CVX",20200312T003000Z,2020-03-12
COP,gdelt,How to cope with oil Producers prepare for more spending cuts,20200311T054500Z,2020-03-11
CVX,gdelt,Chevron leads another wave of massive oil - industry spending cuts,20200324T203000Z,2020-03-25
COP,gdelt,How to cope with oil producers ready more cuts,20200310T170000Z,2020-03-11
HAL,gdelt,UPDATE 1 - U . S . shale executive warns global oil glut will not soon clear,20200324T194500Z,2020-03-25
COP,gdelt,WRAPUP 4 - N . American oil companies slash spending to cope with bbl crude - Agricultural Commodities,20200310T184500Z,2020-03-11
HAL,gdelt,Oil boom feels more like a bust in Texas shale patch,20200213T191500Z,2020-02-14
HAL,gdelt,America oil boom feels more like a bust for shale producers,20200219T211500Z,2020-02-20
XOM,gdelt,Where Will ExxonMobil Be in 5 Years ?,20200105T003000Z,2020-01-05
CVX,gdelt,"Be It Via Shareholder Revolt Or A Chevron 2 - For - 1 Bid , Vicki Hollub Occidental Tenure Is Nearing Its End",20200316T223000Z,2020-03-17
OXY,gdelt,"Be It Via Shareholder Revolt Or A Chevron 2 - For - 1 Bid , Vicki Hollub Occidental Tenure Is Nearing Its End",20200316T223000Z,2020-03-17
XOM,gdelt,"Exxon and Chevron are dividend aristocrat , but for how long ?",20200317T183000Z,2020-03-18
CVX,gdelt,"Exxon and Chevron are dividend aristocrat , but for how long ?",20200317T183000Z,2020-03-18
DVN,gdelt,"Energy Stock Earnings Slated for Feb 18 CXO , FANG DVN",20200217T191500Z,2020-02-18
COP,gdelt,Better Buy ConocoPhillips vs . EOG Resources,20200226T131500Z,2020-02-26
EOG,gdelt,Better Buy ConocoPhillips vs . EOG Resources,20200226T131500Z,2020-02-26
HAL,gdelt,U . S . shale executive warns global oil glut will not soon clear Hellenic Shipping News Worldwide,20200326T014500Z,2020-03-26
HAL,gdelt,US Shale Executive Warns Global Oil Glut Will Not Clear Soon,20200325T123000Z,2020-03-25
COP,gdelt,ConocoPhillips Slashes 2020 Capex as Oil Price Remains Soft,20200319T181500Z,2020-03-20
HAL,gdelt,"Halliburton Furloughs 3 , 500 Workers at Texas Headquarters",20200318T201500Z,2020-03-19
HAL,gdelt,Few U . S . shale firms can withstand prolonged oil price war,20200316T134500Z,2020-03-16
HAL,gdelt,America Oil Boom Feels More Like Bust in the Shale Patch,20200213T133000Z,2020-02-13
HAL,gdelt,America oil boom feels more like bust in the shale patch,20200213T143000Z,2020-02-13
HAL,gdelt,America oil boom feels more like bust in the shale patch - San Antonio Express - News,20200213T143000Z,2020-02-13
CVX,gdelt,"Hess , ConocoPhillips , and Chevron Stocks Are So Cheap , Theyre Worth Buying",20200320T184500Z,2020-03-21
COP,gdelt,"Hess , ConocoPhillips , and Chevron Stocks Are So Cheap , Theyre Worth Buying",20200320T184500Z,2020-03-21
COP,gdelt,North American oil companies slash spending to cope with bbl crude,20200310T184500Z,2020-03-11
COP,gdelt,North American oil companies ready more cuts to cope with bbl oil,20200310T183000Z,2020-03-11
COP,gdelt,WRAPUP 3 - N . American oil companies ready more cuts to cope with bbl oil,20200310T181500Z,2020-03-11
XOM,gdelt,"Why Chevron , Exxon , and ConocoPhillips All Fell by Double Digits in February",20200305T140000Z,2020-03-05
CVX,gdelt,"Why Chevron , Exxon , and ConocoPhillips All Fell by Double Digits in February",20200305T140000Z,2020-03-05
COP,gdelt,"Why Chevron , Exxon , and ConocoPhillips All Fell by Double Digits in February",20200305T140000Z,2020-03-05
COP,gdelt,N . American oil companies slash spending to cope with bbl crude,20200310T200000Z,2020-03-11
CVX,gdelt,Chevron offering American workers buyouts to trim staffing,20200302T220000Z,2020-03-03
XOM,gdelt,"BUZZ - U . S . STOCKS ON THE MOVE - Harmony Gold , CVS Health , Royal Caribbean Cruises , Morgan Stanley , Exxon Mobil",20200224T160000Z,2020-02-25
HAL,gdelt,America oil boom feels more like bust in the shale patch - Midland Reporter - Telegram,20200213T150000Z,2020-02-13
CVX,gdelt,Chevron offering U . S . workers buyouts to trim staffing sources,20200302T200000Z,2020-03-03
COP,gdelt,How to cope with oil producers ready more cuts,20200310T154500Z,2020-03-10
HAL,gdelt,Few U . S . Shale Firms Can Withstand Prolonged Oil Price War,20200316T064500Z,2020-03-16
HAL,gdelt,ANALYSIS - Few U . S . shale firms can withstand prolonged oil price war,20200316T130000Z,2020-03-16
HAL,gdelt,Few U . S . shale firms can withstand prolonged oil price war,20200317T010000Z,2020-03-17
HAL,gdelt,Few U . S . shale firms can withstand prolonged oil price war One America News Network,20200316T094500Z,2020-03-16
CVX,gdelt,Chevron offering U . S . workers buyouts to trim staffing - sources,20200302T193000Z,2020-03-03
HAL,gdelt,Few U . S . shale firms can withstand prolonged oil price war News NewsTalk 610 AM 103 . 9 FM KDAL,20200316T054500Z,2020-03-16
CVX,gdelt,Chevron offering US workers buyouts to trim staffing sources,20200302T200000Z,2020-03-03
CVX,gdelt,U . S . grants Chevron another three months for Venezuela operations,20200118T174500Z,2020-01-19
XOM,gdelt,"Exxon , Chevron earnings bring worries about oil prices to the forefront",20200127T200000Z,2020-01-28
CVX,gdelt,"Exxon , Chevron earnings bring worries about oil prices to the forefront",20200127T200000Z,2020-01-28
CVX,gdelt,U . S . grants Chevron another three months for Venezuela operations,20200120T033000Z,2020-01-20
COP,gdelt,How to cope with oil - producers ready more cuts,20200310T160000Z,2020-03-11
HAL,gdelt,America oil boom feels more like bust in the shale patch,20200213T210000Z,2020-02-14
CVX,gdelt,UPDATE 1 - U . S . grants Chevron another three months for Venezuela operations,20200118T163000Z,2020-01-19
XOM,gdelt,"BUZZ - U . S . STOCKS ON THE MOVE - Kroger , Royal Caribbean Cruises , Co - Diagnostics , Exxon Mobil",20200305T193000Z,2020-03-06
CVX,gdelt,UPDATE 2 - U . S . grants Chevron another three months for Venezuela operations,20200118T180000Z,2020-01-19
COP,gdelt,Former Anadarko Petroleum CEO Al Walker Joins ConocoPhillips Board,20200306T184500Z,2020-03-07
XOM,gdelt,Exxon Mobil and Other Energy Stocks Getting Hammered by Coronavirus Spread NYSE XOM,20200224T220000Z,2020-02-25
COP,gdelt,Drilling Down ConocoPhillips ready for major round of drilling in Eagle Ford Shale,20200203T063000Z,2020-02-03
HAL,gdelt,Drilling Down ConocoPhillips ready for major round of drilling in Eagle Ford Shale,20200203T063000Z,2020-02-03
COP,gdelt,Drilling Down ConocoPhillips ready for major round of drilling in Eagle Ford Shale,20200204T014500Z,2020-02-04
HAL,gdelt,Drilling Down ConocoPhillips ready for major round of drilling in Eagle Ford Shale,20200204T014500Z,2020-02-04
HAL,gdelt,"Few US Shale Producers Can Withstand Prolonged Oil Price War , Analysts Say",20200316T183000Z,2020-03-17
HAL,gdelt,U . S . shale industry braces for pain as budget cuts run deeper,20200325T094500Z,2020-03-25
XOM,gdelt,Drilling Down Exxon Mobil aims to keep dominant status in Texas shale,20200127T103000Z,2020-01-27
HAL,gdelt,Drilling Down Exxon Mobil aims to keep dominant status in Texas shale,20200127T103000Z,2020-01-27
HAL,gdelt,Halliburton takes . 2 - billion charge on slumping shale activity,20200121T144500Z,2020-01-21
HAL,gdelt,Halliburton takes . 2 billion charge on shale slump,20200121T163000Z,2020-01-22
HAL,gdelt,Halliburton takes . 2bn charge on shale slump - Newspaper,20200122T040000Z,2020-01-22
CVX,gdelt,U . S . extends license for Chevron operations in Venezuela,20200118T143000Z,2020-01-18
XOM,gdelt,Exxon taps brakes on Permian Basin after virus hammers oil,20200305T154500Z,2020-03-05
XOM,gdelt,Exxon taps brakes on Permian Basin after virus hammers oil,20200305T184500Z,2020-03-06
XOM,gdelt,Drilling Down Exxon Mobil aims to keep dominant status in Texas shale,20200127T181500Z,2020-01-28
HAL,gdelt,Drilling Down Exxon Mobil aims to keep dominant status in Texas shale,20200127T181500Z,2020-01-28
HAL,gdelt,Halliburton takes . 2 billion charge on shale slump,20200121T144500Z,2020-01-21
CVX,gdelt,U . S . extends license for Chevron operations in Venezuela,20200118T160000Z,2020-01-19
HAL,gdelt,Halliburton takes US . 2 billion charge on shale slump,20200121T143000Z,2020-01-21
CVX,gdelt,Chevron Reportedly Offering US Workers Buyouts To Trim Staffing,20200302T214500Z,2020-03-03
HAL,gdelt,Halliburton takes . 2 billion charge on shale slump - Netscape Money Business,20200121T143000Z,2020-01-21
HAL,gdelt,Halliburton takes . 2 billion charge on shale slump Reuters Business,20200122T030000Z,2020-01-22
SLB,gdelt,Schlumberger to Pare U . S . Operations -- WSJ,20200118T101500Z,2020-01-18
OXY,gdelt,Warren Buffett Could Save Occidental Petroleum . But Would He ?,20200311T174500Z,2020-03-12
HAL,gdelt,Halliburton Facing An Uncertain Future In North America,20200123T201500Z,2020-01-24
CVX,gdelt,"ConocoPhillips NYSE COP , Chevron Corporation NYSE CVX - Oil Volatility Has Driven Demand In The Only 3X US Oil Exchange Traded Products",20200526T200000Z,2020-05-27
COP,gdelt,"ConocoPhillips NYSE COP , Chevron Corporation NYSE CVX - Oil Volatility Has Driven Demand In The Only 3X US Oil Exchange Traded Products",20200526T200000Z,2020-05-27
CVX,gdelt,Chevron Effectively Barred From Producing Oil in Venezu ...,20200422T060000Z,2020-04-22
HAL,gdelt,Halliburton Shuts Venezuela Work as Trump Steps Up Pressure,20200424T163000Z,2020-04-25
CVX,gdelt,Chevron barred from producing oil in Venezuela,20200422T194500Z,2020-04-23
CVX,gdelt,Chevron Effectively Barred From Producing Oil in Venezuela,20200422T060000Z,2020-04-22
CVX,gdelt,Chevron effectively barred from producing oil in Venezuela,20200422T213000Z,2020-04-23
HAL,gdelt,"ATTENTION WELLS FARGO CUSTOMERS WITH OIL GAS INVESTMENTS RECOMMENDED BY THEIR FINANCIAL ADVISOR - KlaymanToskes Commences Investigation on Behalf of Investors Who Sustained Losses in Excess of , 000",20200424T170000Z,2020-04-25
HAL,gdelt,"ATTENTION MORGAN STANLEY CUSTOMERS WITH OIL GAS INVESTMENTS RECOMMENDED BY THEIR FINANCIAL ADVISOR - KlaymanToskes Commences Investigation on Behalf of Investors Who Sustained Losses in Excess of , 000",20200424T170000Z,2020-04-25
HAL,gdelt,"ATTENTION MERRILL LYNCH CUSTOMERS WITH OIL GAS INVESTMENTS RECOMMENDED BY THEIR FINANCIAL ADVISOR - KlaymanToskes Commences Investigation on Behalf of Investors Who Sustained Losses in Excess of , 000",20200424T170000Z,2020-04-25
HAL,gdelt,"ATTENTION UBS CUSTOMERS WITH OIL GAS INVESTMENTS RECOMMENDED BY THEIR FINANCIAL ADVISOR - KlaymanToskes Commences Investigation on Behalf of Investors Who Sustained Losses in Excess of , 000",20200424T170000Z,2020-04-25
XOM,gdelt,"Exxon Mobil Corporation NYSE XOM , Plug Power , Inc . NASDAQ PLUG - Cramer Gives His Opinion On Exxon , Polaris And More",20200410T131500Z,2020-04-10
CVX,gdelt,Chevron Effectively Barred From Producing Oil In Venezuela,20200421T234500Z,2020-04-22
SLB,gdelt,Houston Schlumberger location furloughs employees and cuts executive salaries,20200409T091500Z,2020-04-09
CVX,gdelt,Chevron Banned From Producing Oil in Venezuela,20200422T173000Z,2020-04-23
XOM,gdelt,"Chevron , Exxon Mobil stocks decline to pace the Dow losers as oil prices sell off",20200522T141500Z,2020-05-22
CVX,gdelt,"Chevron , Exxon Mobil stocks decline to pace the Dow losers as oil prices sell off",20200522T141500Z,2020-05-22
HAL,gdelt,Goldman Sachs Has Its Top Oil Stocks to Buy Ahead of a Second - Half Recovery,20200502T130000Z,2020-05-02
CVX,gdelt,U . S . halts Chevron in Venezuela with end to sanctions waivers,20200422T153000Z,2020-04-22
HAL,gdelt,U . S . halts Chevron in Venezuela with end to sanctions waivers,20200422T153000Z,2020-04-22
XOM,gdelt,"Sell Exxon Stock Ahead of Earnings , Buy Chevron ConocoPhillips , Says Goldman",20200701T144500Z,2020-07-01
CVX,gdelt,"Sell Exxon Stock Ahead of Earnings , Buy Chevron ConocoPhillips , Says Goldman",20200701T144500Z,2020-07-01
COP,gdelt,"Sell Exxon Stock Ahead of Earnings , Buy Chevron ConocoPhillips , Says Goldman",20200701T144500Z,2020-07-01
XOM,gdelt,"Sell Exxon Stock Ahead of Earnings , Buy Chevron ConocoPhillips , Says Goldman",20200701T161500Z,2020-07-02
CVX,gdelt,"Sell Exxon Stock Ahead of Earnings , Buy Chevron ConocoPhillips , Says Goldman",20200701T161500Z,2020-07-02
COP,gdelt,"Sell Exxon Stock Ahead of Earnings , Buy Chevron ConocoPhillips , Says Goldman",20200701T161500Z,2020-07-02
HAL,gdelt,Halliburton HAL Halts Most Work in Venezuela Over Sanction,20200429T031500Z,2020-04-29
HAL,gdelt,"Oil Gas Stock Roundup Halliburton Lowers Dividend , National Oilwell Stops Paying",20200527T124500Z,2020-05-27
CVX,gdelt,Halliburton follows Chevron in halting Venezuelan operations,20200427T021500Z,2020-04-27
HAL,gdelt,Halliburton follows Chevron in halting Venezuelan operations,20200427T021500Z,2020-04-27
XOM,gdelt,Is It Time to Buy Exxon Mobil Stock Yet ?,20200407T184500Z,2020-04-08
HAL,gdelt,Shale Cutbacks to Fall on Weakest Drillers as Glut Drowns Market,20200408T153000Z,2020-04-08
XOM,gdelt,"If You Want Oil , XOM Stock Is One of the Better Bets",20200407T130000Z,2020-04-07
HAL,gdelt,Shale Cuts to Fall on Smaller Drillers as Glut Crushes Market,20200408T173000Z,2020-04-09
COP,gdelt,"ConocoPhillips cuts production as it posts loss , falling revenues",20200430T154500Z,2020-04-30
COP,gdelt,"ConocoPhillips cuts production as it posts loss , falling revenues",20200430T160000Z,2020-05-01
CVX,gdelt,Chevron 7 Dividend Yield With A Potential 20 Upside,20200402T184500Z,2020-04-03
XOM,gdelt,Exxon Mobil opposes Texas production cuts letter,20200409T001500Z,2020-04-09
HAL,gdelt,"Shale Oil Market 2020 by Technology , Opportunity Analysis and Industry Forecasts 2024",20200413T044500Z,2020-04-13
COP,gdelt,"ConocoPhillips cuts U . S . oil output by 30 , largest so far",20200417T083000Z,2020-04-17
CVX,gdelt,"Chevron Corporation NYSE CVX , Occidental Petroleum Corporation NYSE OXY - PreMarket Prep Stock Of The Day Chevron Corporation",20200420T210000Z,2020-04-21
OXY,gdelt,"Chevron Corporation NYSE CVX , Occidental Petroleum Corporation NYSE OXY - PreMarket Prep Stock Of The Day Chevron Corporation",20200420T210000Z,2020-04-21
CVX,gdelt,Halliburton follows Chevron in halting Venezuelan operations,20200424T173000Z,2020-04-25
HAL,gdelt,Halliburton follows Chevron in halting Venezuelan operations,20200424T173000Z,2020-04-25
HAL,gdelt,Halliburton Will Shut Down Its Primary Operation in Venezuela,20200426T010000Z,2020-04-26
XOM,gdelt,"Why Oil Producers Chevron , Exxon , and Occidental Rocketed Higher in April",20200505T200000Z,2020-05-06
CVX,gdelt,"Why Oil Producers Chevron , Exxon , and Occidental Rocketed Higher in April",20200505T200000Z,2020-05-06
OXY,gdelt,"Why Oil Producers Chevron , Exxon , and Occidental Rocketed Higher in April",20200505T200000Z,2020-05-06
HAL,gdelt,Demand decline hits hardest among smaller U . S . shale drillers,20200409T160000Z,2020-04-10
COP,gdelt,"CORRECTED - UPDATE 4 - ConocoPhillips cuts U . S . oil output by 30 , largest so far",20200416T220000Z,2020-04-17
CVX,gdelt,"Chevron Corporation NYSE CVX , Halliburton Company NYSE HAL - Should The Oil Industry Get Bailed Out ?",20200427T210000Z,2020-04-28
HAL,gdelt,"Chevron Corporation NYSE CVX , Halliburton Company NYSE HAL - Should The Oil Industry Get Bailed Out ?",20200427T210000Z,2020-04-28
CVX,gdelt,Chevron to cut up to 15 of staff amid restructuring,20200528T064500Z,2020-05-28
HAL,gdelt,Shale cutbacks to fall on weakest drillers as glut drowns market,20200408T224500Z,2020-04-09
XOM,gdelt,"D . C . sues Exxon , BP , Shell , Chevron over climate",20200626T064500Z,2020-06-26
CVX,gdelt,"D . C . sues Exxon , BP , Shell , Chevron over climate",20200626T064500Z,2020-06-26
COP,gdelt,"Deep Production Cuts , Oil Industry Turmoil To Shave Off 45 From ConocoPhillip 2020 Revenues",20200504T113000Z,2020-05-04
CVX,gdelt,Exclusive Chevron to cut up to 15 of staff amid restructuring,20200528T051500Z,2020-05-28
XOM,gdelt,"Forget Schlumberger , ExxonMobil Is a Better Dividend Stock",20200418T180000Z,2020-04-19
SLB,gdelt,"Forget Schlumberger , ExxonMobil Is a Better Dividend Stock",20200418T180000Z,2020-04-19
HAL,gdelt,"U . S . Oil Gas Infrastructure Market Opportunities , Current Trends , Market Challenges and Industry Analysis By 2024",20200422T144500Z,2020-04-22
XOM,gdelt,"Qatar to Invite Exxon , Chevron , Conoco for gas JV talks NYSE XOM",20200522T004500Z,2020-05-22
CVX,gdelt,"Qatar to Invite Exxon , Chevron , Conoco for gas JV talks NYSE XOM",20200522T004500Z,2020-05-22
COP,gdelt,"Qatar to Invite Exxon , Chevron , Conoco for gas JV talks NYSE XOM",20200522T004500Z,2020-05-22
EOG,gdelt,"Oil Prices Jump On China Data , EOG Earnings Ahead Investor Business Daily",20200507T193000Z,2020-05-08
CVX,gdelt,Trump orders Chevron to halt oil production in Venezuela,20200422T173000Z,2020-04-23
HAL,gdelt,Trump orders Chevron to halt oil production in Venezuela,20200422T173000Z,2020-04-23
CVX,gdelt,Trump tells Chevron to,20200422T023000Z,2020-04-22
XOM,gdelt,"Exxon Mobil Resists Write - Downs as Oil , Gas Prices Plummet",20200630T131500Z,2020-06-30
CVX,gdelt,Trump tells Chevron to wind down oil fields in Venezuela,20200422T054500Z,2020-04-22
XOM,gdelt,"GOLDMAN SACHS 10 oil stocks investors should buy , avoid Exxon",20200831T183000Z,2020-09-01
XOM,gdelt,"Salaries for workers at BP , Exxon , Shell , Chevron , other oil giants",20200805T154500Z,2020-08-05
CVX,gdelt,"Salaries for workers at BP , Exxon , Shell , Chevron , other oil giants",20200805T154500Z,2020-08-05
XOM,gdelt,"Big Oil salaries revealed How much BP , Exxon , and 5 other oil giants pay their workers , from engineers to geoscientists",20200806T070000Z,2020-08-06
CVX,gdelt,"UPDATE 1 - Chevron bln deal for Noble ends deal drought , sets price benchmark - Agricultural Commodities",20200721T181500Z,2020-07-22
CVX,gdelt,Chevron Billion Deal for Noble Ends Deal Drought,20200721T224500Z,2020-07-22
SLB,gdelt,"Carbon Capture And Storage Ccs Market Future Prospects 2026 Sasol , Fluor , Halliburton , Aker Clean Carbon , Schlumberger , Total Gameatu",20200731T181500Z,2020-08-01
HAL,gdelt,"Carbon Capture And Storage Ccs Market Future Prospects 2026 Sasol , Fluor , Halliburton , Aker Clean Carbon , Schlumberger , Total Gameatu",20200731T181500Z,2020-08-01
XOM,gdelt,"Exxon Stock , Chevron Fall As Stalling Oil Recovery Forces Tough Choices",20200730T193000Z,2020-07-31
CVX,gdelt,"Exxon Stock , Chevron Fall As Stalling Oil Recovery Forces Tough Choices",20200730T193000Z,2020-07-31
CVX,gdelt,"Chevron billion deal for Noble ends deal drought , sets price benchmark",20200721T214500Z,2020-07-22
XOM,gdelt,"ConocoPhillips NYSE COP , Chevron Corporation NYSE CVX - SunTrust Likes Chevron , ConocoPhillips , Neutral On Exxon",20200725T153000Z,2020-07-25
CVX,gdelt,"ConocoPhillips NYSE COP , Chevron Corporation NYSE CVX - SunTrust Likes Chevron , ConocoPhillips , Neutral On Exxon",20200725T153000Z,2020-07-25
COP,gdelt,"ConocoPhillips NYSE COP , Chevron Corporation NYSE CVX - SunTrust Likes Chevron , ConocoPhillips , Neutral On Exxon",20200725T153000Z,2020-07-25
DVN,gdelt,"Stocks making the biggest moves midday IBM , Coca - Cola , Wells Fargo , Devon Energy and more",20200721T164500Z,2020-07-22
XOM,gdelt,Insiders and leaked audio reveal new details of job cuts at Exxon,20200731T154500Z,2020-07-31
HAL,gdelt,"Global Shale Oil Market Challenges and Risk Factors by 2029Continental Resources , Concho Resources , Hess corporation",20200914T124500Z,2020-09-14
CVX,gdelt,"Chevron bln deal for Noble ends deal drought , sets price benchmark - Agricultural Commodities",20200721T150000Z,2020-07-21
CVX,gdelt,Chevron - billion deal for Noble ends oil industry deal drought,20200721T123000Z,2020-07-21
CVX,gdelt,"Chevron billion deal for Noble ends deal drought , sets price benchmark Reuters Business",20200721T130000Z,2020-07-21
CVX,gdelt,"Chevron billion deal for Noble ends deal drought , sets price benchmark",20200721T120000Z,2020-07-21
XOM,gdelt,Goldman Sachs 10 Reasons To Sell ExxonMobil Now,20200831T174500Z,2020-09-01
SLB,gdelt,Schlumberger sheds US shale,20200904T183000Z,2020-09-05
HAL,gdelt,Schlumberger sheds US shale,20200904T183000Z,2020-09-05
XOM,gdelt,Exxon Departure From Dow Highlights Market Retreat From Energy Bets,20200825T230000Z,2020-08-26
MPC,gdelt,Top U . S . oil refiner Marathon Petroleum to lay off 12 of workforce,20200930T230000Z,2020-10-01
MPC,gdelt,Top US oil refiner Marathon Petroleum to lay off 12per cent of workforce,20200930T213000Z,2020-10-01
XOM,gdelt,Here Why Big Oil Stocks Such As Chevron And Exxon Are Still Risky,20200708T114500Z,2020-07-08
CVX,gdelt,Here Why Big Oil Stocks Such As Chevron And Exxon Are Still Risky,20200708T114500Z,2020-07-08
CVX,gdelt,Stock Markets Get an Energy Boost on Crude Oil Gains Chevron - Noble Merger Points to More Deals Ahead,20200721T173000Z,2020-07-22
CVX,gdelt,"Stirring in the oil patch , Chevron buys Noble for billion",20200721T004500Z,2020-07-21
CVX,gdelt,"Stirring in the oil patch , Chevron buys Noble for billion",20200720T140000Z,2020-07-20
CVX,gdelt,"Stirring in the oil patch , Chevron buys Noble for US billion",20200720T140000Z,2020-07-20
XOM,gdelt,ExxonMobil And Chevron Post Record Losses In Oil Price Rout,20200731T163000Z,2020-08-01
CVX,gdelt,ExxonMobil And Chevron Post Record Losses In Oil Price Rout,20200731T163000Z,2020-08-01
CVX,gdelt,"Stirring in the oil patch , Chevron buys Noble for billion - Business News",20200720T153000Z,2020-07-20
CVX,gdelt,"Stirring in the oil patch , Chevron buys Noble for billion - Business News",20200720T181500Z,2020-07-21
HAL,gdelt,"Technavio Research Insights on the Global Asphalt Market 2020 - 2024 COVID - 19 Analysis , Drivers , Restraints , Opportunities and Threats",20200813T180000Z,2020-08-14
SLB,gdelt,"Schlumberger Cuts 21 , 000 Jobs Amid Historic Oil Downturn Update",20200724T144500Z,2020-07-24
CVX,gdelt,Chevron buys Noble Energy for billion in big energy sector deal,20200720T173000Z,2020-07-21
CVX,gdelt,Chevron buys Noble for US billion,20200720T170000Z,2020-07-21
CVX,gdelt,Chevron swoop on Noble Energy is first deal of the downturn,20200720T180000Z,2020-07-21
CVX,gdelt,Chevron Buys Noble for Billion,20200720T174500Z,2020-07-21
XOM,gdelt,"A billion asset manager dumps Exxon Mobile , Chevron over climate policy",20200824T081500Z,2020-08-24
CVX,gdelt,"A billion asset manager dumps Exxon Mobile , Chevron over climate policy",20200824T081500Z,2020-08-24
CVX,gdelt,"Stirring in the oilpatch , Chevron buys Noble Energy for",20200720T171500Z,2020-07-21
XOM,gdelt,"A asset manager dumps Exxon , Chevron on climate",20200824T100000Z,2020-08-24
CVX,gdelt,"A asset manager dumps Exxon , Chevron on climate",20200824T100000Z,2020-08-24
CVX,gdelt,Chevron to acquire Noble Energy for billion,20200721T140000Z,2020-07-21
HAL,gdelt,"U . S . shale producers , slammed by oil price crash , seen posting worst quarter since 2016",20200728T184500Z,2020-07-29
XOM,gdelt,"A Billion Asset Manager Dumps Exxon , Chevron on Climate",20200824T071500Z,2020-08-24
CVX,gdelt,"A Billion Asset Manager Dumps Exxon , Chevron on Climate",20200824T071500Z,2020-08-24
CVX,gdelt,Chevron to Buy Noble Energy in First Big Energy Deal of the Pandemic Era,20200720T144500Z,2020-07-20
SLB,gdelt,Schlumberger Asset Sale Could be the Start of Oilfield Services Rationalization,20200903T080000Z,2020-09-03
XOM,gdelt,"A Billion Asset Manager Dumps Exxon , Chevron on Climate",20200827T064500Z,2020-08-27
CVX,gdelt,"A Billion Asset Manager Dumps Exxon , Chevron on Climate",20200827T064500Z,2020-08-27
XOM,gdelt,Exxon vs Chevron Which Is The Smartest Buy ?,20200708T214500Z,2020-07-09
CVX,gdelt,Exxon vs Chevron Which Is The Smartest Buy ?,20200708T214500Z,2020-07-09
COP,gdelt,"Forget Occidental Petroleum , ConocoPhillips Is a Better Oil Producer Stock to Buy Right Now",20200705T213000Z,2020-07-06
OXY,gdelt,"Forget Occidental Petroleum , ConocoPhillips Is a Better Oil Producer Stock to Buy Right Now",20200705T213000Z,2020-07-06
CVX,gdelt,Chevron Posts Its Worst Loss in Decades With More Pain to Come,20200731T120000Z,2020-07-31
HAL,gdelt,Drilling Down French oil major Total has big plans in Barnett Shale,20200807T141500Z,2020-08-07
SLB,gdelt,"Schlumberger Stock Has Tumbled , but Director Mark Papa Just Scooped Up Shares",20200807T120000Z,2020-08-07
DVN,gdelt,Devon to Buy WPX After Permian Investors Push for More M A,20200929T131500Z,2020-09-29
COP,gdelt,"ConocoPhillips posts worse loss than feared on oil price plunge , shares fall",20200730T143000Z,2020-07-30
HAL,gdelt,Halliburton launches new tech lab to speed development of clean energy,20200730T144500Z,2020-07-30
HAL,gdelt,Halliburton launches new tech lab to speed development of clean energy,20200730T191500Z,2020-07-31
XOM,gdelt,Exxon to buy renewable diesel from Global Clean Energy for five years,20200811T164500Z,2020-08-12
CVX,gdelt,Are energy stocks back in play after MKM recommends Chevron ?,20200924T220000Z,2020-09-25
COP,gdelt,ConocoPhillips to reverse most output cuts by end of third quarter,20200730T203000Z,2020-07-31
SLB,gdelt,Schlumberger Marcellus Drilling News,20200902T191500Z,2020-09-03
CVX,gdelt,Chevron buys Noble for billion New Orleans CityBusiness,20200720T183000Z,2020-07-21
CVX,gdelt,"Stirring in oil patch , Chevron buys Noble for billion - News - The Daily Herald",20200720T224500Z,2020-07-21
CVX,gdelt,Chevron Posts Worst Loss in Decades With More Pain to Come,20200731T120000Z,2020-07-31
XOM,gdelt,Exxon May Finally Book Major Writedowns,20200703T170000Z,2020-07-04
XOM,gdelt,Exxon boss drills deeper into strategic hole,20200731T151500Z,2020-07-31
COP,gdelt,"NRGU , ConocoPhillips NYSE COP - Oil Volatility Continues To Drive Demand In 3X US Oil Exchange Traded Products",20201210T210000Z,2020-12-11
CVX,gdelt,"Apache Corporation NYSE APA , Chevron Corporation NYSE CVX - Halftime Report Traders Weigh In On Energy Stocks",20201221T224500Z,2020-12-22
HAL,gdelt,"Apache Corporation NYSE APA , Chevron Corporation NYSE CVX - Halftime Report Traders Weigh In On Energy Stocks",20201221T224500Z,2020-12-22
PXD,gdelt,Shale oil M A accelerates with Pioneer strike to buy out Parsley,20201021T131500Z,2020-10-21
HAL,gdelt,Shale oil M A accelerates with Pioneer strike to buy out Parsley,20201021T131500Z,2020-10-21
PXD,gdelt,Pioneer Natural Resources to acquire Parsley Energy in . 5 billion all - stock deal,20201021T130000Z,2020-10-21
PXD,gdelt,"U . S . shale mergers accelerate , as Pioneer - Parsley deal joins roster",20201021T110000Z,2020-10-21
HAL,gdelt,"U . S . shale mergers accelerate , as Pioneer - Parsley deal joins roster",20201021T110000Z,2020-10-21
PXD,gdelt,Pioneer Natural Buys Parsley Energy for . 5 Billion,20201021T150000Z,2020-10-21
XOM,gdelt,Is Exxon Dividend Too High To Justify ?,20201201T134500Z,2020-12-01
PXD,gdelt,Shale oil M A accelerates with Pioneer move to buy Parsley,20201021T161500Z,2020-10-22
HAL,gdelt,Shale oil M A accelerates with Pioneer move to buy Parsley,20201021T161500Z,2020-10-22
PXD,gdelt,Pioneer Natural to buy shale rival Parsley for . 5 billion in all - stock deal,20201021T023000Z,2020-10-21
HAL,gdelt,Pioneer Natural to buy shale rival Parsley for . 5 billion in all - stock deal,20201021T023000Z,2020-10-21
PXD,gdelt,Pioneer Natural Resources to acquire Parsley Energy in . 5 billion all - stock deal,20201021T163000Z,2020-10-22
HAL,gdelt,U . S . shale mergers reshuffle the oil production landscape,20201021T150000Z,2020-10-21
COP,gdelt,"After Conoco Huge Purchase , Are 2 Top Permian Stocks Also Takeover Targets ?",20201021T131500Z,2020-10-21
HAL,gdelt,Shale firms ramping up natural gas output despite shaky market,20201130T174500Z,2020-12-01
COP,gdelt,What a deal for rival Concho could mean for ConocoPhillips,20201015T164500Z,2020-10-16
COP,gdelt,"ConocoPhillips NYSE COP , Concho Resources Inc . NYSE CXO - Concho Resources Rallies On Report Of M A Interest From ConocoPhillips",20201014T153000Z,2020-10-14
COP,gdelt,ConocoPhillips plans to lay off 500 Houston workers after Concho acquisition,20201202T143000Z,2020-12-02
COP,gdelt,"On the road to a deal , Conoco and Oxy ended up in different places",20201030T120000Z,2020-10-30
OXY,gdelt,"On the road to a deal , Conoco and Oxy ended up in different places",20201030T120000Z,2020-10-30
OXY,gdelt,"Occidental Petroleum Corporation NYSE OXY , Canadian Natural Resources Limited NYSE CNQ - UBS Downgrades Occidental Petroleum , Recommends 3 Other Oil Stocks",20201201T211500Z,2020-12-02
CVX,gdelt,"Cracker Barrel Old Country Store , Inc . NASDAQ CBRL , Chevron Corporation NYSE CVX - Cramer Gives His Opinion On Wingstop , Cracker Barrel And More",20201013T160000Z,2020-10-14
HAL,gdelt,"Despite downturn , US shale operators finding new growth opportunities , says GlobalData",20201125T120000Z,2020-11-25
HAL,gdelt,The US shale industry top priority win back Wall Street - Houston Business Journal,20201027T123000Z,2020-10-27
COP,gdelt,Conoco in Talks to Buy Concho,20201014T101500Z,2020-10-14
COP,gdelt,Conoco Closing in on Concho in Year Biggest Oil Deal,20201017T153000Z,2020-10-17
COP,gdelt,Conoco said to be in talks to buy Concho Resources in big shale bet,20201014T123000Z,2020-10-14
HAL,gdelt,Conoco said to be in talks to buy Concho Resources in big shale bet,20201014T123000Z,2020-10-14
COP,gdelt,ConocoPhillips in talks to buy Concho Resources in big shale bet,20201014T131500Z,2020-10-14
HAL,gdelt,ConocoPhillips in talks to buy Concho Resources in big shale bet,20201014T131500Z,2020-10-14
COP,gdelt,ConocoPhillips in talks to buy Concho Resources in big shale bet,20201014T164500Z,2020-10-15
HAL,gdelt,ConocoPhillips in talks to buy Concho Resources in big shale bet,20201014T164500Z,2020-10-15
XOM,gdelt,Exxon Just Took a Record Writedown Could These Oil Stocks Be Next ?,20201205T150000Z,2020-12-05
OXY,gdelt,Occidental Petroleum stock falls as UBS analyst turns bearish after record monthly gain,20201201T210000Z,2020-12-02
COP,gdelt,What a deal for rival Concho could mean for ConocoPhillips,20201015T130000Z,2020-10-15
COP,gdelt,What a deal for Concho could mean for ConocoPhillips,20201015T093000Z,2020-10-15
XOM,gdelt,"Outlook on the Shale Oil Global Market to 2025 - Featuring Exxon Mobil , Chevron and Royal Dutch Shell Among Others - ResearchAndMarkets . com",20201109T150000Z,2020-11-09
CVX,gdelt,"Outlook on the Shale Oil Global Market to 2025 - Featuring Exxon Mobil , Chevron and Royal Dutch Shell Among Others - ResearchAndMarkets . com",20201109T150000Z,2020-11-09
HAL,gdelt,"Outlook on the Shale Oil Global Market to 2025 - Featuring Exxon Mobil , Chevron and Royal Dutch Shell Among Others - ResearchAndMarkets . com",20201109T150000Z,2020-11-09
HAL,gdelt,Cut - price deals show shale rapid decline from debt - fueled boom - Midland Reporter - Telegram,20201024T084500Z,2020-10-24
HAL,gdelt,OPINION Slim pickings for future shale M A deals with leading players off the menu,20201022T140000Z,2020-10-22
COP,gdelt,ConocoPhillips in acquisition talks with shale rival Concho Resources,20201014T160000Z,2020-10-15
HAL,gdelt,ConocoPhillips in acquisition talks with shale rival Concho Resources,20201014T160000Z,2020-10-15
XOM,gdelt,The Case for an Exxon - Chevron Merger - MarketWatch,20201013T153000Z,2020-10-13
CVX,gdelt,The Case for an Exxon - Chevron Merger - MarketWatch,20201013T153000Z,2020-10-13
XOM,gdelt,"Exxon and Chevron Should Merge , Analyst Argues",20201012T160000Z,2020-10-13
CVX,gdelt,"Exxon and Chevron Should Merge , Analyst Argues",20201012T160000Z,2020-10-13
COP,gdelt,ConocoPhillips in talks to buy Concho Resources,20201014T160000Z,2020-10-15
HAL,gdelt,"Global Oil Shale Market 2020 Industry Outlook , Key Players , Segmentation Analysis , Business Growth and Forecast to 2025",20201130T201500Z,2020-12-01
HAL,gdelt,Consolidation could be boost for shale sector,20201015T064500Z,2020-10-15
XOM,gdelt,"D . E . Shaw Is Said to Push Exxon Mobil to Cut Spending , Costs",20201209T214500Z,2020-12-10
COP,gdelt,ConocoPhillips in Talks to Buy Concho Resources in Big Shale Bet,20201014T164500Z,2020-10-15
HAL,gdelt,ConocoPhillips in Talks to Buy Concho Resources in Big Shale Bet,20201014T164500Z,2020-10-15
COP,gdelt,ConocoPhillips And Concho A Timely Acquisition But Shareholders Are Not Impressed NYSE COP,20201022T134500Z,2020-10-22
XOM,gdelt,XOM Facing Historic Writedown and More,20201205T063000Z,2020-12-05
XOM,gdelt,"Occidental , ExxonMobil , Noble Energy Your Daily Energy News",20201002T091500Z,2020-10-02
OXY,gdelt,"Occidental , ExxonMobil , Noble Energy Your Daily Energy News",20201002T091500Z,2020-10-02
COP,gdelt,ConocoPhillips in Talks to Buy Concho Resources in Big Shale Bet,20201014T113000Z,2020-10-14
HAL,gdelt,ConocoPhillips in Talks to Buy Concho Resources in Big Shale Bet,20201014T113000Z,2020-10-14
XOM,gdelt,"Why ExxonMobil , ConocoPhillips , and Phillips 66 All Jumped More Than 5 Today",20201123T213000Z,2020-11-24
COP,gdelt,"Why ExxonMobil , ConocoPhillips , and Phillips 66 All Jumped More Than 5 Today",20201123T213000Z,2020-11-24
HAL,gdelt,ChartWatch Big fish eating smaller fish in US shale oil as low prices linger,20201022T083000Z,2020-10-22
CVX,gdelt,New U . S . license gives Chevron until June 3 to wind down Venezuela operations,20201214T094500Z,2020-12-14
PXD,gdelt,Pioneer Natural Resources laying off 100 workers after Parsley acquisition,20201222T180000Z,2020-12-23
XOM,gdelt,Exxon Investors Agitate for Changes,20201210T191500Z,2020-12-11
CVX,gdelt,New U . S . license gives Chevron until June 3 to wind down Venezuela operations,20201118T174500Z,2020-11-19
CVX,gdelt,New U . S . license gives Chevron until June 3 to wind down Venezuela operations,20201206T093000Z,2020-12-06
PXD,gdelt,Pioneer Natural Resources to lay off 100 Midland workers after Parsley Energy acquisition,20201222T150000Z,2020-12-22
CVX,gdelt,Chevron Makes Investor Promise and More,20201212T144500Z,2020-12-12
XOM,gdelt,Wall Street Is Warming Up to Exxon Mobil Stock,20201216T183000Z,2020-12-17
XOM,gdelt,Exxon is in crisis . Angry shareholders are rebelling,20201215T211500Z,2020-12-16
XOM,gdelt,"Exxon Mobil Begins Defense of Itself , and a Big Oil Future , as Activists Circle",20201214T224500Z,2020-12-15
COP,gdelt,Rumored ConocoPhillips Deal For Concho Signals The Shale Consolidation Wave Is Fully Underway,20201018T143000Z,2020-10-18
HAL,gdelt,Rumored ConocoPhillips Deal For Concho Signals The Shale Consolidation Wave Is Fully Underway,20201018T143000Z,2020-10-18
XOM,gdelt,Investor calls on Exxon to cut spending,20201210T181500Z,2020-12-11
CVX,gdelt,New U . S . license gives Chevron until June 3 to wind down Venezuela operations,20201202T001500Z,2020-12-02
XOM,gdelt,Oil Giant Exxon Mobil Pushes New Climate Change Plan as Activist Investors Circle,20201215T044500Z,2020-12-15
CVX,gdelt,U . S . Treasury Department gives Chevron new license to wind down Venezuela activities by June 3,20201118T120000Z,2020-11-18
CVX,gdelt,Chevron laying off about 570 Noble Energy employees after acquisition,20201029T141500Z,2020-10-29
XOM,gdelt,"Exxon Mobil , under pressure on climate , aims to cut emissions intensity by 2025",20201214T211500Z,2020-12-15
COP,gdelt,ConocoPhillips About To Get Bigger And Stronger NYSE COP,20201127T234500Z,2020-11-28
CVX,gdelt,Noble Energy shareholders approve . 2 billion sale to Chevron,20201002T161500Z,2020-10-03
HAL,gdelt,US Shale Operators Looking for Signs of Optimism Despite Year of Bankruptcies Job Losses,20201127T103000Z,2020-11-27
XOM,gdelt,"Exxon Mobil takes record writedown on natural gas assets , dramatically cuts its long - term spending",20201130T233000Z,2020-12-01
XOM,gdelt,"The Dow Is Rising and Exxon Stock Climbs as Oil Gains . Vaccines , Stimulus Hold Sway .",20201215T144500Z,2020-12-15
XOM,gdelt,"The Dow Is Rising and Exxon Stock Climbs as Oil Gains . Vaccines , Stimulus Hold Sway .",20201215T171500Z,2020-12-16
COP,gdelt,Conoco agrees to . 7 billion Concho Resources purchase,20201019T121500Z,2020-10-19
XOM,gdelt,"Exxon Could Outperform Chevron in 2021 , Analyst Predicts",20201215T204500Z,2020-12-16
CVX,gdelt,"Exxon Could Outperform Chevron in 2021 , Analyst Predicts",20201215T204500Z,2020-12-16
SLB,gdelt,"Norway labour union agrees wage deal , averting strike at Schlumberger",20201207T020000Z,2020-12-07
COP,gdelt,"Shale Gas Market 2021 - 2025 Featuring BP PLC , China Petrochemical Corp ., and ConocoPhillips Among Others Technavio - Press Release",20201229T164500Z,2020-12-30
HAL,gdelt,"Shale Gas Market 2021 - 2025 Featuring BP PLC , China Petrochemical Corp ., and ConocoPhillips Among Others Technavio - Press Release",20201229T164500Z,2020-12-30
CVX,gdelt,The Dividend Looks Safe for CVX Stock Through 2021,20201216T123000Z,2020-12-16
SLB,gdelt,"Norway labour union agrees wage deal , averting strike at Schlumberger",20201203T033000Z,2020-12-03
XOM,gdelt,Chevron passes Exxon as largest U . S . oil company,20201012T174500Z,2020-10-13
CVX,gdelt,Chevron passes Exxon as largest U . S . oil company,20201012T174500Z,2020-10-13
CVX,gdelt,Noble Energy shareholders approve . 1 billion sale to Chevron,20201002T233000Z,2020-10-03
CVX,gdelt,"Chevron Corporation NYSE CVX , Occidental Petroleum Corporation NYSE OXY - Why BofA Projects Continued Recovery In Oil Prices",20201207T174500Z,2020-12-08
OXY,gdelt,"Chevron Corporation NYSE CVX , Occidental Petroleum Corporation NYSE OXY - Why BofA Projects Continued Recovery In Oil Prices",20201207T174500Z,2020-12-08
XOM,gdelt,"Shale as a Theme in Oil and Gas Market to Watch Spotlight on Exxon Mobil , Chevron , Schlumberger , Halliburton - Press Release",20210305T223000Z,2021-03-06
CVX,gdelt,"Shale as a Theme in Oil and Gas Market to Watch Spotlight on Exxon Mobil , Chevron , Schlumberger , Halliburton - Press Release",20210305T223000Z,2021-03-06
SLB,gdelt,"Shale as a Theme in Oil and Gas Market to Watch Spotlight on Exxon Mobil , Chevron , Schlumberger , Halliburton - Press Release",20210305T223000Z,2021-03-06
HAL,gdelt,"Shale as a Theme in Oil and Gas Market to Watch Spotlight on Exxon Mobil , Chevron , Schlumberger , Halliburton - Press Release",20210305T223000Z,2021-03-06
XOM,gdelt,"Exxon , Chevron take a slow walk on the path to US shale recovery",20210329T080000Z,2021-03-29
CVX,gdelt,"Exxon , Chevron take a slow walk on the path to US shale recovery",20210329T080000Z,2021-03-29
HAL,gdelt,"Exxon , Chevron take a slow walk on the path to US shale recovery",20210329T080000Z,2021-03-29
XOM,gdelt,"Exxon , Chevron take a slow walk on the path to U . S . shale recovery",20210329T083000Z,2021-03-29
CVX,gdelt,"Exxon , Chevron take a slow walk on the path to U . S . shale recovery",20210329T083000Z,2021-03-29
HAL,gdelt,"Exxon , Chevron take a slow walk on the path to U . S . shale recovery",20210329T083000Z,2021-03-29
XOM,gdelt,"Exxon , Chevron take a slow walk on the path to U . S . shale recovery",20210329T180000Z,2021-03-30
CVX,gdelt,"Exxon , Chevron take a slow walk on the path to U . S . shale recovery",20210329T180000Z,2021-03-30
HAL,gdelt,"Exxon , Chevron take a slow walk on the path to U . S . shale recovery",20210329T180000Z,2021-03-30
XOM,gdelt,"Exxon , Chevron take a slow walk on the path to U . S . shale recovery Hellenic Shipping News Worldwide",20210330T153000Z,2021-03-30
CVX,gdelt,"Exxon , Chevron take a slow walk on the path to U . S . shale recovery Hellenic Shipping News Worldwide",20210330T153000Z,2021-03-30
HAL,gdelt,"Exxon , Chevron take a slow walk on the path to U . S . shale recovery Hellenic Shipping News Worldwide",20210330T153000Z,2021-03-30
XOM,gdelt,"Enhanced Oil Recovery Market Next Big Thing Major Giants Halliburton , Schlumberger , Baker Hughes , BP , Exxon Mobil",20210322T161500Z,2021-03-23
SLB,gdelt,"Enhanced Oil Recovery Market Next Big Thing Major Giants Halliburton , Schlumberger , Baker Hughes , BP , Exxon Mobil",20210322T161500Z,2021-03-23
HAL,gdelt,"Enhanced Oil Recovery Market Next Big Thing Major Giants Halliburton , Schlumberger , Baker Hughes , BP , Exxon Mobil",20210322T161500Z,2021-03-23
HAL,gdelt,Worldwide Shale Oil Industry to 2026 - North America to Dominate the Market - ResearchAndMarkets . com,20210322T124500Z,2021-03-22
MPC,gdelt,"Energy sector ETF sees unanimous rally to 1 - year high , led by Marathon Petroleum , as oil prices surges",20210222T181500Z,2021-02-23
HAL,gdelt,Worldwide Shale Oil Industry to 2026 - North America to Dominate the Market,20210323T013000Z,2021-03-23
HAL,gdelt,Worldwide Shale Oil Industry to 2026 - North America to Dominate the Market - ResearchAndMarkets . com - Press Release,20210322T123000Z,2021-03-22
CVX,gdelt,FACTBOX - Buffett ramps up oil bets with bln Chevron stake,20210218T184500Z,2021-02-19
HAL,gdelt,Shale as a Theme in Oil and Gas Market Analysis Forecast for Next 5 Years,20210305T221500Z,2021-03-06
XOM,gdelt,"Shale Oil Market May See a Big Move ConocoPhillips , Chevron , ExxonMobil , SM Energy",20210225T143000Z,2021-02-25
CVX,gdelt,"Shale Oil Market May See a Big Move ConocoPhillips , Chevron , ExxonMobil , SM Energy",20210225T143000Z,2021-02-25
COP,gdelt,"Shale Oil Market May See a Big Move ConocoPhillips , Chevron , ExxonMobil , SM Energy",20210225T143000Z,2021-02-25
HAL,gdelt,"Shale Oil Market May See a Big Move ConocoPhillips , Chevron , ExxonMobil , SM Energy",20210225T143000Z,2021-02-25
XOM,gdelt,"Shale Oil Market May See a Big Move ConocoPhillips , Chevron , ExxonMobil , SM Energy",20210225T164500Z,2021-02-26
CVX,gdelt,"Shale Oil Market May See a Big Move ConocoPhillips , Chevron , ExxonMobil , SM Energy",20210225T164500Z,2021-02-26
COP,gdelt,"Shale Oil Market May See a Big Move ConocoPhillips , Chevron , ExxonMobil , SM Energy",20210225T164500Z,2021-02-26
HAL,gdelt,"Shale Oil Market May See a Big Move ConocoPhillips , Chevron , ExxonMobil , SM Energy",20210225T164500Z,2021-02-26
COP,gdelt,ConocoPhillips closes Concho Resources acquisition - Houston Business Journal,20210119T200000Z,2021-01-20
SLB,gdelt,"Enhanced Oil Recovery Market May See Big Move Schlumberger , Baker Hughes , Royal Dutch Shell",20210304T151500Z,2021-03-04
PXD,gdelt,Pioneer CEO US crude output to remain relatively flat for years Hellenic Shipping News Worldwide,20210108T174500Z,2021-01-09
XOM,gdelt,"Shale Oil Market to Watch Spotlight on ExxonMobil , Chevron , ConocoPhillips , SM Energy - Press Release",20210118T200000Z,2021-01-19
CVX,gdelt,"Shale Oil Market to Watch Spotlight on ExxonMobil , Chevron , ConocoPhillips , SM Energy - Press Release",20210118T200000Z,2021-01-19
COP,gdelt,"Shale Oil Market to Watch Spotlight on ExxonMobil , Chevron , ConocoPhillips , SM Energy - Press Release",20210118T200000Z,2021-01-19
HAL,gdelt,"Shale Oil Market to Watch Spotlight on ExxonMobil , Chevron , ConocoPhillips , SM Energy - Press Release",20210118T200000Z,2021-01-19
HAL,gdelt,Oil Shale Market Revenue Data Historic And Forecast Analysis By 2026,20210318T210000Z,2021-03-19
XOM,gdelt,"Exxon , Chevron discussed possible merger in 2020 , report says",20210201T181500Z,2021-02-02
CVX,gdelt,"Exxon , Chevron discussed possible merger in 2020 , report says",20210201T181500Z,2021-02-02
EOG,gdelt,"Compressed natural gas market - Segmented By Product Type , End - Use Type and Geography Growth , Trends Forecast , 2027",20210330T191500Z,2021-03-31
XOM,gdelt,"ExxonMobil , Chevron Reportedly Mulled Mindboggling Merger to Weather 2020 Downturn in Energy Markets",20210201T133000Z,2021-02-01
CVX,gdelt,"ExxonMobil , Chevron Reportedly Mulled Mindboggling Merger to Weather 2020 Downturn in Energy Markets",20210201T133000Z,2021-02-01
HAL,gdelt,"Texas rigs still down by more than half , year over year",20210313T133000Z,2021-03-13
XOM,gdelt,"Chevron , Exxon Mobil executives discussed merger WSJ",20210201T041500Z,2021-02-01
CVX,gdelt,"Chevron , Exxon Mobil executives discussed merger WSJ",20210201T041500Z,2021-02-01
EOG,gdelt,"Compressed natural gas market - Segmented By Product Type , End - Use Type and Geography Growth , Trends Forecast , 2026",20210222T104500Z,2021-02-22
COP,gdelt,"SEC ConocoPhillips , Occidental Should Hold Shareholder Votes On Emission Goals",20210322T160000Z,2021-03-23
OXY,gdelt,"SEC ConocoPhillips , Occidental Should Hold Shareholder Votes On Emission Goals",20210322T160000Z,2021-03-23
COP,gdelt,"ConocoPhillips resumes share buybacks , promises capital discipline",20210310T144500Z,2021-03-10
XOM,gdelt,"Why ExxonMobil , ConocoPhillips , and EOG Resources Stocks All Popped Today",20210304T194500Z,2021-03-05
COP,gdelt,"Why ExxonMobil , ConocoPhillips , and EOG Resources Stocks All Popped Today",20210304T194500Z,2021-03-05
EOG,gdelt,"Why ExxonMobil , ConocoPhillips , and EOG Resources Stocks All Popped Today",20210304T194500Z,2021-03-05
HAL,gdelt,Big Oil and Shale Producers Ride Crude Price Run - Up,20210107T203000Z,2021-01-08
COP,gdelt,ConocoPhillips CEO Recovery doesnt have to mean growth - Houston Business Journal,20210303T214500Z,2021-03-04
HAL,gdelt,The Shale Party Is Just Getting Started,20210320T051500Z,2021-03-20
SLB,gdelt,Schlumberger SLB Secures Deal to Drill Wells in Southern Iraq,20210329T160000Z,2021-03-30
COP,gdelt,"ConocoPhillips resumes share buybacks , promises capital discipline",20210310T231500Z,2021-03-11
HAL,gdelt,"Global Oil Shale Market 2020 includes Statistical Forecasts , Competitive Landscape , Key Trend , and Strategic Recommendations by 2025",20210302T194500Z,2021-03-03
HAL,gdelt,U . S . shale ponders the unexpected what to do with coming cash windfall ?,20210128T160000Z,2021-01-29
HAL,gdelt,US shale ponders the unexpected what to do with coming cash windfall ?,20210128T161500Z,2021-01-29
COP,gdelt,"ConocoPhillips , Pioneer Natural CEOs Preach Discipline as Permian Activity Rebounds",20210305T213000Z,2021-03-06
PXD,gdelt,"ConocoPhillips , Pioneer Natural CEOs Preach Discipline as Permian Activity Rebounds",20210305T213000Z,2021-03-06
XOM,gdelt,Exxon Mobil signals first profit in five quarters on price gains,20210331T233000Z,2021-04-01
HAL,gdelt,"Global Oil Shale Market 2020 Growth , Industry Trend , Sales Revenue , Size by Regional Forecast to 2025",20210120T001500Z,2021-01-20
XOM,gdelt,Exxon and Chevron Talked Merger - Senator Voices Concerns,20210201T210000Z,2021-02-02
CVX,gdelt,Exxon and Chevron Talked Merger - Senator Voices Concerns,20210201T210000Z,2021-02-02
HAL,gdelt,Can Anything Help Restore Wall Street Confidence In U . S . Shale ?,20210205T041500Z,2021-02-05
XOM,gdelt,"Oil Sands Market SWOT Analysis by Key Players - Husky Energy , Gulfport Energy , ExxonMobil",20210115T211500Z,2021-01-16
OXY,gdelt,"Oil Prices Rally On Texas Deep Freeze As Continental Resources , Occidental To Report",20210216T171500Z,2021-02-17
HAL,gdelt,"Global Oil Shale Market 2020 Report - Trends in Technological Strategies , Business Advancements and Top - Vendor Landscape to 2025",20210217T014500Z,2021-02-17
XOM,gdelt,Exxon And Chevron Discussed Merger In 2020,20210201T181500Z,2021-02-02
CVX,gdelt,Exxon And Chevron Discussed Merger In 2020,20210201T181500Z,2021-02-02
XOM,gdelt,Exxon in talks with D . E . Shaw on new directors,20210202T184500Z,2021-02-03
XOM,gdelt,Exxon Mobil signals better first - quarter earnings as oil prices climb,20210331T213000Z,2021-04-01
CVX,gdelt,Is Chevron Stock a Buy ? The Motley Fool,20210211T153000Z,2021-02-11
PXD,gdelt,Pioneer completes . 5B acquisition of Parsley,20210113T161500Z,2021-01-14
PXD,gdelt,Pioneer completes . 5B acquisition of Parsley,20210113T000000Z,2021-01-13
SLB,gdelt,Speculating On Tech Stocks ? Why Not Consider Schlumberger Stock Instead,20210223T143000Z,2021-02-23
HAL,gdelt,U . S . shale ponders the unexpected what to do with coming cash windfall ?,20210129T221500Z,2021-01-30
HAL,gdelt,Big Oil Burning How Flaring in the Permian Basin Affects the Climate Challenge,20210315T081500Z,2021-03-15
EOG,gdelt,"Apache , EOG and Devon Energy Are A Few of the Oil and Gas Industry Democrat Darlings",20210114T171500Z,2021-01-15
DVN,gdelt,"Apache , EOG and Devon Energy Are A Few of the Oil and Gas Industry Democrat Darlings",20210114T171500Z,2021-01-15
HAL,gdelt,Oil giants post massive losses to cap off challenging 2020,20210203T121500Z,2021-02-03
CVX,gdelt,"Buffett Oil Favorite , Chevron , Set For Big Earnings Growth Hellenic Shipping News Worldwide",20210310T230000Z,2021-03-11
CVX,gdelt,Chevron launches million fund to focus on low - carbon technology,20210225T160000Z,2021-02-26
CVX,gdelt,Chevron launches million fund to focus on low - carbon technology,20210227T021500Z,2021-02-27
XOM,gdelt,Exxon posts first annual loss in 40 years on huge writedown,20210202T150000Z,2021-02-02
HAL,gdelt,U . S . shale ponders the unexpected what to do with coming cash windfall ? Hellenic Shipping News Worldwide,20210201T144500Z,2021-02-01
CVX,gdelt,Chevron To Produce Carbon - Negative Energy In California,20210304T190000Z,2021-03-05
HAL,gdelt,The Shale Party Is Just Getting Started Hellenic Shipping News Worldwide,20210322T144500Z,2021-03-22
XOM,gdelt,Exxon is emerging from the wreckage of 2020 facing the worst crisis in its modern history,20210202T171500Z,2021-02-03
XOM,gdelt,Exxon defends dividend after annual loss,20210204T174500Z,2021-02-05
HAL,gdelt,Modular Production Systems Are A Trend In The Shale Gas Industry,20210331T144500Z,2021-03-31
XOM,gdelt,Exxon Is Said to Be in Talks With D . E . Shaw on New Directors,20210202T141500Z,2021-02-02
COP,gdelt,"Shale Gas Hydraulic Fracturing Technology Market Benefits , Business Opportunities and Future Scope Till 2026",20210118T163000Z,2021-01-19
HAL,gdelt,"Shale Gas Hydraulic Fracturing Technology Market Benefits , Business Opportunities and Future Scope Till 2026",20210118T163000Z,2021-01-19
HAL,gdelt,Oil Market Wonders How Long Shale Restraint Will Last,20210128T194500Z,2021-01-29
CVX,gdelt,"Natural Gas Market Outlook 2021 Big Things are Happening Eni , Chevron , General Electric",20210202T214500Z,2021-02-03
XOM,gdelt,Exxon is said to be in talks with DE Shaw on new directors,20210202T180000Z,2021-02-03
COP,gdelt,"ConocoPhillips NYSE COP , Kinder Morgan , Inc . NYSE KMI - The Energy Sector Sparks Trader Interest As Crude Prices Rise",20210216T134500Z,2021-02-16
HAL,gdelt,How Hard Did The Texas Freeze Hit U . S . Shale Production ?,20210223T170000Z,2021-02-24
EOG,gdelt,EOG Stock Dips Ahead Of Q4 Earnings As Oil Prices Hold Near Pre - Pandemic Highs,20210225T201500Z,2021-02-26
HAL,gdelt,How Hard Did The Texas Freeze Hit U . S . Shale Production ? Investment Watch,20210223T193000Z,2021-02-24
XOM,gdelt,"Why ExxonMobil , ConocoPhillips , and Chevron Stocks Hit a Gusher on Tuesday",20210105T201500Z,2021-01-06
CVX,gdelt,"Why ExxonMobil , ConocoPhillips , and Chevron Stocks Hit a Gusher on Tuesday",20210105T201500Z,2021-01-06
COP,gdelt,"Why ExxonMobil , ConocoPhillips , and Chevron Stocks Hit a Gusher on Tuesday",20210105T201500Z,2021-01-06
HAL,gdelt,Shell Potential Permian Basin Exit Seen as Bellwether for Shale Demand,20210616T150000Z,2021-06-16
HAL,gdelt,Interest in Shell Permian assets seen as a bellwether for shale demand,20210615T224500Z,2021-06-16
HAL,gdelt,Oil Stocks To Keep Getting Bigger After Billion Shale Deal,20210524T164500Z,2021-05-25
XOM,gdelt,"ExxonMobil , Saudi Aramco , BP , others generate",20210528T104500Z,2021-05-28
EOG,gdelt,"Compressed natural gas market - Segmented By Product Type , End - Use Type and Geography Growth , Trends Forecast , 2027",20210423T100000Z,2021-04-23
EOG,gdelt,"Compressed natural gas market - Segmented By Product Type , End - Use Type and Geography Growth , Trends Forecast , 2027",20210506T134500Z,2021-05-06
CVX,gdelt,Goldman Sachs Cut Chevron Stock . Here Are the Oil Stocks to Buy Instead .,20210407T124500Z,2021-04-07
COP,gdelt,"Morgan Stanley Upgrades Marathon Oil Occidental Petroleum , Calls ConocoPhillips Quality Stock On Sale",20210618T203000Z,2021-06-19
OXY,gdelt,"Morgan Stanley Upgrades Marathon Oil Occidental Petroleum , Calls ConocoPhillips Quality Stock On Sale",20210618T203000Z,2021-06-19
CVX,gdelt,US allows Chevron to operate in Venezuela until late 2021,20210601T180000Z,2021-06-02
HAL,gdelt,Halliburton HAL to Offer Reliable Resource Management Platform,20210413T173000Z,2021-04-14
PXD,gdelt,Pioneer . 4 billion deal for DoublePoint accelerates U . S . shale oil consolidation,20210404T114500Z,2021-04-04
HAL,gdelt,Pioneer . 4 billion deal for DoublePoint accelerates U . S . shale oil consolidation,20210404T114500Z,2021-04-04
PXD,gdelt,Pioneer . 4 billion deal for DoublePoint accelerates US shale oil consolidation,20210402T114500Z,2021-04-02
HAL,gdelt,Pioneer . 4 billion deal for DoublePoint accelerates US shale oil consolidation,20210402T114500Z,2021-04-02
CVX,gdelt,U . S . gives Chevron new licence to wind down Venezuela activities by Dec . 1,20210602T063000Z,2021-06-02
HAL,gdelt,Shale Oil Stocks Also Face Climate Change Activist Pressure After Big Oil Reckoning,20210602T203000Z,2021-06-03
CVX,gdelt,"Chevron Corporation NYSE CVX , ConocoPhillips NYSE COP - Why Did Goldman Sachs Downgrade Chevron , Despite Consistent Performance Track Record ?",20210406T151500Z,2021-04-06
COP,gdelt,"Chevron Corporation NYSE CVX , ConocoPhillips NYSE COP - Why Did Goldman Sachs Downgrade Chevron , Despite Consistent Performance Track Record ?",20210406T151500Z,2021-04-06
HAL,gdelt,EOG Stock Breaks Out As Shale Producers Pay Up Investor Business Daily,20210507T203000Z,2021-05-08
EOG,gdelt,EOG Stock Breaks Out As Shale Producers Pay Up Investor Business Daily,20210507T203000Z,2021-05-08
XOM,gdelt,"Exxon Stock , Chevron Stock Rise Ahead Of Earnings As Rivals Boost Dividends , Buybacks",20210429T194500Z,2021-04-30
CVX,gdelt,"Exxon Stock , Chevron Stock Rise Ahead Of Earnings As Rivals Boost Dividends , Buybacks",20210429T194500Z,2021-04-30
PXD,gdelt,Pioneer . 4 billion deal for DoublePoint accelerates U . S . shale oil consolidation,20210402T121500Z,2021-04-02
HAL,gdelt,Pioneer . 4 billion deal for DoublePoint accelerates U . S . shale oil consolidation,20210402T121500Z,2021-04-02
HAL,gdelt,"Global Oil Shale Market 2021 In - depth study , Leading Players , Industry Segments and Regional Forecast by 2026",20210621T231500Z,2021-06-22
HAL,gdelt,U . S . Shale Is Finally Giving Shareholders A Payday,20210520T223000Z,2021-05-21
PXD,gdelt,More Room For Growth In Pioneer Energy Stock ?,20210617T153000Z,2021-06-17
XOM,gdelt,BP Stock Up As Exxon Rival Could Be First Oil Major To Resume Share Buybacks,20210406T154500Z,2021-04-06
XOM,gdelt,"Exxon floats idea for billion private - public carbon capture hub , largest of its kind",20210421T003000Z,2021-04-21
SLB,gdelt,EXCLUSIVE Schlumberger names new executives to energy transition business - memo,20210426T201500Z,2021-04-27
SLB,gdelt,Exclusive Schlumberger names new executives to energy transition business - memo,20210426T190000Z,2021-04-27
XOM,gdelt,Exxon shale output per well slips as total production rises - report,20210609T190000Z,2021-06-10
HAL,gdelt,Exxon shale output per well slips as total production rises - report,20210609T190000Z,2021-06-10
CVX,gdelt,Chevron pitches million in New Mexico properties as oil M A heats up,20210504T113000Z,2021-05-04
CVX,gdelt,Washington Renews Chevron Waiver To Keep Operating In Venezuela,20210601T210000Z,2021-06-02
CVX,gdelt,Chevron pitches million in New Mexico properties as oil M A heats up,20210505T051500Z,2021-05-05
SLB,gdelt,Exclusive - Schlumberger names new executives to energy transition business,20210427T033000Z,2021-04-27
CVX,gdelt,US extends deadline letting Chevron stay in Venezuela,20210601T201500Z,2021-06-02
XOM,gdelt,UPDATE 1 - Exxon shale output per well slips as total production rises - report,20210609T203000Z,2021-06-10
HAL,gdelt,UPDATE 1 - Exxon shale output per well slips as total production rises - report,20210609T203000Z,2021-06-10
PXD,gdelt,UPDATE 1 - Pioneer CEO says consolidation needed to quell U . S . shale production,20210505T170000Z,2021-05-06
HAL,gdelt,UPDATE 1 - Pioneer CEO says consolidation needed to quell U . S . shale production,20210505T170000Z,2021-05-06
XOM,gdelt,Exxon Mobil and Chevron Climb as Oil Prices Surge,20210615T161500Z,2021-06-16
CVX,gdelt,Exxon Mobil and Chevron Climb as Oil Prices Surge,20210615T161500Z,2021-06-16
XOM,gdelt,"New York City sues Exxon , BP , Shell in state court over climate change",20210422T164500Z,2021-04-23
XOM,gdelt,"New York City sues Exxon , BP , Shell in state court over climate change By Reuters",20210422T164500Z,2021-04-23
HAL,gdelt,Shell weighs blockbuster sale of Texas shale assets,20210614T113000Z,2021-06-14
HAL,gdelt,Exclusive - Shell weighs blockbuster sale of Texas shale assets,20210614T064500Z,2021-06-14
PXD,gdelt,Pioneer . 4 billion deal for DoublePoint accelerates U . S . shale oil consolidation,20210402T174500Z,2021-04-03
HAL,gdelt,Pioneer . 4 billion deal for DoublePoint accelerates U . S . shale oil consolidation,20210402T174500Z,2021-04-03
CVX,gdelt,Biden administration renews Chevron license in Venezuela,20210601T193000Z,2021-06-02
XOM,gdelt,Exxon Mobil signals first profit in five quarters on price gains - Netscape Money Business,20210401T024500Z,2021-04-01
OXY,gdelt,EOG Resources vs . Occidental Which Oil Gas Stock is a Better Buy ? By StockNews,20210525T180000Z,2021-05-26
EOG,gdelt,EOG Resources vs . Occidental Which Oil Gas Stock is a Better Buy ? By StockNews,20210525T180000Z,2021-05-26
COP,gdelt,"ConocoPhillips sees higher savings from Concho deal , raises buybacks",20210630T160000Z,2021-07-01
HAL,gdelt,3 Leading Shale Oil Drillers To Bet On As WTI Crude Nears,20210630T123000Z,2021-06-30
XOM,gdelt,"Add to Your Energy Holdings Chevron , Exxon , Pioneer",20210617T000000Z,2021-06-17
CVX,gdelt,"Add to Your Energy Holdings Chevron , Exxon , Pioneer",20210617T000000Z,2021-06-17
PXD,gdelt,"Add to Your Energy Holdings Chevron , Exxon , Pioneer",20210617T000000Z,2021-06-17
XOM,gdelt,The Exxon Mobil Board Vote Shows a Sea Change in Energy Stocks,20210527T210000Z,2021-05-28
SLB,gdelt,Schlumberger Stock Poised For More Gains ?,20210618T114500Z,2021-06-18
XOM,gdelt,"Shareholders Rebuke ExxonMobil On Climate , In A Wake Up Call For Big Oil",20210527T143000Z,2021-05-27
XOM,gdelt,"UPDATE 1 - New York City sues Exxon , BP , Shell in state court over climate change",20210422T180000Z,2021-04-23
XOM,gdelt,"New York City sues oil giants Exxon , BP and Shell over climate change",20210422T211500Z,2021-04-23
XOM,gdelt,"NYC Sues Exxon , Shell , BP and Trade Group for Advertising - Related Claims",20210422T180000Z,2021-04-23
CVX,gdelt,Biden Admin Extends Chevron Venezuela Sanctions Waiver,20210601T174500Z,2021-06-02
XOM,gdelt,"New York City Lawsuit Claims Exxon , BP , Shell Mislead Over Cleaner Fuels",20210423T091500Z,2021-04-23
XOM,gdelt,Battle of the Dividend Aristocrats Exxon Mobil vs . Chevron,20210409T183000Z,2021-04-10
CVX,gdelt,Battle of the Dividend Aristocrats Exxon Mobil vs . Chevron,20210409T183000Z,2021-04-10
HAL,gdelt,Exclusive - Shell weighs blockbuster sale of Texas shale assets - Netscape Money Business,20210613T203000Z,2021-06-14
HAL,gdelt,Global Oil Shale Market Size 2021 - Industry Forecast Report 2026,20210423T080000Z,2021-04-23
HAL,gdelt,"Global Shale Gas Market Growth , Trends , COVID - 19 Impact , and Forecasts Report 2021 - 2026",20210427T100000Z,2021-04-27
XOM,gdelt,ExxonMobil and Chevron suffer shareholder rebellions over climate,20210526T200000Z,2021-05-27
CVX,gdelt,ExxonMobil and Chevron suffer shareholder rebellions over climate,20210526T200000Z,2021-05-27
XOM,gdelt,"Exxon Mobil , Chevron Executive Board Members Vote Towards Climate Goals , Cutting Oil Emissions",20210527T021500Z,2021-05-27
CVX,gdelt,"Exxon Mobil , Chevron Executive Board Members Vote Towards Climate Goals , Cutting Oil Emissions",20210527T021500Z,2021-05-27
CVX,gdelt,Chevron Keeps Venezuela Foothold With New U . S . Sanctions Waiver,20210602T043000Z,2021-06-02
COP,gdelt,Conoco Joins Big Oil Newfound Thrift With Debt Payback Plan,20210504T131500Z,2021-05-04
DVN,gdelt,"Stocks Making the Biggest Moves Midday Devon Energy , Cloudera , AMC and More",20210601T194500Z,2021-06-02
CVX,gdelt,Chevron pitches million in New Mexico properties as oil M A heats up Hellenic Shipping News Worldwide,20210505T213000Z,2021-05-06
CVX,gdelt,Chevron Keeps Venezuela Foothold With U . S . Sanctions Waiver,20210601T193000Z,2021-06-02
XOM,gdelt,Exxon Mobil Shale Output per Well in Permian Basin Slips,20210612T154500Z,2021-06-12
HAL,gdelt,Exxon Mobil Shale Output per Well in Permian Basin Slips,20210612T154500Z,2021-06-12
SLB,gdelt,Schlumberger names new executives to energy transition business memo,20210429T204500Z,2021-04-30
OXY,gdelt,"Shale Oil Market 2021 Recent Trends and Growth Forecast by 2026 Continental Resources , Concho Resources , Hess corporation , Anadarko , Occidental Petroleum , etc KSU",20210509T170000Z,2021-05-10
HAL,gdelt,"Shale Oil Market 2021 Recent Trends and Growth Forecast by 2026 Continental Resources , Concho Resources , Hess corporation , Anadarko , Occidental Petroleum , etc KSU",20210509T170000Z,2021-05-10
XOM,gdelt,Exxon Mobil signals first profit in five quarters on price gains,20210401T184500Z,2021-04-02
XOM,gdelt,Exxon Mobil signals first profit in five quarters on price gains,20210402T171500Z,2021-04-03
XOM,gdelt,Exxon shareholders elect two outsiders to board shake up insular culture By Reuters,20210526T181500Z,2021-05-27
CVX,gdelt,"Shale Oil Market Exhibits a Stunning Growth ConocoPhillips , Chevron , SM Energy",20210529T141500Z,2021-05-29
COP,gdelt,"Shale Oil Market Exhibits a Stunning Growth ConocoPhillips , Chevron , SM Energy",20210529T141500Z,2021-05-29
HAL,gdelt,"Shale Oil Market Exhibits a Stunning Growth ConocoPhillips , Chevron , SM Energy",20210529T141500Z,2021-05-29
CVX,gdelt,"Shale Oil Market Exhibits a Stunning Growth ConocoPhillips , Chevron , SM Energy",20210529T160000Z,2021-05-30
COP,gdelt,"Shale Oil Market Exhibits a Stunning Growth ConocoPhillips , Chevron , SM Energy",20210529T160000Z,2021-05-30
HAL,gdelt,"Shale Oil Market Exhibits a Stunning Growth ConocoPhillips , Chevron , SM Energy",20210529T160000Z,2021-05-30
XOM,gdelt,Exxon shareholders elect two outsiders to board shake up insular culture,20210526T183000Z,2021-05-27
CVX,gdelt,US Renews Chevron License for Activities in Venezuela,20210603T143000Z,2021-06-03
HAL,gdelt,"Oil Stocks To Buy Here Are U . S . Shale , Market Cap Leaders Investor Business Daily",20210928T184500Z,2021-09-29
HAL,gdelt,Shale Oil Stocks To Report As Blockbuster Permian Deal Looms Investor Business Daily,20210802T161500Z,2021-08-03
CVX,gdelt,"Chevron , Hess Mandate Covid Vaccines for U . S . Gulf Platforms",20210824T060000Z,2021-08-24
PXD,gdelt,"Rig Report Pioneer is most active operator in Permian , U . S .",20210806T221500Z,2021-08-07
HAL,gdelt,Shale Oil Stocks Transformed Global Markets But Can They Transform Themselves ?,20210722T230000Z,2021-07-23
HAL,gdelt,Energy Was The Top - Performing Sector In The First Half Of 2021,20210707T171500Z,2021-07-08
OXY,gdelt,"Occidental Leads O G Stocks Lower as OPEC Peace Deal , Covid - 19 Fears Strike By Investing . com",20210719T154500Z,2021-07-19
HAL,gdelt,S P 500 set to begin second half of 2021 at record open,20210701T131500Z,2021-07-01
COP,gdelt,ConocoPhillips Becomes Permian No . 2 Producer After Shell Deal,20210921T203000Z,2021-09-22
COP,gdelt,ConocoPhillips becomes Permian No . 2 producer,20210922T024500Z,2021-09-22
EOG,gdelt,"Devon Energy Corporation NYSE DVN , EOG Resources , Inc . NYSE EOG - 10 Best Performing S P 500 Stocks Of 2021",20210702T190000Z,2021-07-03
DVN,gdelt,"Devon Energy Corporation NYSE DVN , EOG Resources , Inc . NYSE EOG - 10 Best Performing S P 500 Stocks Of 2021",20210702T190000Z,2021-07-03
COP,gdelt,ConocoPhillips was surprised by Shell Permian sale - Houston Business Journal,20210922T194500Z,2021-09-23
PXD,gdelt,Pioneer CEO Says He Sitting Out Latest Round of Shale M A,20210804T180000Z,2021-08-05
HAL,gdelt,Pioneer CEO Says He Sitting Out Latest Round of Shale M A,20210804T180000Z,2021-08-05
OXY,gdelt,"Occidental Petroleum , Devon Energy impress Wall St as oil price bounces",20210804T001500Z,2021-08-04
DVN,gdelt,"Occidental Petroleum , Devon Energy impress Wall St as oil price bounces",20210804T001500Z,2021-08-04
DVN,gdelt,"Devon Energy , 5 Other Energy Stocks Jim Cramer Likes as Oil Surges",20210927T183000Z,2021-09-28
XOM,gdelt,"Tesla , Sanderson Farms Rise Premarket Exxon Mobil Falls By Investing . com",20210809T133000Z,2021-08-09
CVX,gdelt,"Buy Chevron , Devon Stocks Amid Global Oil Uncertainty , Cramer Says",20210708T160000Z,2021-07-09
DVN,gdelt,"Buy Chevron , Devon Stocks Amid Global Oil Uncertainty , Cramer Says",20210708T160000Z,2021-07-09
PXD,gdelt,Pioneer CEO stays on the sidelines of latest shale M A round,20210804T220000Z,2021-08-05
HAL,gdelt,Pioneer CEO stays on the sidelines of latest shale M A round,20210804T220000Z,2021-08-05
HAL,gdelt,Biggest Permian Shale Driller Mandates Vaccine for New Hires,20210824T180000Z,2021-08-25
OXY,gdelt,"Occidental Petroleum , Devon Energy impress Wall St as oil price bounces By Reuters",20210804T000000Z,2021-08-04
DVN,gdelt,"Occidental Petroleum , Devon Energy impress Wall St as oil price bounces By Reuters",20210804T000000Z,2021-08-04
XOM,gdelt,"Exxon Stock Up As Earnings Beat Chevron Tops , Resumes Buybacks",20210730T123000Z,2021-07-30
CVX,gdelt,"Exxon Stock Up As Earnings Beat Chevron Tops , Resumes Buybacks",20210730T123000Z,2021-07-30
PXD,gdelt,Pioneer CEO stays on the sidelines of latest shale M A round,20210805T220000Z,2021-08-06
HAL,gdelt,Pioneer CEO stays on the sidelines of latest shale M A round,20210805T220000Z,2021-08-06
PXD,gdelt,EOG EOG Resources vs . Pioneer Natural Resources Which Oil Gas Stock is a Better Buy ?,20210716T150000Z,2021-07-16
EOG,gdelt,EOG EOG Resources vs . Pioneer Natural Resources Which Oil Gas Stock is a Better Buy ?,20210716T150000Z,2021-07-16
SLB,gdelt,Schlumberger pushes COVID - 19 vaccine disclosures as customer mandates grow,20210828T013000Z,2021-08-28
PXD,gdelt,Pioneer Natural Resources mandates COVID - 19 vaccines for new hires,20210824T193000Z,2021-08-25
COP,gdelt,ConocoPhillips Beats Q2 Profit Estimates As Oil Prices Rise,20210803T210000Z,2021-08-04
XOM,gdelt,"TotalEnergies Chevron , Exxon , Valero , others win bids for planned U . S . SPR sale",20210913T153000Z,2021-09-13
CVX,gdelt,"TotalEnergies Chevron , Exxon , Valero , others win bids for planned U . S . SPR sale",20210913T153000Z,2021-09-13
COP,gdelt,Conoco CEO Oil Demand To Rebound To Pre - Pandemic Level By Early 2022,20210922T143000Z,2021-09-22
XOM,gdelt,"Chevron , Exxon , Valero , others win bids for U . S . reserve oil , Energy Dept says",20210913T143000Z,2021-09-13
CVX,gdelt,"Chevron , Exxon , Valero , others win bids for U . S . reserve oil , Energy Dept says",20210913T143000Z,2021-09-13
COP,gdelt,Devon and Conoco Study Shell Permian Assets,20210803T174500Z,2021-08-04
DVN,gdelt,Devon and Conoco Study Shell Permian Assets,20210803T174500Z,2021-08-04
COP,gdelt,"Devon , Conoco Study Billion Shell Permian Assets",20210730T214500Z,2021-07-31
DVN,gdelt,"Devon , Conoco Study Billion Shell Permian Assets",20210730T214500Z,2021-07-31
COP,gdelt,ConocoPhillips to buy Shell Permian assets for USD 9 . 5 Billion,20210921T193000Z,2021-09-22
HAL,gdelt,"Shale Gas Hydraulic Fracturing Market 2021 Industry Growth , ...",20210903T020000Z,2021-09-03
COP,gdelt,ConocoPhillips Stock Jumps on Upbeat Investor Update Two Analysts Weigh In,20210701T211500Z,2021-07-02
XOM,gdelt,"UPDATE 2 - Exxon , Chevron conceal payments to some governments - watchdog",20210922T210000Z,2021-09-23
CVX,gdelt,"UPDATE 2 - Exxon , Chevron conceal payments to some governments - watchdog",20210922T210000Z,2021-09-23
XOM,gdelt,"Exxon , Chevron conceal payments to some governments - watchdog By Reuters",20210923T013000Z,2021-09-23
CVX,gdelt,"Exxon , Chevron conceal payments to some governments - watchdog By Reuters",20210923T013000Z,2021-09-23
XOM,gdelt,"Exxon , Chevron conceal payments to some governments",20210922T231500Z,2021-09-23
CVX,gdelt,"Exxon , Chevron conceal payments to some governments",20210922T231500Z,2021-09-23
EOG,gdelt,EOG Stock Hits Key Benchmark Rating Investor Business Daily,20210916T203000Z,2021-09-17
XOM,gdelt,"Chevron , Exxon , Valero , others win bids for planned U . S . SPR sale",20210913T210000Z,2021-09-14
CVX,gdelt,"Chevron , Exxon , Valero , others win bids for planned U . S . SPR sale",20210913T210000Z,2021-09-14
XOM,gdelt,"Exxon , Chevron conceal payments to some governments -...",20210922T210000Z,2021-09-23
CVX,gdelt,"Exxon , Chevron conceal payments to some governments -...",20210922T210000Z,2021-09-23
HAL,gdelt,Biden infrastructure plan to boost Permian shale drillers and local economies,20210809T170000Z,2021-08-10
SLB,gdelt,Schlumberger Pushes COVID Vaccine Disclosures as Customer Mandates Grow,20210830T213000Z,2021-08-31
COP,gdelt,Shell exits Permian with US . 5B asset sale to ConocoPhillips,20210920T221500Z,2021-09-21
PXD,gdelt,Pioneer CEO says he sitting out latest round of shale M A,20210804T231500Z,2021-08-05
HAL,gdelt,Pioneer CEO says he sitting out latest round of shale M A,20210804T231500Z,2021-08-05
COP,gdelt,Exclusive - Conoco offers to sell some secondary U . S . oil acreage - document,20210923T181500Z,2021-09-24
COP,gdelt,EXCLUSIVE Conoco offers to sell some secondary U . S . oil acreage - document,20210923T174500Z,2021-09-24
XOM,gdelt,"Exxon , Chevron not disclosing payments to some governments - transparency group",20210922T173000Z,2021-09-23
CVX,gdelt,"Exxon , Chevron not disclosing payments to some governments - transparency group",20210922T173000Z,2021-09-23
COP,gdelt,"Enhanced Oil Recovery Market Giants Spending Is Going To Boom Schlumberger , Baker Hughes , Saudi Aramco , ConocoPhillips",20210716T023000Z,2021-07-16
SLB,gdelt,"Enhanced Oil Recovery Market Giants Spending Is Going To Boom Schlumberger , Baker Hughes , Saudi Aramco , ConocoPhillips",20210716T023000Z,2021-07-16
HAL,gdelt,"Shale Gas Hydraulic Fracturing Market 2021 Industry Growth , Key Players , Trend , Analysis and Forecast to 2027",20210902T191500Z,2021-09-03
COP,gdelt,Shell Exits Permian With . 5 Billion Texas Shale Sale to ConocoPhillips,20210922T034500Z,2021-09-22
HAL,gdelt,Shell Exits Permian With . 5 Billion Texas Shale Sale to ConocoPhillips,20210922T034500Z,2021-09-22
HAL,gdelt,Shell courts multiple suitors for its Permian shale portfolio,20210802T230000Z,2021-08-03
HAL,gdelt,Shell courts multiple suitors for its Permian shale portfolio,20210801T164500Z,2021-08-02
COP,gdelt,"Top Headlines , Shell and ConocoPhillips in . 5B Permian Deal and More",20210925T133000Z,2021-09-25
XOM,gdelt,"Exxon , Chevron conceal payments to some governments - watchdog",20210922T234500Z,2021-09-23
CVX,gdelt,"Exxon , Chevron conceal payments to some governments - watchdog",20210922T234500Z,2021-09-23
SLB,gdelt,Schlumberger and Halliburton win big as ADNOC dishes out deal,20210714T160000Z,2021-07-15
HAL,gdelt,Schlumberger and Halliburton win big as ADNOC dishes out deal,20210714T160000Z,2021-07-15
COP,gdelt,Shell exits Permian Basin with . 5 bn Texas shale sale to ConocoPhillips,20210921T121500Z,2021-09-21
HAL,gdelt,Shell exits Permian Basin with . 5 bn Texas shale sale to ConocoPhillips,20210921T121500Z,2021-09-21
XOM,gdelt,Why Exxon and Chevron Look Attractive After Trailing Peers,20211021T143000Z,2021-10-21
CVX,gdelt,Why Exxon and Chevron Look Attractive After Trailing Peers,20211021T143000Z,2021-10-21
XOM,gdelt,Investor Group to Hit Exxon on Climate Following U . S . Success,20211212T184500Z,2021-12-13
XOM,gdelt,Investor Group to Hit Exxon on Climate,20211213T134500Z,2021-12-13
COP,gdelt,"Oil Gas Stock Roundup A Look at COP , EOG , PXD , MPC OXY Q3 Earnings",20211110T143000Z,2021-11-10
OXY,gdelt,"Oil Gas Stock Roundup A Look at COP , EOG , PXD , MPC OXY Q3 Earnings",20211110T143000Z,2021-11-10
PXD,gdelt,"Oil Gas Stock Roundup A Look at COP , EOG , PXD , MPC OXY Q3 Earnings",20211110T143000Z,2021-11-10
EOG,gdelt,"Oil Gas Stock Roundup A Look at COP , EOG , PXD , MPC OXY Q3 Earnings",20211110T143000Z,2021-11-10
MPC,gdelt,"Oil Gas Stock Roundup A Look at COP , EOG , PXD , MPC OXY Q3 Earnings",20211110T143000Z,2021-11-10
XOM,gdelt,Activist group targets Exxon with shareholder climate resolution By Reuters,20211212T153000Z,2021-12-12
XOM,gdelt,Activist group targets Exxon with shareholder climate resolution,20211213T021500Z,2021-12-13
EOG,gdelt,Analysts Offer Insights on Utilities Companies EOG Resources NYSE EOG and Delek US Holdings NYSE DK,20211107T161500Z,2021-11-08
XOM,gdelt,Exxon Mobil rolls out plan to cut emissions in Permian Basin,20211207T184500Z,2021-12-08
XOM,gdelt,Exxon Mobil rolls out plan to cut emissions in Permian Basin,20211206T223000Z,2021-12-07
XOM,gdelt,Exxon Mobil Plans to Cut Emissions in Texas Oilfield,20211207T190000Z,2021-12-08
XOM,gdelt,Exxon Mobil rolls out plan to cut emissions in Permian Basin iNFOnews Thompson - Okanagan News Source,20211207T004500Z,2021-12-07
XOM,gdelt,Exxon faces shareholder pressure to improve climate focus,20211213T180000Z,2021-12-14
XOM,gdelt,Exxon Mobil rolls out plan to cut emissions in Permian Basin - Medicine Hat NewsMedicine Hat News,20211207T014500Z,2021-12-07
EOG,gdelt,Betting On Oil Stocks ? Fundamentals Favor EOG Resources,20211111T221500Z,2021-11-12
XOM,gdelt,Halliburton considers a stake in Iraq oil field from Exxon,20211213T143000Z,2021-12-13
HAL,gdelt,Halliburton considers a stake in Iraq oil field from Exxon,20211213T143000Z,2021-12-13
XOM,gdelt,Investor Group to Hit Exxon on Climate Following U . S . S ...,20211213T063000Z,2021-12-13
XOM,gdelt,"Iraq says Halliburton , Exxon in talks for stake in oil field",20211213T124500Z,2021-12-13
HAL,gdelt,"Iraq says Halliburton , Exxon in talks for stake in oil field",20211213T124500Z,2021-12-13
XOM,gdelt,"Iraq says Halliburton , Exxon in talks for stake in oil field",20211213T173000Z,2021-12-14
HAL,gdelt,"Iraq says Halliburton , Exxon in talks for stake in oil field",20211213T173000Z,2021-12-14
XOM,gdelt,"Halliburton , Exxon in talks for stake in Iraq oil field",20211213T051500Z,2021-12-13
HAL,gdelt,"Halliburton , Exxon in talks for stake in Iraq oil field",20211213T051500Z,2021-12-13
XOM,gdelt,"Halliburton , Exxon in Talks for Stake in Iraq Oil Field",20211213T031500Z,2021-12-13
HAL,gdelt,"Halliburton , Exxon in Talks for Stake in Iraq Oil Field",20211213T031500Z,2021-12-13
XOM,gdelt,Halliburton and Exxon in Talks for Oil Field Stake,20211213T111500Z,2021-12-13
HAL,gdelt,Halliburton and Exxon in Talks for Oil Field Stake,20211213T111500Z,2021-12-13
XOM,gdelt,Halliburton considers a stake in Iraq oil field from Exxon,20211214T060000Z,2021-12-14
HAL,gdelt,Halliburton considers a stake in Iraq oil field from Exxon,20211214T060000Z,2021-12-14
OXY,gdelt,"U . S . Oil Stocks Earnings Ahead With Continental , Diamondback , Devon , Occidental , EOG On Tap",20211101T153000Z,2021-11-01
EOG,gdelt,"U . S . Oil Stocks Earnings Ahead With Continental , Diamondback , Devon , Occidental , EOG On Tap",20211101T153000Z,2021-11-01
DVN,gdelt,"U . S . Oil Stocks Earnings Ahead With Continental , Diamondback , Devon , Occidental , EOG On Tap",20211101T153000Z,2021-11-01
XOM,gdelt,Halliburton denies it vying for Exxon stake in Iraq field,20211215T200000Z,2021-12-16
HAL,gdelt,Halliburton denies it vying for Exxon stake in Iraq field,20211215T200000Z,2021-12-16
XOM,gdelt,Halliburton Denies It Vying for Exxon Stake in Iraq Field,20211213T183000Z,2021-12-14
HAL,gdelt,Halliburton Denies It Vying for Exxon Stake in Iraq Field,20211213T183000Z,2021-12-14
HAL,gdelt,U . S . Shale Patch Reports Blowout Earnings,20211106T234500Z,2021-11-07
CVX,gdelt,Chevron sets net zero emission aspirations,20211011T200000Z,2021-10-12
CVX,gdelt,U . S . Treasury extends license for Chevron to wind down Venezuela operations,20211124T180000Z,2021-11-25
HAL,gdelt,Permian continues to account for about half nation rigs,20211016T060000Z,2021-10-16
XOM,gdelt,Halliburton in talks to purchase Iraq oil field stake from Exxon,20211213T134500Z,2021-12-13
HAL,gdelt,Halliburton in talks to purchase Iraq oil field stake from Exxon,20211213T134500Z,2021-12-13
XOM,gdelt,"Iraq Says Halliburton , Exxon in Talks for Stake in Oil Field",20211213T161500Z,2021-12-14
HAL,gdelt,"Iraq Says Halliburton , Exxon in Talks for Stake in Oil Field",20211213T161500Z,2021-12-14
OXY,gdelt,SEC Decision Will Strengthen Investor Proxy Action on Companie Climate Targets,20211105T211500Z,2021-11-06
XOM,gdelt,Halliburton denies it vying for Exxon stake in Iraq field,20211213T230000Z,2021-12-14
HAL,gdelt,Halliburton denies it vying for Exxon stake in Iraq field,20211213T230000Z,2021-12-14
CVX,gdelt,Chevron adopts operational net zero aspiration by 2050,20211012T084500Z,2021-10-12
XOM,gdelt,"Exxon , Halliburton in talks for Iraq West Qurna - 1 oilfield , says energy minister",20211214T001500Z,2021-12-14
HAL,gdelt,"Exxon , Halliburton in talks for Iraq West Qurna - 1 oilfield , says energy minister",20211214T001500Z,2021-12-14
XOM,gdelt,"Exxon , Halliburton in talks for Iraq West Qurna - 1 oilfield , says energy minister",20211213T154500Z,2021-12-13
HAL,gdelt,"Exxon , Halliburton in talks for Iraq West Qurna - 1 oilfield , says energy minister",20211213T154500Z,2021-12-13
XOM,gdelt,Halliburton says it isnt interested in Exxon Iraq oilfield stake,20211213T191500Z,2021-12-14
HAL,gdelt,Halliburton says it isnt interested in Exxon Iraq oilfield stake,20211213T191500Z,2021-12-14
COP,gdelt,COP 3 Top Oil Gas Stocks Yielding More Than 2 . 5,20211229T231500Z,2021-12-30
HAL,gdelt,Powder River Basin shale output estimated to surpass pre - pandemic levels by 2022,20211020T160000Z,2021-10-21
CVX,gdelt,Chevron Net - Zero Goal Occidental Ghana Sale Dominate Oil Gas Stock Roundup,20211020T123000Z,2021-10-20
OXY,gdelt,Chevron Net - Zero Goal Occidental Ghana Sale Dominate Oil Gas Stock Roundup,20211020T123000Z,2021-10-20
COP,gdelt,"The Zacks Analyst Blog Highlights Devon Energy , ConocoPhillips , Hewlett Packard , Tyson Foods and Occidental Petroleum",20211209T150000Z,2021-12-09
OXY,gdelt,"The Zacks Analyst Blog Highlights Devon Energy , ConocoPhillips , Hewlett Packard , Tyson Foods and Occidental Petroleum",20211209T150000Z,2021-12-09
DVN,gdelt,"The Zacks Analyst Blog Highlights Devon Energy , ConocoPhillips , Hewlett Packard , Tyson Foods and Occidental Petroleum",20211209T150000Z,2021-12-09
COP,gdelt,"ConocoPhillips Ups Capex 36 for 2022 , but Treads Carefully on Big Projects",20211207T090000Z,2021-12-07
CVX,gdelt,"Chevron Plots Billion in 22 Capex as it Juggles Drilling , Carbon - Reduction Plans",20211203T091500Z,2021-12-03
CVX,gdelt,Chevron Venezuelan Operations Kept in Limbo After Maduro Win,20211125T033000Z,2021-11-25
CVX,gdelt,Chevron Venezuela Operations in Limbo,20211125T121500Z,2021-11-25
COP,gdelt,Why is it Worth Buying ConocoPhillips COP Shares Right Away,20211216T150000Z,2021-12-16
XOM,gdelt,"Halliburton in Talks With Exxon Over Stake in Iraqi Oil Field , Says Minister",20211213T133000Z,2021-12-13
HAL,gdelt,"Halliburton in Talks With Exxon Over Stake in Iraqi Oil Field , Says Minister",20211213T133000Z,2021-12-13
HAL,gdelt,"American Airlines , Halliburton , Moderna Rise Premarket Merck Falls By Investing . com",20211129T134500Z,2021-11-29
XOM,gdelt,Exxon Stock Is XOM Stock A Sell Despite Q2 Earnings Beat As Stock Falls ?,20211026T191500Z,2021-10-27
XOM,gdelt,"Insights on the Oil and Gas Global Market to 2025 - Featuring Exxon Mobil , BP and Vermillion Energy Among Others - ResearchAndMarkets . com",20211022T151500Z,2021-10-22
XOM,gdelt,"Chevron , Exxon are among top spenders at Biden offshore auction",20211118T053000Z,2021-11-18
CVX,gdelt,"Chevron , Exxon are among top spenders at Biden offshore auction",20211118T053000Z,2021-11-18
XOM,gdelt,Halliburton proposed to purchase ExxonMobil stake in Iraq West Qurna 1 oilfield,20211201T141500Z,2021-12-01
HAL,gdelt,Halliburton proposed to purchase ExxonMobil stake in Iraq West Qurna 1 oilfield,20211201T141500Z,2021-12-01
XOM,gdelt,Halliburton denies buying Exxon Mobil stake in Iraq West Qurna 1 oilfield,20211201T201500Z,2021-12-02
HAL,gdelt,Halliburton denies buying Exxon Mobil stake in Iraq West Qurna 1 oilfield,20211201T201500Z,2021-12-02
XOM,gdelt,"Chevron , Exxon Among Top Spenders At Biden Offshore",20211118T133000Z,2021-11-18
CVX,gdelt,"Chevron , Exxon Among Top Spenders At Biden Offshore",20211118T133000Z,2021-11-18
XOM,gdelt,Halliburton Bandied About as Exxon Replacement in Iraqi Oilfield,20211101T164500Z,2021-11-02
HAL,gdelt,Halliburton Bandied About as Exxon Replacement in Iraqi Oilfield,20211101T164500Z,2021-11-02
OXY,gdelt,Occidental OXY Q3 Earnings and Revenues Surpass Estimates,20211105T170000Z,2021-11-06
SLB,gdelt,Schlumberger Stock Shows Improved Relative Price Strength,20211217T181500Z,2021-12-18
XOM,gdelt,"Ro Khanna Wife Invests in Chevron , Exxon Stock While He Advocates Green New Deal",20211008T141500Z,2021-10-08
CVX,gdelt,"Ro Khanna Wife Invests in Chevron , Exxon Stock While He Advocates Green New Deal",20211008T141500Z,2021-10-08
XOM,gdelt,"Chevron or Exxon , Which Should Dividend Investors Own Today ?",20211002T143000Z,2021-10-02
CVX,gdelt,"Chevron or Exxon , Which Should Dividend Investors Own Today ?",20211002T143000Z,2021-10-02
SLB,gdelt,Halliburton and Schlumberger set to win Buzios well service contracts,20211026T154500Z,2021-10-26
HAL,gdelt,Halliburton and Schlumberger set to win Buzios well service contracts,20211026T154500Z,2021-10-26
HAL,gdelt,"Oilfield Service Providers Halliburton , Rivals Report Earnings Amid Rising Oil Prices",20211018T213000Z,2021-10-19
XOM,gdelt,Exxon Pledges Plan to Zero Out Emissions From Operations by 2050,20220118T151500Z,2022-01-18
COP,gdelt,Here Why ConocoPhillips COP is an Attractive Investment Bet,20220315T160000Z,2022-03-16
XOM,gdelt,Exxon joins Chevron in Permian oil surge as peers preach caution,20220202T041500Z,2022-02-02
CVX,gdelt,Exxon joins Chevron in Permian oil surge as peers preach caution,20220202T041500Z,2022-02-02
CVX,gdelt,"With Chevron Stock Near Record Highs , Analysts Are Divided",20220131T173000Z,2022-02-01
EOG,gdelt,"EOG , Devon hold thousands of untapped oil drilling permits - Bloomberg NYSE EOG",20220309T041500Z,2022-03-09
DVN,gdelt,"EOG , Devon hold thousands of untapped oil drilling permits - Bloomberg NYSE EOG",20220309T041500Z,2022-03-09
XOM,gdelt,Exxon Joins Chevron in Permian Oil Surge as Peers Preach Caution,20220201T224500Z,2022-02-02
CVX,gdelt,Exxon Joins Chevron in Permian Oil Surge as Peers Preach Caution,20220201T224500Z,2022-02-02
HAL,gdelt,Halliburton lifts payout for the first time in more than 7 years,20220124T220000Z,2022-01-25
PXD,gdelt,Pioneer Pledges to Hold U . S . Shale Output Near Flat in 2022,20220216T234500Z,2022-02-17
HAL,gdelt,Pioneer Pledges to Hold U . S . Shale Output Near Flat in 2022,20220216T234500Z,2022-02-17
XOM,gdelt,Exxon joins Chevron in Permian oil surge as peers preach caution,20220202T211500Z,2022-02-03
CVX,gdelt,Exxon joins Chevron in Permian oil surge as peers preach caution,20220202T211500Z,2022-02-03
HAL,gdelt,Halliburton lifts dividend for first time in over seven years,20220124T220000Z,2022-01-25
COP,gdelt,"1 Stock To Buy , 1 To Dump When Markets Open ConocoPhillips , KB Home",20220327T141500Z,2022-03-27
HAL,gdelt,"Energy stocks fall , led by Halliburton , as crude oil futures set to snap longest win streak in 10 months",20211231T131500Z,2021-12-31
XOM,gdelt,"Exxon , Chevron Promise Boost To Permian Basin Oil Production",20220201T210000Z,2022-02-02
CVX,gdelt,"Exxon , Chevron Promise Boost To Permian Basin Oil Production",20220201T210000Z,2022-02-02
HAL,gdelt,"US oil mini - major emerge from shale patch deals , soaring energy prices By Reuters",20220315T174500Z,2022-03-16
HAL,gdelt,High Oil Prices Arent Enough To Tempt Shale Producers,20220302T001500Z,2022-03-02
HAL,gdelt,"U . S . oil mini - major emerge from shale patch deals , soaring energy prices",20220315T183000Z,2022-03-16
HAL,gdelt,Running Out Of Sweet Spots Shale Growth May Not Materialize,20220208T191500Z,2022-02-09
HAL,gdelt,Halliburton sees frac equipment orders double as shale rebounds,20220125T191500Z,2022-01-26
HAL,gdelt,Running Out Of Sweet Spots Shale Growth May Not Materialize,20220208T010000Z,2022-02-08
HAL,gdelt,"Canada , US , and China Shale Gas Hydraulic Fracturing Market surpassing around 48 , 814 . 70 units by 2027 - Comprehensive Research Report by FMI",20220119T053000Z,2022-01-19
HAL,gdelt,"U . S . oil mini - major emerge from shale patch deals , soaring energy prices Hellenic Shipping News Worldwide",20220316T161500Z,2022-03-17
SLB,gdelt,Protesters call on Schlumberger to stop business with Russia,20220303T193000Z,2022-03-04
EOG,gdelt,Benchmark Prices To Assist EOG Resources Stock In The Near - Term,20220202T111500Z,2022-02-02
XOM,gdelt,"Amazon , AMD , Alphabet , Exxon Mobil , General Motors , and Other Stocks to Watch This Week",20220131T021500Z,2022-01-31
XOM,gdelt,"Amazon , AMD , Alphabet , Exxon Mobil , General Motors , and Other Stocks for Investors to Watch This Week",20220130T211500Z,2022-01-31
XOM,gdelt,ExxonMobil Running Pilot Project to Supply Flared Gas for Bitcoin Mining Report,20220324T200000Z,2022-03-25
HAL,gdelt,Halliburton stops new business in Russia and commits to wind - down,20220321T164500Z,2022-03-22
CVX,gdelt,"Chevron stock is now a relative sell after too much outperformance , analyst says",20220311T150000Z,2022-03-11
EOG,gdelt,EOG Resources Stock Is A Good Addition To Energy Portfolio,20220105T150000Z,2022-01-05
CVX,gdelt,Chevron to Boost Permian Output 10 Percent,20220131T163000Z,2022-02-01
HAL,gdelt,EOG Holds Back Oil - Production Growth in Line With Shale Peers,20220224T231500Z,2022-02-25
EOG,gdelt,EOG Holds Back Oil - Production Growth in Line With Shale Peers,20220224T231500Z,2022-02-25
CVX,gdelt,Chevron to Boost Permian Output 10 in Major Lift for U . S . Shale,20220128T193000Z,2022-01-29
HAL,gdelt,Chevron to Boost Permian Output 10 in Major Lift for U . S . Shale,20220128T193000Z,2022-01-29
CVX,gdelt,Chevron to boost Permian output 10 in major lift for U . S . shale,20220129T031500Z,2022-01-29
HAL,gdelt,Chevron to boost Permian output 10 in major lift for U . S . shale,20220129T031500Z,2022-01-29
SLB,gdelt,Oilfield services company Schlumberger suspends new investment in Russia,20220319T133000Z,2022-03-19
XOM,gdelt,"CapitalGainsReport Energy Sector Outperforms As XOM , CVX Overpay Dividends And Independents Like AGYP Focus On Oil Exploration And Production",20220131T103000Z,2022-01-31
CVX,gdelt,"CapitalGainsReport Energy Sector Outperforms As XOM , CVX Overpay Dividends And Independents Like AGYP Focus On Oil Exploration And Production",20220131T103000Z,2022-01-31
HAL,gdelt,American Shale Springs Into Action To Tame Runaway Oil Market,20220210T224500Z,2022-02-11
SLB,gdelt,"Halliburton , Schlumberger draw back from Russia amid U . S . energy sanctions",20220319T200000Z,2022-03-20
HAL,gdelt,"Halliburton , Schlumberger draw back from Russia amid U . S . energy sanctions",20220319T200000Z,2022-03-20
SLB,gdelt,"Halliburton , Schlumberger draw back from Russia amid U . S . energy sanctions",20220319T061500Z,2022-03-19
HAL,gdelt,"Halliburton , Schlumberger draw back from Russia amid U . S . energy sanctions",20220319T061500Z,2022-03-19
XOM,gdelt,"Carbon Dioxide Enhanced Oil Recovery Market 2022 Growth Analysis , Industry Dynamics 2026 Total SE , Exxon Mobil Corporation , China Petroleum and Chemical Corporation , BP plc and Royal Dutch Shell The Tech Talk",20220206T230000Z,2022-02-07
XOM,gdelt,Exxon vows to have net - zero carbon emissions from operations by 2050,20220118T211500Z,2022-01-19
COP,gdelt,"U . S . Shale Surge Should Worry Oil Markets , Conoco CEO Says",20220203T200000Z,2022-02-04
HAL,gdelt,"U . S . Shale Surge Should Worry Oil Markets , Conoco CEO Says",20220203T200000Z,2022-02-04
XOM,gdelt,Exxon Aims For Net - Zero Carbon Emissions By 2050,20220119T203000Z,2022-01-20
XOM,gdelt,ExxonMobil Makes Pledge for Net Zero GHG Emissions by 2050,20220118T210000Z,2022-01-19
HAL,gdelt,Halliburton winding down Russian operations,20220318T220000Z,2022-03-19
XOM,gdelt,Exxon vows to have net - zero CO2 emissions from operations by 2050,20220118T194500Z,2022-01-19
OXY,gdelt,Warren Buffett Bought 12 . 7 of Occidental Petroleum Stock . Will He Buy the Rest ?,20220314T071500Z,2022-03-14
OXY,gdelt,Warren Buffett a Big Chunk of Occidental Petroleum Stock . Will He Buy the Rest ?,20220314T120000Z,2022-03-14
XOM,gdelt,"White House to Meet With Exxon , Other Firms on Russia Sanctions",20220321T044500Z,2022-03-21
HAL,gdelt,Shale CEO Sees Oil Demand Wrecked at - CERAWeek Update,20220309T180000Z,2022-03-10
CVX,gdelt,"Devon , Chevron work to cut air pollution in Permian Basin operations",20220311T141500Z,2022-03-11
DVN,gdelt,"Devon , Chevron work to cut air pollution in Permian Basin operations",20220311T141500Z,2022-03-11
COP,gdelt,ConocoPhillips Is Concerned U . S . Oil Output Is Growing Too Fast,20220203T184500Z,2022-02-04
SLB,gdelt,Schlumberger Announces Deployment of Reservoir Engineering Digital Solutions for Global Customer,20220307T150000Z,2022-03-07
SLB,gdelt,Schlumberger Announces Deployment of Reservoir Engineering Digital Solutions for Global Customer,20220307T194500Z,2022-03-08
XOM,gdelt,Exxon Vows to Have Net - Zero Carbon Emissions by 2050,20220119T003000Z,2022-01-19
CVX,gdelt,Chevron Lands on a Surprising List of Stocks,20220623T000000Z,2022-06-23
HAL,gdelt,US Shale Swings From Losses To Record Cash Flows,20220509T181500Z,2022-05-10
DVN,gdelt,Top oil execs refuse House committee request to testify on high prices NYSE DVN,20220331T061500Z,2022-03-31
HAL,gdelt,U . S . Shale Swings From Losses To Record Cash Flows,20220509T004500Z,2022-05-09
XOM,gdelt,"Exxon , Chevron , and Other U . S . Energy Producers Are Exercising Restraint",20220509T180000Z,2022-05-10
CVX,gdelt,"Exxon , Chevron , and Other U . S . Energy Producers Are Exercising Restraint",20220509T180000Z,2022-05-10
XOM,gdelt,Exxon Makes Goldman List of Top Oil Stocks,20220425T221500Z,2022-04-26
OXY,gdelt,"1 Stock To Buy , 1 To Dump When Markets Open Occidental Petroleum , Roblox",20220508T164500Z,2022-05-09
CVX,gdelt,Warren Buffett Just Bought More Chevron Stock Here Are 3 More Oil Stocks to Consider,20220507T140000Z,2022-05-07
CVX,gdelt,Warren Buffett Just Bought More Chevron Stock Here Are 3 More Oil Stocks to Consider,20220507T171500Z,2022-05-08
XOM,gdelt,"From XOM to CVX 5 top performing stocks in Q1 , FY22",20220402T044500Z,2022-04-02
CVX,gdelt,"From XOM to CVX 5 top performing stocks in Q1 , FY22",20220402T044500Z,2022-04-02
CVX,gdelt,"Russian oil output faces long - term decline as Western firms exit , Chevron CEO says",20220605T120000Z,2022-06-05
HAL,gdelt,Shale Producers Court European Buyers in Bid for Key LNG Market,20220408T034500Z,2022-04-08
XOM,gdelt,"Exxon , Chevron Shareholders Back Energy Transition",20220526T081500Z,2022-05-26
CVX,gdelt,"Exxon , Chevron Shareholders Back Energy Transition",20220526T081500Z,2022-05-26
XOM,gdelt,"The Zacks Analyst Blog Highlights Exxon Mobil , Chevron , Devon Energy , ConocoPhillips and Marathon Oil",20220424T021500Z,2022-04-24
CVX,gdelt,"The Zacks Analyst Blog Highlights Exxon Mobil , Chevron , Devon Energy , ConocoPhillips and Marathon Oil",20220424T021500Z,2022-04-24
COP,gdelt,"The Zacks Analyst Blog Highlights Exxon Mobil , Chevron , Devon Energy , ConocoPhillips and Marathon Oil",20220424T021500Z,2022-04-24
DVN,gdelt,"The Zacks Analyst Blog Highlights Exxon Mobil , Chevron , Devon Energy , ConocoPhillips and Marathon Oil",20220424T021500Z,2022-04-24
XOM,gdelt,"Oil stocks enjoy broad rally as crude prices jump , with Exxon Mobil at an 8 - year high and Chevron at a record",20220531T113000Z,2022-05-31
CVX,gdelt,"Oil stocks enjoy broad rally as crude prices jump , with Exxon Mobil at an 8 - year high and Chevron at a record",20220531T113000Z,2022-05-31
XOM,gdelt,Exxon Passes Mark For First Time Since 2014,20220608T173000Z,2022-06-09
COP,gdelt,ConocoPhillips reports . 8 billion in first quarter profits,20220505T160000Z,2022-05-06
COP,gdelt,ConocoPhillips reports . 8 billion in first quarter profits,20220505T121500Z,2022-05-05
HAL,gdelt,Shale producers court European buyers in bid for key LNG market,20220411T191500Z,2022-04-12
CVX,gdelt,Chevron Venezuela license renewed under same restrictions NYSE CVX,20220527T173000Z,2022-05-28
DVN,gdelt,Devon Energy Stock An Undervalued Energy Player NYSE DVN,20220403T201500Z,2022-04-04
HAL,gdelt,Asphalt Market Size to Grow by USD 32 . 89 mn BP Plc and CEMEX SAB de CV Among Key Vendors,20220512T150000Z,2022-05-12
OXY,gdelt,"Occidental , Devon , and 7 Other Energy Stocks That Look Particularly Cheap",20220429T071500Z,2022-04-29
DVN,gdelt,"Occidental , Devon , and 7 Other Energy Stocks That Look Particularly Cheap",20220429T071500Z,2022-04-29
XOM,gdelt,It Exxon vs Chevron Here How Investors Can Play Them,20220608T153000Z,2022-06-08
CVX,gdelt,It Exxon vs Chevron Here How Investors Can Play Them,20220608T153000Z,2022-06-08
XOM,gdelt,Oil majors Exxon and Chevron yield hefty profits despite a world of chaos,20220430T100000Z,2022-04-30
CVX,gdelt,Oil majors Exxon and Chevron yield hefty profits despite a world of chaos,20220430T100000Z,2022-04-30
CVX,gdelt,Chevron seen very likely to win license extension for Venezuela operations NYSE CVX,20220407T234500Z,2022-04-08
SLB,gdelt,Best Oil Stocks For Q2 2022 Halliburton And Schlumberger,20220506T133000Z,2022-05-06
HAL,gdelt,Best Oil Stocks For Q2 2022 Halliburton And Schlumberger,20220506T133000Z,2022-05-06
CVX,gdelt,Chevron Venezuelan Waiver Extension Keeps Status Quo,20220531T181500Z,2022-06-01
XOM,gdelt,"LNG Exxon , Total poised to win stakes in Qatar gas project",20220607T201500Z,2022-06-08
COP,gdelt,"Oil Majors BP , Shell , ConocoPhillips Earnings On Tap Amid High Oil Prices",20220503T004500Z,2022-05-03
CVX,gdelt,"Natural Gas Market to See Massive Growth by 2027 British Petroleum , Lukoil , Total , Chevron",20220516T141500Z,2022-05-16
XOM,gdelt,"Qatar Picks Exxon , Total , Shell , Conoco For Mega - LNG Expansi ...",20220609T071500Z,2022-06-09
COP,gdelt,"Qatar Picks Exxon , Total , Shell , Conoco For Mega - LNG Expansi ...",20220609T071500Z,2022-06-09
XOM,gdelt,"Eni to join Exxon , Total , Shell , Conoco in Qatar mega - LNG expansion",20220608T171500Z,2022-06-09
COP,gdelt,"Eni to join Exxon , Total , Shell , Conoco in Qatar mega - LNG expansion",20220608T171500Z,2022-06-09
XOM,gdelt,The Problem With Exxon Donations to Brookings,20220614T130000Z,2022-06-14
CVX,gdelt,"Houston , Texas becoming more of primary location for Chevron as readies to sell San Ramon , California campus , pays for employees move",20220628T170000Z,2022-06-29
CVX,gdelt,"Houston , Texas becoming more of primary location for Chevron as readies to sell San Ramon , California campus , pays for employees move",20220629T160000Z,2022-06-30
SLB,gdelt,"Schlumberger , Shell , SunRun , and 3 Other Energy Stocks to Consider in a Hot Market",20220612T204500Z,2022-06-13
XOM,gdelt,"Exxon Gets an Upgrade , but Analyst Takes Chips Off Table for 2 Other Oil Stocks",20220607T154500Z,2022-06-07
XOM,gdelt,"Qatar picks Exxon , TotalEnergies , Shell , and ConocoPhillips for LNG expansion",20220608T103000Z,2022-06-08
COP,gdelt,"Qatar picks Exxon , TotalEnergies , Shell , and ConocoPhillips for LNG expansion",20220608T103000Z,2022-06-08
SLB,gdelt,U . S . oil services firms push for revamped Venezuela license - Reuters NYSE SLB,20220421T210000Z,2022-04-22
COP,gdelt,Dadu signs on ConocoPhillips as Founding Family member,20220427T194500Z,2022-04-28
COP,gdelt,"QM , ConocoPhillips sign Founding Family pact",20220428T064500Z,2022-04-28
CVX,gdelt,"Chevron Venezuela License Renewed , Caracas Mulls Concessions",20220606T081500Z,2022-06-06
CVX,gdelt,"Berkshire Hathaway boosts bet on oil ahead of shareholder meeting , makes Chevron 4th - largest investment",20220430T170000Z,2022-05-01
DVN,gdelt,Devon and 3 Other Energy Stocks That Are Gushing Cash,20220524T060000Z,2022-05-24
XOM,gdelt,"Exxon , Shell Oil execs testify before Congress on high gasoline prices",20220407T003000Z,2022-04-07
XOM,gdelt,"Energy the lone sector rising , with ConocoPhillips stock at a record and Exxon Mobil at 8 - year high",20220601T174500Z,2022-06-02
COP,gdelt,"Energy the lone sector rising , with ConocoPhillips stock at a record and Exxon Mobil at 8 - year high",20220601T174500Z,2022-06-02
OXY,gdelt,"Why Occidental Petroleum , Range Resources , and Transocean All Plunged as Much as 10 Today",20220509T194500Z,2022-05-10
XOM,gdelt,"Qatar picks Exxon , Total , Shell and Conoco for mega - LNG expansion",20220608T104500Z,2022-06-08
COP,gdelt,"Qatar picks Exxon , Total , Shell and Conoco for mega - LNG expansion",20220608T104500Z,2022-06-08
HAL,gdelt,Three U . S . Producers Raising Shale Output,20220429T130000Z,2022-04-29
XOM,gdelt,"Eni to join Exxon , Total , Shell , Conoco in Qatar mega - LNG expansion - sources",20220608T231500Z,2022-06-09
COP,gdelt,"Eni to join Exxon , Total , Shell , Conoco in Qatar mega - LNG expansion - sources",20220608T231500Z,2022-06-09
XOM,gdelt,"Exxon , Others May Benefit From LNG Strength Wells Fargo",20220629T203000Z,2022-06-30
HAL,gdelt,"Oil Stocks Devon Energy , Diamondback Kick Off Big Week For Shale Energy Plays",20220502T181500Z,2022-05-03
DVN,gdelt,"Oil Stocks Devon Energy , Diamondback Kick Off Big Week For Shale Energy Plays",20220502T181500Z,2022-05-03
XOM,gdelt,"Qatar picks Exxon , Total , Shell , Conoco for mega - LNG expansion sources Hellenic Shipping News Worldwide",20220608T203000Z,2022-06-09
COP,gdelt,"Qatar picks Exxon , Total , Shell , Conoco for mega - LNG expansion sources Hellenic Shipping News Worldwide",20220608T203000Z,2022-06-09
CVX,gdelt,U . S . renews Chevron Venezuela license through November under same restrictions,20220528T071500Z,2022-05-28
HAL,gdelt,Three U . S . Shale Producers Are Raising Output as Biden Looks to Tame Oil Prices By Bloomberg,20220427T201500Z,2022-04-28
HAL,gdelt,Shale Oil Producer Stocks Drop Ahead Of Quarterly Earnings,20220801T194500Z,2022-08-02
COP,gdelt,ConocoPhillips Bucks Market And Breaks Out But Concerns Remain,20220915T163000Z,2022-09-16
CVX,gdelt,Do declining oil prices create a buying opportunity for Chevron ?,20220914T070000Z,2022-09-14
DVN,gdelt,Devon Energy Corporation Joins Oil and Gas Industry Consortium Blockchain for Energy,20220823T151500Z,2022-08-23
OXY,gdelt,Why Buffett is Buying OXY Stock InvestorPlace,20220705T004500Z,2022-07-05
OXY,gdelt,Is Warren Buffett Favorite Stock Overbought ? Occidental Petroleum Gets Downgrade From Analysts,20220711T200000Z,2022-07-12
HAL,gdelt,US Shale Defy Calls To Boost Output As They Funnel Profits To Shareholders,20220808T174500Z,2022-08-09
HAL,gdelt,Lessons learned in shale bust helped oil rebound from pandemic,20220823T153000Z,2022-08-23
HAL,gdelt,Lessons learned in shale bust helped oil rebound from pandemic,20220823T163000Z,2022-08-24
OXY,gdelt,"1 Stock To Buy , 1 Stock To Dump This Week Occidental Petroleum , Carnival",20220704T093000Z,2022-07-04
XOM,gdelt,Better Buy Occidental Petroleum vs . ExxonMobil Stock,20220922T140000Z,2022-09-22
OXY,gdelt,Better Buy Occidental Petroleum vs . ExxonMobil Stock,20220922T140000Z,2022-09-22
OXY,gdelt,"1 Stock To Buy , 1 Stock To Dump This Week Occidental Petroleum , Robinhood Markets",20220731T164500Z,2022-08-01
OXY,gdelt,"Valero , Occidental , and 3 Other Oil Companies Pumping Out Cash",20220726T131500Z,2022-07-26
OXY,gdelt,"OXY Stock , A Warren Buffett Favorite , Set To Report Earnings Along With These Fast - Growing Firms",20220729T171500Z,2022-07-30
MPC,gdelt,Marathon Petroleum Stock Gains as Earnings Exceed Forecasts,20220802T130000Z,2022-08-02
OXY,gdelt,"Permian provides a gusher of profits as Oxy , Pioneer join oil bonanza",20220804T161500Z,2022-08-05
PXD,gdelt,"Permian provides a gusher of profits as Oxy , Pioneer join oil bonanza",20220804T161500Z,2022-08-05
OXY,gdelt,"Permian provides a gusher of profits as Oxy , Pioneer join oil bonanza",20220804T103000Z,2022-08-04
PXD,gdelt,"Permian provides a gusher of profits as Oxy , Pioneer join oil bonanza",20220804T103000Z,2022-08-04
EOG,gdelt,"EOG Resources , Permian Resources Upgraded , Devon Energy Cut at JPMorgan on Valuation",20220915T204500Z,2022-09-16
DVN,gdelt,"EOG Resources , Permian Resources Upgraded , Devon Energy Cut at JPMorgan on Valuation",20220915T204500Z,2022-09-16
OXY,gdelt,Warren Buffett Loves Occidental Petroleum -- Here Are 3 More Oil Stocks He Should Consider,20220801T130000Z,2022-08-01
CVX,gdelt,Exclusive - Chevron offering minority stakes in three Alaskan oilfields,20220919T200000Z,2022-09-20
SLB,gdelt,Schlumberger Digital Forum features heavyweight speakers this week,20220920T153000Z,2022-09-20
HAL,gdelt,"Up 20 to 100 , Can These 3 Oil Stocks Keep Beating the Market In the Second Half of 2022 ?",20220704T140000Z,2022-07-04
XOM,gdelt,"ConocoPhillips , ExxonMobil , Chevron interested in Pikka ?",20220702T051500Z,2022-07-02
CVX,gdelt,"ConocoPhillips , ExxonMobil , Chevron interested in Pikka ?",20220702T051500Z,2022-07-02
COP,gdelt,"ConocoPhillips , ExxonMobil , Chevron interested in Pikka ?",20220702T051500Z,2022-07-02
PXD,gdelt,"Tax Bill May Crush US Mom and Pop Oil Drillers , Pioneer CEO Says",20220809T171500Z,2022-08-10
PXD,gdelt,Pioneer CEO Says Tax Bill May Crush united states Mom - N - Pop Oil Drillers,20220810T143000Z,2022-08-10
HAL,gdelt,Shale Oil Market Matrix Size For Emerging Segments By 2 ...,20220818T074500Z,2022-08-18
HAL,gdelt,Shale Oil Market Matrix Size For Emerging Segments by 2031,20220818T063000Z,2022-08-18
XOM,gdelt,"Exxon , Chevron , Occidental , and Other Companies That Could Benefit From Manchin Bill",20220728T210000Z,2022-07-29
CVX,gdelt,"Exxon , Chevron , Occidental , and Other Companies That Could Benefit From Manchin Bill",20220728T210000Z,2022-07-29
OXY,gdelt,"Exxon , Chevron , Occidental , and Other Companies That Could Benefit From Manchin Bill",20220728T210000Z,2022-07-29
XOM,gdelt,Exxon says rising oil and gas prices will net it a Q2 windfall profit of at least . 5 billion,20220701T223000Z,2022-07-02
XOM,gdelt,"Chevron , Exxon Urge 5th Circuit To Keep La . Suit In Fed . Court",20220802T021500Z,2022-08-02
CVX,gdelt,"Chevron , Exxon Urge 5th Circuit To Keep La . Suit In Fed . Court",20220802T021500Z,2022-08-02
OXY,gdelt,Occidental Petroleum Stock News and Forecast Will Warren Buffet keep buying OXY ?,20220824T131500Z,2022-08-24
CVX,gdelt,Warren Buffett Berkshire Hathaway has piled about billion into Chevron and Occidental Petroleum this year . Here are 8 of Buffett best quotes about investing in the oil business,20220724T124500Z,2022-07-24
OXY,gdelt,Warren Buffett Berkshire Hathaway has piled about billion into Chevron and Occidental Petroleum this year . Here are 8 of Buffett best quotes about investing in the oil business,20220724T124500Z,2022-07-24
CVX,gdelt,"Warren Buffett 8 Best Quotes About Oil As He Bets Big on Chevron , Oxy",20220724T121500Z,2022-07-24
OXY,gdelt,"Warren Buffett 8 Best Quotes About Oil As He Bets Big on Chevron , Oxy",20220724T121500Z,2022-07-24
SLB,gdelt,Schlumberger Says Unpaid Russia Bills Amount to Million,20220727T164500Z,2022-07-28
OXY,gdelt,Forget Occidental Petroleum OXY Here Are 4 Better Oil Picks,20220713T121500Z,2022-07-13
OXY,gdelt,Occidental Petroleum Stock Look Elsewhere In Oil And Gas NYSE OXY,20220914T000000Z,2022-09-14
COP,gdelt,Oil Stock To Watch ConocoPhillips Moves Toward Buy Point Investor Business Daily,20220823T001500Z,2022-08-23
COP,gdelt,What Does Occidental Petroleum Have That ConocoPhillips Doesnt ?,20220824T180000Z,2022-08-25
OXY,gdelt,What Does Occidental Petroleum Have That ConocoPhillips Doesnt ?,20220824T180000Z,2022-08-25
DVN,gdelt,"Devon , Diamondback Energy Power Past Estimates on Oil Price Surge",20220802T171500Z,2022-08-03
COP,gdelt,ConocoPhillips Will Be A Winner As Energy Enters Into A New Era NYSE COP,20220912T203000Z,2022-09-13
SLB,gdelt,Schlumberger Stock Shows Rising Relative Strength,20220801T194500Z,2022-08-02
HAL,gdelt,2 Top High - Yield Energy Stocks for the Second Half Of 2022,20220725T081500Z,2022-07-25
HAL,gdelt,Baker Hughe challenges may foreshadow struggles for oil industry,20220818T121500Z,2022-08-18
HAL,gdelt,Challenges at Baker Hughes may foreshadow struggles for oil field services industry in transition to lower carbon energy,20220818T110000Z,2022-08-18
CVX,gdelt,Better Buffett Oil Stock Occidental Petroleum vs . Chevron,20220712T164500Z,2022-07-13
OXY,gdelt,Better Buffett Oil Stock Occidental Petroleum vs . Chevron,20220712T164500Z,2022-07-13
CVX,gdelt,Better Buffett Oil Stock Occidental Petroleum vs . Chevron,20220715T121500Z,2022-07-15
OXY,gdelt,Better Buffett Oil Stock Occidental Petroleum vs . Chevron,20220715T121500Z,2022-07-15
CVX,gdelt,Chevron CEO Sees More Upside Ahead for Oil Prices . What Does That Mean for Oil Stocks ?,20220714T163000Z,2022-07-15
HAL,gdelt,"Biden Russia - oil ban opens path for shale giants EOG , Devon to fill the gap",20220903T000000Z,2022-09-03
EOG,gdelt,"Biden Russia - oil ban opens path for shale giants EOG , Devon to fill the gap",20220903T000000Z,2022-09-03
DVN,gdelt,"Biden Russia - oil ban opens path for shale giants EOG , Devon to fill the gap",20220903T000000Z,2022-09-03
XOM,gdelt,Exxon Mobil Stock Sell The Optimism Before The Recession Scare NYSE XOM,20220711T160000Z,2022-07-12
HAL,gdelt,Shale Drillers Are Holding Firm on Output as Oilfield Costs Rise,20220806T150000Z,2022-08-06
HAL,gdelt,Halliburton Wraps Up Exit From Russian Operation,20220909T160000Z,2022-09-10
HAL,gdelt,Halliburton Wraps Up Exit From Russian Operation,20220909T150000Z,2022-09-09
OXY,gdelt,Better Buy Occidental Petroleum or Devon Energy ?,20220818T133000Z,2022-08-18
DVN,gdelt,Better Buy Occidental Petroleum or Devon Energy ?,20220818T133000Z,2022-08-18
HAL,gdelt,US Shale Oil Producers Face Over Billion in Hedging Losses,20220817T140000Z,2022-08-17
HAL,gdelt,Halliburton Stock Shows Rising Market Leadership Earns 86 RS Rating,20220906T194500Z,2022-09-07
EOG,gdelt,"EOG Resources No Hype Here , Just A Good Oil Stock NYSE EOG",20220908T001500Z,2022-09-08
XOM,gdelt,"Why ExxonMobil , Occidental Petroleum , and Devon Energy Stocks Surged Today",20220914T203000Z,2022-09-15
OXY,gdelt,"Why ExxonMobil , Occidental Petroleum , and Devon Energy Stocks Surged Today",20220914T203000Z,2022-09-15
DVN,gdelt,"Why ExxonMobil , Occidental Petroleum , and Devon Energy Stocks Surged Today",20220914T203000Z,2022-09-15
OXY,gdelt,Warren Buffett firm buys more Occidental Petroleum shares,20220714T183000Z,2022-07-15
OXY,gdelt,Buffett Berkshire Hathaway now has 18 . 7 percent stake in Oxy,20220711T134500Z,2022-07-11
OXY,gdelt,Warren Buffett Firm Buys More Occidental Petroleum Shares,20220715T093000Z,2022-07-15
HAL,gdelt,Shale Gas Market to record USD 18 . 13 Bn growth North America to occupy 89 market share -- Technavio,20221012T024500Z,2022-10-12
HAL,gdelt,"The Global Shale Gas Market is expected to grow by . 13 bn during 2022 - 2026 , accelerating at a CAGR of 5 . 15 during the forecast period Padovanews",20221018T071500Z,2022-10-18
XOM,gdelt,"U . S . Oil Giants Exxon Mobil , Chevron and ConocoPhillips Challenged Over Secretive Tax Practices NBC New York",20221121T160000Z,2022-11-22
CVX,gdelt,"U . S . Oil Giants Exxon Mobil , Chevron and ConocoPhillips Challenged Over Secretive Tax Practices NBC New York",20221121T160000Z,2022-11-22
COP,gdelt,"U . S . Oil Giants Exxon Mobil , Chevron and ConocoPhillips Challenged Over Secretive Tax Practices NBC New York",20221121T160000Z,2022-11-22
HAL,gdelt,"U . S . Oil Giants Exxon Mobil , Chevron and ConocoPhillips Challenged Over Secretive Tax Practices NBC New York",20221121T160000Z,2022-11-22
XOM,gdelt,"U . S . Oil Giants Exxon Mobil , Chevron and ConocoPhillips Challenged Over Secretive Tax Practices NBC Connecticut",20221121T160000Z,2022-11-22
CVX,gdelt,"U . S . Oil Giants Exxon Mobil , Chevron and ConocoPhillips Challenged Over Secretive Tax Practices NBC Connecticut",20221121T160000Z,2022-11-22
COP,gdelt,"U . S . Oil Giants Exxon Mobil , Chevron and ConocoPhillips Challenged Over Secretive Tax Practices NBC Connecticut",20221121T160000Z,2022-11-22
HAL,gdelt,"U . S . Oil Giants Exxon Mobil , Chevron and ConocoPhillips Challenged Over Secretive Tax Practices NBC Connecticut",20221121T160000Z,2022-11-22
HAL,gdelt,Shale Forecast 2023 Shale Outlook,20221221T170000Z,2022-12-22
CVX,gdelt,"EOG , SLB , or CVX Which Energy Stock Looks More Appealing Heading into 2023 ?",20221224T090000Z,2022-12-24
SLB,gdelt,"EOG , SLB , or CVX Which Energy Stock Looks More Appealing Heading into 2023 ?",20221224T090000Z,2022-12-24
EOG,gdelt,"EOG , SLB , or CVX Which Energy Stock Looks More Appealing Heading into 2023 ?",20221224T090000Z,2022-12-24
DVN,gdelt,"1 Stock To Buy , 1 Stock To Dump This Week Devon Energy , Robinhood",20221030T143000Z,2022-10-30
DVN,gdelt,Will Energy Stock Devon Energy Beat Q3 Earnings On Tuesday ? Investor Business Daily,20221031T224500Z,2022-11-01
XOM,gdelt,"U . S . oil giants Exxon Mobil , Chevron and ConocoPhillips challenged over secretive tax practices",20221123T021500Z,2022-11-23
CVX,gdelt,"U . S . oil giants Exxon Mobil , Chevron and ConocoPhillips challenged over secretive tax practices",20221123T021500Z,2022-11-23
COP,gdelt,"U . S . oil giants Exxon Mobil , Chevron and ConocoPhillips challenged over secretive tax practices",20221123T021500Z,2022-11-23
HAL,gdelt,"U . S . oil giants Exxon Mobil , Chevron and ConocoPhillips challenged over secretive tax practices",20221123T021500Z,2022-11-23
CVX,gdelt,"Insights on the Natural Gas Liquids Global Market to 2030 - Featuring BP , Chevron , ConocoPhillips and Devon Energy Among Others",20220929T151500Z,2022-09-29
COP,gdelt,"Insights on the Natural Gas Liquids Global Market to 2030 - Featuring BP , Chevron , ConocoPhillips and Devon Energy Among Others",20220929T151500Z,2022-09-29
DVN,gdelt,"Insights on the Natural Gas Liquids Global Market to 2030 - Featuring BP , Chevron , ConocoPhillips and Devon Energy Among Others",20220929T151500Z,2022-09-29
PXD,gdelt,Pioneer Natural Resources A Look At 2022 And Beyond NYSE PXD,20221221T183000Z,2022-12-22
XOM,gdelt,"Oxfam confronts Exxon , Chevron , and ConocoPhillips with shareholder resolutions over secretive tax practices",20221122T201500Z,2022-11-23
CVX,gdelt,"Oxfam confronts Exxon , Chevron , and ConocoPhillips with shareholder resolutions over secretive tax practices",20221122T201500Z,2022-11-23
COP,gdelt,"Oxfam confronts Exxon , Chevron , and ConocoPhillips with shareholder resolutions over secretive tax practices",20221122T201500Z,2022-11-23
CVX,gdelt,Chevron can resume oil production in Venezuela as U . S . confirms license NYSE CVX,20221127T034500Z,2022-11-27
CVX,gdelt,Chevron Takes a Big Step to Capture This Multi - Trillion - Dollar Opportunity,20221218T130000Z,2022-12-18
CVX,gdelt,Berkshire Bets Big on Energy With Nearly of Chevron and Occidental Stock,20221108T181500Z,2022-11-09
OXY,gdelt,Berkshire Bets Big on Energy With Nearly of Chevron and Occidental Stock,20221108T181500Z,2022-11-09
XOM,gdelt,Better Buy ExxonMobil or Devon Energy ?,20221228T171500Z,2022-12-29
DVN,gdelt,Better Buy ExxonMobil or Devon Energy ?,20221228T171500Z,2022-12-29
HAL,gdelt,"EQT , Halliburton Lead Energy Stocks Lower As Russian Oil Embargo And Price Cap Kick In",20221205T203000Z,2022-12-06
XOM,gdelt,"Oil Producer Stocks Exxon , Chevron Advance As Biden Calls For Profit Tax",20221101T174500Z,2022-11-02
CVX,gdelt,"Oil Producer Stocks Exxon , Chevron Advance As Biden Calls For Profit Tax",20221101T174500Z,2022-11-02
SLB,gdelt,Exclusive - Schlumberger faces employee backlash in Russia over cooperation on draft,20221014T161500Z,2022-10-15
SLB,gdelt,Exclusive - Schlumberger Faces Employee Backlash In Russia Over Cooperation On Draft,20221014T163000Z,2022-10-15
HAL,gdelt,Oil Giant Outlook Reflects the Losing Sheen of the Largest Shale Play Permian Basin,20221108T231500Z,2022-11-09
OXY,gdelt,"Diamondback Energy , Warren Buffett Stock Occidental Set To Release Booming Profits",20221107T191500Z,2022-11-08
CVX,gdelt,Why Chevron and Other Oil Stocks Popped Today,20221223T184500Z,2022-12-24
CVX,gdelt,California climate change lawsuit to return to state court after judge ruling NYSE CVX,20221025T031500Z,2022-10-25
SLB,gdelt,Schlumberger faces employee backlash in Russia over draft cooperation,20221015T074500Z,2022-10-15
HAL,gdelt,"Video Interview U . S . Shale , Geopolitics , And Europe Crisis",20221031T103000Z,2022-10-31
CVX,gdelt,"Why Chevron , Occidental Petroleum , and Devon Energy Rocketed Higher Today",20221003T204500Z,2022-10-04
OXY,gdelt,"Why Chevron , Occidental Petroleum , and Devon Energy Rocketed Higher Today",20221003T204500Z,2022-10-04
DVN,gdelt,"Why Chevron , Occidental Petroleum , and Devon Energy Rocketed Higher Today",20221003T204500Z,2022-10-04
HAL,gdelt,"For top U . S . oil producers , Permian shale output is losing steam By Reuters",20221028T200000Z,2022-10-29
CVX,gdelt,"Why Chevron , Occidental Petroleum , and Devon Energy Rallied Today",20221122T203000Z,2022-11-23
OXY,gdelt,"Why Chevron , Occidental Petroleum , and Devon Energy Rallied Today",20221122T203000Z,2022-11-23
DVN,gdelt,"Why Chevron , Occidental Petroleum , and Devon Energy Rallied Today",20221122T203000Z,2022-11-23
CVX,gdelt,"Why Chevron , Occidental Petroleum , and Devon Energy Rallied This Week",20221007T141500Z,2022-10-07
OXY,gdelt,"Why Chevron , Occidental Petroleum , and Devon Energy Rallied This Week",20221007T141500Z,2022-10-07
DVN,gdelt,"Why Chevron , Occidental Petroleum , and Devon Energy Rallied This Week",20221007T141500Z,2022-10-07
XOM,gdelt,Enlink Sees More Carbon - Removal Projects After Exxon Deal,20221020T003000Z,2022-10-20
HAL,gdelt,Haliburton Sees Net Income More Than Double Year - Over - Year,20221025T153000Z,2022-10-25
XOM,gdelt,"Exxon , Shell and Chevron sued by New Jersey over climate change",20221018T200000Z,2022-10-19
CVX,gdelt,"Exxon , Shell and Chevron sued by New Jersey over climate change",20221018T200000Z,2022-10-19
CVX,gdelt,US Eases Sanctions on Venezuela With Chevron Resuming Oil Output,20221126T184500Z,2022-11-27
XOM,gdelt,"Exxon , Shell and Chevron Sued by New Jersey Over Climate Change",20221018T190000Z,2022-10-19
CVX,gdelt,"Exxon , Shell and Chevron Sued by New Jersey Over Climate Change",20221018T190000Z,2022-10-19
XOM,gdelt,Enlink Sees More Carbon Removal Projects After Exxon Deal,20221020T130000Z,2022-10-20
XOM,gdelt,Wall Street cranks up Exxon outlook on booming natgas prices,20221005T164500Z,2022-10-06
XOM,gdelt,"Exxon , Shell And Chevron Sued By New Jersey Over Climate Cha ...",20221019T021500Z,2022-10-19
CVX,gdelt,"Exxon , Shell And Chevron Sued By New Jersey Over Climate Cha ...",20221019T021500Z,2022-10-19
MPC,gdelt,Marathon Petroleum and Phillips 66 cruise past estimates on fuel demand surge,20221101T223000Z,2022-11-02
XOM,gdelt,Exxon Mobil Vs . Chevron Stock Which Is More Attractive ?,20221223T113000Z,2022-12-23
CVX,gdelt,Exxon Mobil Vs . Chevron Stock Which Is More Attractive ?,20221223T113000Z,2022-12-23
CVX,gdelt,"Chevron Hikes Spending 25 for 2023 , Led by U . S . Upstream",20221209T093000Z,2022-12-09
CVX,gdelt,"Aris Water Solutions , Inc . Announces Creation Of Strategic Agreement With Chevron And Conocophillips For Beneficial Reuse Of Produced Water",20221109T163000Z,2022-11-10
COP,gdelt,"Aris Water Solutions , Inc . Announces Creation Of Strategic Agreement With Chevron And Conocophillips For Beneficial Reuse Of Produced Water",20221109T163000Z,2022-11-10
XOM,gdelt,"Climate Change News New Jersey Sues Exxon Mobil , Shell , Chevron , BP , ConocoPhillips For Concealing Info",20221019T213000Z,2022-10-20
CVX,gdelt,"Climate Change News New Jersey Sues Exxon Mobil , Shell , Chevron , BP , ConocoPhillips For Concealing Info",20221019T213000Z,2022-10-20
COP,gdelt,"Climate Change News New Jersey Sues Exxon Mobil , Shell , Chevron , BP , ConocoPhillips For Concealing Info",20221019T213000Z,2022-10-20
CVX,gdelt,Chevron to Resume Venezuela Oil Output as US Eases Sanctions,20221126T194500Z,2022-11-27
SLB,gdelt,"Trading Schlumberger and Halliburton , the Pick of the Oil Services Companies",20221024T153000Z,2022-10-24
HAL,gdelt,"Trading Schlumberger and Halliburton , the Pick of the Oil Services Companies",20221024T153000Z,2022-10-24
CVX,gdelt,"Buffett Berkshire Racks up Billion Gain on Chevron , Oxy Stock",20221101T141500Z,2022-11-01
OXY,gdelt,"Buffett Berkshire Racks up Billion Gain on Chevron , Oxy Stock",20221101T141500Z,2022-11-01
CVX,gdelt,Chevron to Resume Venezuela Oil Output,20221128T131500Z,2022-11-28
COP,gdelt,ConocoPhillips doubles down on investor returns after bumper oil and gas profits,20221104T151500Z,2022-11-04
XOM,gdelt,"Chevron , Exxon Mobil Falter As Oil Prices Skid To 15 - Month Lows",20230315T160000Z,2023-03-16
CVX,gdelt,"Chevron , Exxon Mobil Falter As Oil Prices Skid To 15 - Month Lows",20230315T160000Z,2023-03-16
CVX,gdelt,"Chevron , Energy Stocks Advance As Russian Oil Finds Home In China",20230320T184500Z,2023-03-21
EOG,gdelt,Utica Driller EOG Makes Big Mistake Joining UN Emissions Program,20230105T180000Z,2023-01-06
HAL,gdelt,Public Shale Drillers Oust Private Rivals in Race to Deploy Rigs,20230111T221500Z,2023-01-12
HAL,gdelt,Public Shale Drillers Best Private Rivals in Race to Deploy Rigs,20230112T151500Z,2023-01-12
HAL,gdelt,Public shale drillers dominated over private oil operators,20230112T183000Z,2023-01-13
HAL,gdelt,Public shale drillers take the lead over private oil operators,20230112T214500Z,2023-01-13
XOM,gdelt,These Energy Stocks Are Beating Exxon and Chevron at Their Own Game . And It Not Even Close .,20230201T144500Z,2023-02-01
CVX,gdelt,These Energy Stocks Are Beating Exxon and Chevron at Their Own Game . And It Not Even Close .,20230201T144500Z,2023-02-01
OXY,gdelt,Occidental CEO Says Stock Buybacks Take Priority Over Oil Growth,20230206T214500Z,2023-02-07
XOM,gdelt,Here Why ExxonMobil Is a No - Brainer Energy Stock,20230313T104500Z,2023-03-13
DVN,gdelt,"If You Invested , 000 in Devon Energy 1 Year Ago , This Is How Much You Would Have Today",20230220T111500Z,2023-02-20
SLB,gdelt,Halliburton double upgraded at Wolfe on North American capex signals SLB cut NYSE HAL,20230112T214500Z,2023-01-13
HAL,gdelt,Halliburton double upgraded at Wolfe on North American capex signals SLB cut NYSE HAL,20230112T214500Z,2023-01-13
HAL,gdelt,OPEC Officials And U . S . Shale Executives Discuss Global Oil Supply,20230307T144500Z,2023-03-07
HAL,gdelt,"Oil Shale Market Size 2023 With Presentation Outlook , Horizo ...",20230306T083000Z,2023-03-06
HAL,gdelt,"State of Shale 2023 , Permian The Juggernaut is Tested",20230103T093000Z,2023-01-03
XOM,gdelt,Best Stock to Buy ExxonMobil vs . Chevron vs . Occidental Petroleum vs . Devon Energy,20230320T213000Z,2023-03-21
CVX,gdelt,Best Stock to Buy ExxonMobil vs . Chevron vs . Occidental Petroleum vs . Devon Energy,20230320T213000Z,2023-03-21
OXY,gdelt,Best Stock to Buy ExxonMobil vs . Chevron vs . Occidental Petroleum vs . Devon Energy,20230320T213000Z,2023-03-21
DVN,gdelt,Best Stock to Buy ExxonMobil vs . Chevron vs . Occidental Petroleum vs . Devon Energy,20230320T213000Z,2023-03-21
XOM,gdelt,"Shareholders file new tax transparency proposals against Exxon , others",20230327T060000Z,2023-03-27
SLB,gdelt,"Halliburton , Schlumberger , and Other Energy Stocks Poised to Keep Growing Earnings",20230124T074500Z,2023-01-24
HAL,gdelt,"Halliburton , Schlumberger , and Other Energy Stocks Poised to Keep Growing Earnings",20230124T074500Z,2023-01-24
EOG,gdelt,What Makes EOG Resources EOG an Attractive Investment Avenue ?,20230302T123000Z,2023-03-02
EOG,gdelt,This Stock Appears To Be A Better Bet Than EOG Resources,20230124T144500Z,2023-01-24
DVN,gdelt,Devon Energy Stock Flashes Improved Technical Strength,20230121T053000Z,2023-01-21
HAL,gdelt,Wall St Week Ahead - Recession fears pose challenge to energy shares after stellar year,20230128T071500Z,2023-01-28
XOM,gdelt,Exxon stock vs Chevron stock Goldman Sachs analyst picks a side,20230125T201500Z,2023-01-26
CVX,gdelt,Exxon stock vs Chevron stock Goldman Sachs analyst picks a side,20230125T201500Z,2023-01-26
SLB,gdelt,"Halliburton Stock , Baker Hughes And SLB Plan Return 50 Or More To Investors",20230130T133000Z,2023-01-30
HAL,gdelt,"Halliburton Stock , Baker Hughes And SLB Plan Return 50 Or More To Investors",20230130T133000Z,2023-01-30
HAL,gdelt,"North America Oil , Gas Activity Leaner , Stabilizing into 2021 , Says Halliburton CEO",20221231T211500Z,2023-01-01
XOM,gdelt,"Why Chevron , Devon , and ExxonMobil Stocks Keep Falling",20230313T200000Z,2023-03-14
CVX,gdelt,"Why Chevron , Devon , and ExxonMobil Stocks Keep Falling",20230313T200000Z,2023-03-14
DVN,gdelt,"Why Chevron , Devon , and ExxonMobil Stocks Keep Falling",20230313T200000Z,2023-03-14
HAL,gdelt,Wall St Week Wall St Week Ahead Recession fears pose challenge to energy shares after stellar year,20230128T044500Z,2023-01-28
HAL,gdelt,Recession fears pose challenge to energy shares after stellar year,20230128T001500Z,2023-01-28
XOM,gdelt,Oil Stocks To Watch Exxon Mobil Fuels Buy Point With 159 EPS Growth On Tap,20230118T144500Z,2023-01-18
HAL,gdelt,Recession Fears Pose Challenge To Energy Shares After Stella ...,20230128T194500Z,2023-01-29
HAL,gdelt,OPEC Head Dines With US Shale Bosses As Tight Capacity Sparks Concerns,20230308T001500Z,2023-03-08
HAL,gdelt,Halliburton focused on shareholder return after 33 increase in revenue,20230124T171500Z,2023-01-25
CVX,gdelt,"Chevron Posts Record Profit , Bolstering Billion Buyback Plan",20230127T123000Z,2023-01-27
SLB,gdelt,"Halliburton , Schlumberger Increase Dividend",20230125T191500Z,2023-01-26
HAL,gdelt,"Halliburton , Schlumberger Increase Dividend",20230125T191500Z,2023-01-26
PXD,gdelt,Barclays Keeps Their Buy Rating on Pioneer Natural PXD,20230123T020000Z,2023-01-23
PXD,gdelt,Pioneer Natural Resources Stock Showing Rising Market Leadership Earns 85 RS Rating,20221229T001500Z,2022-12-29
HAL,gdelt,Wall St Week Ahead - Recession fears pose challenge to energy shares after stellar year,20230129T014500Z,2023-01-29
XOM,gdelt,"Why Exxon , Chevron , and Devon Energy Plunged Today",20230103T221500Z,2023-01-04
CVX,gdelt,"Why Exxon , Chevron , and Devon Energy Plunged Today",20230103T221500Z,2023-01-04
DVN,gdelt,"Why Exxon , Chevron , and Devon Energy Plunged Today",20230103T221500Z,2023-01-04
HAL,gdelt,OPEC Chief Dines With US Shale Bosses as Supply Issues in Focus,20230307T051500Z,2023-03-07
PXD,gdelt,Pioneer Cuts Long Term Permian Basin Oil Production Forecast,20230106T153000Z,2023-01-06
PXD,gdelt,Pioneer Cuts Long Term Permian Basin Oil Production Forecast,20230106T180000Z,2023-01-07
HAL,gdelt,Halliburton appoints 2 to board BP vet and Chicago Fed member,20230222T184500Z,2023-02-23
HAL,gdelt,Stagnation In Shale - ValueWalk,20230309T013000Z,2023-03-09
PXD,gdelt,Pioneer Cuts Long - Term Permian Basin Oil - Output Forecast,20230105T183000Z,2023-01-06
PXD,gdelt,Shale producer Pioneer expects OPEC to boost oil prices as Brent tumbles Hellenic Shipping News Worldwide,20230108T231500Z,2023-01-09
HAL,gdelt,Shale producer Pioneer expects OPEC to boost oil prices as Brent tumbles Hellenic Shipping News Worldwide,20230108T231500Z,2023-01-09
CVX,gdelt,Chevron Falls After Posting Disappointing Quarterly Result,20230127T210000Z,2023-01-28
CVX,gdelt,Chevron Sold Venezuelan Oil To Phillips 66,20230117T001500Z,2023-01-17
XOM,gdelt,Exxon Texas Plant Is Likely the Last Major US Refinery Project,20230315T161500Z,2023-03-16
HAL,gdelt,Energy Stock Halliburton Gets Upgrade With 21 Upside Breakout Ahead Of Earnings,20230112T210000Z,2023-01-13
XOM,gdelt,"Exxon Mobil vs . Chevron Comparing 2 Oil Giant , Dividend Aristocrats",20230312T164500Z,2023-03-13
CVX,gdelt,"Exxon Mobil vs . Chevron Comparing 2 Oil Giant , Dividend Aristocrats",20230312T164500Z,2023-03-13
CVX,gdelt,Chevron Sold Venezuelan Oil To Phillips 66,20230113T231500Z,2023-01-14
XOM,gdelt,Time To Buy XOM Stock Amid Exxon Moves ? Investor Business Daily,20230214T201500Z,2023-02-15
COP,gdelt,ConocoPhillips joins rivals with bumper profit on higher energy prices,20230202T231500Z,2023-02-03
PXD,gdelt,Pioneer Natural Resources lowers oil production forecast in Permian Basin by 1 million bpd by 2030,20230105T230000Z,2023-01-06
XOM,gdelt,"Why Chevron , Devon , and ExxonMobil Stocks Are Still Going Down",20230315T173000Z,2023-03-16
CVX,gdelt,"Why Chevron , Devon , and ExxonMobil Stocks Are Still Going Down",20230315T173000Z,2023-03-16
DVN,gdelt,"Why Chevron , Devon , and ExxonMobil Stocks Are Still Going Down",20230315T173000Z,2023-03-16
XOM,gdelt,Exxon Mobil Vs . Chevron One Way Better NYSE CVX,20230109T151500Z,2023-01-09
CVX,gdelt,Exxon Mobil Vs . Chevron One Way Better NYSE CVX,20230109T151500Z,2023-01-09
XOM,gdelt,Sky - High Gas Prices Handed Exxon a Record Million in Profit Per Hour in 2022,20230131T233000Z,2023-02-01
SLB,gdelt,SLB Wins Russia Business As Oilfield Rivals Exit After Ukraine Invasion,20230119T121500Z,2023-01-19
XOM,gdelt,"Aris Water Solutions , Inc . Announces Addition of ExxonMobil to Strategic Agreement on Beneficial Reuse of Produced Water",20230228T004500Z,2023-02-28
XOM,gdelt,"Aris Water Solutions , Inc . Announces Addition Of ExxonMobil To Strategic Agreement On Beneficial Reuse Of Produced Water",20230228T103000Z,2023-02-28
XOM,gdelt,Exxon warns of Russia risks to its . 5 billion Kazakhstan income,20230223T023000Z,2023-02-23
OXY,gdelt,S P 500 Here The Real Reason Warren Buffett Loves Occidental Stock,20230117T140000Z,2023-01-17
XOM,gdelt,Exxon and 6 Other Energy Picks With Earnings Upside,20230228T053000Z,2023-02-28
CVX,gdelt,"Chevron , Energy Stocks Surge After OPEC Surprise Production Cut",20230403T131500Z,2023-04-03
XOM,gdelt,"Crude Oil Continues To Slide , Dragging Down Several Oil Stocks - Exxon Mobil NYSE XOM",20230503T153000Z,2023-05-03
XOM,gdelt,"Oregon County Sues Oil , Gas Companies Including Exxon , Shell , Chevron for Deadly 2021 Pacific Northwest Heat Dome",20230623T190000Z,2023-06-24
CVX,gdelt,"Oregon County Sues Oil , Gas Companies Including Exxon , Shell , Chevron for Deadly 2021 Pacific Northwest Heat Dome",20230623T190000Z,2023-06-24
XOM,gdelt,"ExxonMobil Explores Acquisition Of Pioneer Natural Amid Bid To Dominate Permian Basin - Exxon Mobil NYSE XOM , Pioneer Natural Resources NYSE PXD",20230407T220000Z,2023-04-08
PXD,gdelt,"ExxonMobil Explores Acquisition Of Pioneer Natural Amid Bid To Dominate Permian Basin - Exxon Mobil NYSE XOM , Pioneer Natural Resources NYSE PXD",20230407T220000Z,2023-04-08
XOM,gdelt,Shale Stocks Making Big Daily Gains Amid Exxon - Pioneer Reports,20230410T213000Z,2023-04-11
PXD,gdelt,Shale Stocks Making Big Daily Gains Amid Exxon - Pioneer Reports,20230410T213000Z,2023-04-11
HAL,gdelt,Shale Stocks Making Big Daily Gains Amid Exxon - Pioneer Reports,20230410T213000Z,2023-04-11
XOM,gdelt,Analysts Pioneer Megamerger Could Cost Exxon Mobil Billion,20230411T170000Z,2023-04-12
PXD,gdelt,Analysts Pioneer Megamerger Could Cost Exxon Mobil Billion,20230411T170000Z,2023-04-12
XOM,gdelt,"Exxon Mobil , Pioneer rumors spark fracking M A talk",20230410T211500Z,2023-04-11
PXD,gdelt,"Exxon Mobil , Pioneer rumors spark fracking M A talk",20230410T211500Z,2023-04-11
XOM,gdelt,Shale Oil Drillers Jump on Report of Exxon Interest in Pioneer,20230410T200000Z,2023-04-11
PXD,gdelt,Shale Oil Drillers Jump on Report of Exxon Interest in Pioneer,20230410T200000Z,2023-04-11
HAL,gdelt,Shale Oil Drillers Jump on Report of Exxon Interest in Pioneer,20230410T200000Z,2023-04-11
XOM,gdelt,Pioneer Natural jumps on report of buyout talks with Exxon,20230410T163000Z,2023-04-11
PXD,gdelt,Pioneer Natural jumps on report of buyout talks with Exxon,20230410T163000Z,2023-04-11
XOM,gdelt,Exxon eyes potential purchase of shale driller Pioneer - WSJ,20230408T104500Z,2023-04-08
PXD,gdelt,Exxon eyes potential purchase of shale driller Pioneer - WSJ,20230408T104500Z,2023-04-08
HAL,gdelt,Exxon eyes potential purchase of shale driller Pioneer - WSJ,20230408T104500Z,2023-04-08
DVN,gdelt,Bernstein Sticks to Its Buy Rating for Devon Energy DVN,20230517T081500Z,2023-05-17
XOM,gdelt,Exxon Mobil eyes potential mega - deal with shale driller Pioneer,20230408T021500Z,2023-04-08
PXD,gdelt,Exxon Mobil eyes potential mega - deal with shale driller Pioneer,20230408T021500Z,2023-04-08
HAL,gdelt,Exxon Mobil eyes potential mega - deal with shale driller Pioneer,20230408T021500Z,2023-04-08
DVN,gdelt,Devon Energy 2 Better Dividend Stocks to Buy Now,20230625T121500Z,2023-06-25
EOG,gdelt,"Goldman Sachs Upgrades Devon Energy , But Is Less Bullish On EOG Resources Here Why - EOG Resources NYSE EOG , Devon Energy NYSE DVN",20230613T150000Z,2023-06-13
DVN,gdelt,"Goldman Sachs Upgrades Devon Energy , But Is Less Bullish On EOG Resources Here Why - EOG Resources NYSE EOG , Devon Energy NYSE DVN",20230613T150000Z,2023-06-13
XOM,gdelt,"Chevron , ExxonMobil Financials Reports Highlight 2023 Uncertainty Over Oil Prices",20230429T150000Z,2023-04-29
CVX,gdelt,"Chevron , ExxonMobil Financials Reports Highlight 2023 Uncertainty Over Oil Prices",20230429T150000Z,2023-04-29
XOM,gdelt,These 5 Dividend - Paying Oil Stocks Could Be Next If Exxon Buys Pioneer Natural Resources 24 7 Wall St .,20230411T123000Z,2023-04-11
PXD,gdelt,These 5 Dividend - Paying Oil Stocks Could Be Next If Exxon Buys Pioneer Natural Resources 24 7 Wall St .,20230411T123000Z,2023-04-11
XOM,gdelt,Did Chevron Just Force ExxonMobil Hand ?,20230526T123000Z,2023-05-26
CVX,gdelt,Did Chevron Just Force ExxonMobil Hand ?,20230526T123000Z,2023-05-26
HAL,gdelt,"New Mexico oil output gains top Texas in 2022 , delivering half of US growth",20230602T110000Z,2023-06-02
HAL,gdelt,"New Mexico oil output gains top Texas in 2022 , delivering half of US growth",20230518T213000Z,2023-05-19
XOM,gdelt,Pioneer Natural pops 8 after WSJ reports Exxon has talked about takeover NYSE PXD,20230410T164500Z,2023-04-11
PXD,gdelt,Pioneer Natural pops 8 after WSJ reports Exxon has talked about takeover NYSE PXD,20230410T164500Z,2023-04-11
CVX,gdelt,Oregon county sues Big Oil companies for over role in 2021 heat dome NYSE CVX,20230624T021500Z,2023-06-24
OXY,gdelt,"They Will Be Ouching Saudi Energy Minister Warned That Oil Short Sellers Would Feel Pain Now The Nation Has Made A Production Cut Of 1 Million Barrels Per Day - Occidental Petroleum NYSE OXY , Devon Energy NYSE DVN",20230607T164500Z,2023-06-08
DVN,gdelt,"They Will Be Ouching Saudi Energy Minister Warned That Oil Short Sellers Would Feel Pain Now The Nation Has Made A Production Cut Of 1 Million Barrels Per Day - Occidental Petroleum NYSE OXY , Devon Energy NYSE DVN",20230607T164500Z,2023-06-08
DVN,gdelt,DBS Remains a Hold on Devon Energy DVN,20230518T063000Z,2023-05-18
DVN,gdelt,Is High - Yield Devon Energy Stock a Buy ?,20230429T150000Z,2023-04-29
XOM,gdelt,Pioneer Natural jumps on report of buyout talks with Exxon - Stock market news,20230410T163000Z,2023-04-11
PXD,gdelt,Pioneer Natural jumps on report of buyout talks with Exxon - Stock market news,20230410T163000Z,2023-04-11
HAL,gdelt,"Energy stocks suffer broad selloff , led by Halliburton , as crude oil falls to more than 5 - week low",20230502T191500Z,2023-05-03
XOM,gdelt,Exxon stock jumps after Pioneer acquisition talks,20230412T144500Z,2023-04-12
PXD,gdelt,Exxon stock jumps after Pioneer acquisition talks,20230412T144500Z,2023-04-12
XOM,gdelt,"Oregon county sues oil , gas companies including Exxon , Shell , Chevron for deadly 2021 Pacific Northwest heat dome",20230623T203000Z,2023-06-24
CVX,gdelt,"Oregon county sues oil , gas companies including Exxon , Shell , Chevron for deadly 2021 Pacific Northwest heat dome",20230623T203000Z,2023-06-24
XOM,gdelt,"Energy Boosted by Exxon , Chevron Earnings -- Energy Roundup - Stock market news",20230428T213000Z,2023-04-29
CVX,gdelt,"Energy Boosted by Exxon , Chevron Earnings -- Energy Roundup - Stock market news",20230428T213000Z,2023-04-29
XOM,gdelt,"Exxon Mobil in preliminary talks to acquire Pioneer , reports say",20230409T023000Z,2023-04-09
PXD,gdelt,"Exxon Mobil in preliminary talks to acquire Pioneer , reports say",20230409T023000Z,2023-04-09
XOM,gdelt,"Chevron , Exxon Stock Rise After Saudi Arabia Pledges Output Cut at OPEC Summit",20230605T134500Z,2023-06-05
CVX,gdelt,"Chevron , Exxon Stock Rise After Saudi Arabia Pledges Output Cut at OPEC Summit",20230605T134500Z,2023-06-05
CVX,gdelt,Chevron Marcellus Drilling News,20230626T184500Z,2023-06-27
XOM,gdelt,Exxon Pioneer Acquisition Could Spark New Bull Run for the Oil Giant,20230412T103000Z,2023-04-12
PXD,gdelt,Exxon Pioneer Acquisition Could Spark New Bull Run for the Oil Giant,20230412T103000Z,2023-04-12
XOM,gdelt,"ExxonMobil , Chevron , Shell , BP and TotalEnergies cash in on golden age of free cash flow",20230425T074500Z,2023-04-25
CVX,gdelt,"ExxonMobil , Chevron , Shell , BP and TotalEnergies cash in on golden age of free cash flow",20230425T074500Z,2023-04-25
XOM,gdelt,Buffett effect is making Occidental stock trade like Exxon,20230612T173000Z,2023-06-13
OXY,gdelt,Buffett effect is making Occidental stock trade like Exxon,20230612T173000Z,2023-06-13
XOM,gdelt,Is ExxonMobil on the Road to Becoming an EV Stock ?,20230525T130000Z,2023-05-25
XOM,gdelt,"If You Invested , 000 in ExxonMobil 1 Year Ago , This Is How Much You Would Have Today",20230414T233000Z,2023-04-15
HAL,gdelt,Shale Gas Global Market Report 2023,20230403T204500Z,2023-04-04
COP,gdelt,"Natural Gas Liquids Market Future Scope , Opportunities With ...",20230405T183000Z,2023-04-06
CVX,gdelt,Venezuelan oil gets more US buyers as Chevron steps up loadings,20230429T153000Z,2023-04-29
CVX,gdelt,Venezuelan oil gets more US buyers as Chevron steps up loadings,20230428T114500Z,2023-04-28
SLB,gdelt,SLB and Halliburton say unnamed customer in Mexico owes more than NYSE SLB,20230426T223000Z,2023-04-27
HAL,gdelt,SLB and Halliburton say unnamed customer in Mexico owes more than NYSE SLB,20230426T223000Z,2023-04-27
CVX,gdelt,"If Youd Invested , 000 in Chevron on January 1 , 2023 , This Is How Much You Would Have Today",20230611T113000Z,2023-06-11
XOM,gdelt,ExxonMobil Is on the Prowl for a Mega - Oil Deal,20230410T133000Z,2023-04-10
PXD,gdelt,Why Pioneer Natural Was One of the Best - Performing S P 500 Stocks Today,20230410T223000Z,2023-04-11
XOM,gdelt,"Norway oil fund to back climate activists against Exxon , Chevron NYSE XOM",20230526T160000Z,2023-05-27
CVX,gdelt,"Norway oil fund to back climate activists against Exxon , Chevron NYSE XOM",20230526T160000Z,2023-05-27
EOG,gdelt,Looking At EOG Resources Recent Unusual Options Activity - EOG Resources NYSE EOG,20230420T203000Z,2023-04-21
HAL,gdelt,"Halliburton posts . 8B first - quarter revenue , says outlook is strong",20230425T153000Z,2023-04-25
XOM,gdelt,"Exxon , Chevron Profits Booming as If Oil Was",20230428T213000Z,2023-04-29
CVX,gdelt,"Exxon , Chevron Profits Booming as If Oil Was",20230428T213000Z,2023-04-29
OXY,gdelt,2 Big Reasons Other Than Oil to Follow Warren Buffett and Buy Occidental Petroleum,20230520T161500Z,2023-05-21
XOM,gdelt,Pioneer PXD Diamondback FANG Devon DVN Stocks Jump on Exxon Shale Interest,20230410T180000Z,2023-04-11
PXD,gdelt,Pioneer PXD Diamondback FANG Devon DVN Stocks Jump on Exxon Shale Interest,20230410T180000Z,2023-04-11
HAL,gdelt,Pioneer PXD Diamondback FANG Devon DVN Stocks Jump on Exxon Shale Interest,20230410T180000Z,2023-04-11
DVN,gdelt,Pioneer PXD Diamondback FANG Devon DVN Stocks Jump on Exxon Shale Interest,20230410T180000Z,2023-04-11
XOM,gdelt,Norway Oil Fund Will Vote For More Climate Action From Exxon And Chevron,20230526T113000Z,2023-05-26
CVX,gdelt,Norway Oil Fund Will Vote For More Climate Action From Exxon And Chevron,20230526T113000Z,2023-05-26
XOM,gdelt,"Chevron , Exxon pursue cleaner gasoline as alternative to EVs",20230420T010000Z,2023-04-20
CVX,gdelt,"Chevron , Exxon pursue cleaner gasoline as alternative to EVs",20230420T010000Z,2023-04-20
DVN,gdelt,"If You Invested , 000 in Devon Energy a Year Ago , This Is How Much You Would Have Today",20230522T163000Z,2023-05-23
XOM,gdelt,Bonanza for oil giants Chevron and Exxon - Mobil,20230428T233000Z,2023-04-29
CVX,gdelt,Bonanza for oil giants Chevron and Exxon - Mobil,20230428T233000Z,2023-04-29
XOM,gdelt,Aaron Regunberg Wants To Fight Exxon And Chevron So You Wont Have To,20230618T014500Z,2023-06-18
CVX,gdelt,Aaron Regunberg Wants To Fight Exxon And Chevron So You Wont Have To,20230618T014500Z,2023-06-18
XOM,gdelt,Is Now the Time to Offload Exxon and Accumulate Chevron Stock ?,20230414T084500Z,2023-04-14
CVX,gdelt,Is Now the Time to Offload Exxon and Accumulate Chevron Stock ?,20230414T084500Z,2023-04-14
XOM,gdelt,"Chevron , Exxon pursue cleaner petrol as alternative to electric vehicles",20230420T001500Z,2023-04-20
CVX,gdelt,"Chevron , Exxon pursue cleaner petrol as alternative to electric vehicles",20230420T001500Z,2023-04-20
EOG,gdelt,EOG Resources NYSE EOG Has A Rock Solid Balance Sheet,20230420T130000Z,2023-04-20
OXY,gdelt,Warren Buffett says Berkshire not planning to buy Occidental Petroleum,20230507T030000Z,2023-05-07
XOM,gdelt,Exxon interest in Pioneer causes shale producer stocks to jump,20230410T211500Z,2023-04-11
PXD,gdelt,Exxon interest in Pioneer causes shale producer stocks to jump,20230410T211500Z,2023-04-11
HAL,gdelt,Exxon interest in Pioneer causes shale producer stocks to jump,20230410T211500Z,2023-04-11
HAL,gdelt,Shale Oil Drilling Getting Cheaper,20230508T180000Z,2023-05-09
OXY,gdelt,"Amid oil profits and anti - ESG , proxy votes see less support",20230602T120000Z,2023-06-02
XOM,gdelt,"ExxonMobil Attracts Huge Bets From Options Traders - Exxon Mobil NYSE XOM , Pioneer Natural Resources NYSE PXD",20230413T134500Z,2023-04-13
PXD,gdelt,"ExxonMobil Attracts Huge Bets From Options Traders - Exxon Mobil NYSE XOM , Pioneer Natural Resources NYSE PXD",20230413T134500Z,2023-04-13
XOM,gdelt,Exxon Mobil Eyes Potential Mega - Deal With Shale Drilling Pioneer,20230407T191500Z,2023-04-08
PXD,gdelt,Exxon Mobil Eyes Potential Mega - Deal With Shale Drilling Pioneer,20230407T191500Z,2023-04-08
HAL,gdelt,Exxon Mobil Eyes Potential Mega - Deal With Shale Drilling Pioneer,20230407T191500Z,2023-04-08
EOG,gdelt,"EOG Resources , Inc . NYSE EOG insider upped their holding by 12 earlier this year",20230415T130000Z,2023-04-15
XOM,gdelt,"Supreme Court declines Exxon , Chevron push to move state lawsuits to federal court",20230424T200000Z,2023-04-25
CVX,gdelt,"Supreme Court declines Exxon , Chevron push to move state lawsuits to federal court",20230424T200000Z,2023-04-25
EOG,gdelt,Is EOG Resources NYSE EOG Using Too Much Debt ?,20230615T124500Z,2023-06-15
EOG,gdelt,Here How Much You Would Have Made Owning EOG Resources Stock In The Last 20 Years - EOG Resources NYSE EOG,20230608T220000Z,2023-06-09
XOM,gdelt,"Chevron , Exxon shareholders shun climate proposals at meetings",20230601T111500Z,2023-06-01
CVX,gdelt,"Chevron , Exxon shareholders shun climate proposals at meetings",20230601T111500Z,2023-06-01
XOM,gdelt,Buying Pioneer would be iffy use of Exxon capital,20230410T190000Z,2023-04-11
PXD,gdelt,Buying Pioneer would be iffy use of Exxon capital,20230410T190000Z,2023-04-11
XOM,gdelt,Exxon eyes potential purchase of shale driller Pioneer - WSJ - Stock market news,20230407T200000Z,2023-04-08
PXD,gdelt,Exxon eyes potential purchase of shale driller Pioneer - WSJ - Stock market news,20230407T200000Z,2023-04-08
HAL,gdelt,Exxon eyes potential purchase of shale driller Pioneer - WSJ - Stock market news,20230407T200000Z,2023-04-08
XOM,gdelt,Is It Time To Buy XOM Stock As Exxon Mobil Flirts With Its All - Time High ?,20230426T010000Z,2023-04-26
EOG,gdelt,EOG Resources to Present at Upcoming Conference,20230516T204500Z,2023-05-17
OXY,gdelt,3 Reasons Warren Buffett Keeps Buying Occidental Petroleum,20230330T134500Z,2023-03-30
XOM,gdelt,Pioneer Natural Resources Jumps On Reported Exxon Takeover Talks,20230410T140000Z,2023-04-10
PXD,gdelt,Pioneer Natural Resources Jumps On Reported Exxon Takeover Talks,20230410T140000Z,2023-04-10
XOM,gdelt,Pioneer Natural Resources Jumps On Reported Exxon Takeover Talks,20230410T174500Z,2023-04-11
PXD,gdelt,Pioneer Natural Resources Jumps On Reported Exxon Takeover Talks,20230410T174500Z,2023-04-11
PXD,gdelt,Pioneer Natural Resources Is Making a Game - Changing Move for Investors,20230618T104500Z,2023-06-18
XOM,gdelt,"Exxon , Chevron split over how to manage rising cash piles",20230428T203000Z,2023-04-29
CVX,gdelt,"Exxon , Chevron split over how to manage rising cash piles",20230428T203000Z,2023-04-29
XOM,gdelt,Pioneer Natural Resources shares climb on Exxon takeover talk rumors,20230410T141500Z,2023-04-10
PXD,gdelt,Pioneer Natural Resources shares climb on Exxon takeover talk rumors,20230410T141500Z,2023-04-10
XOM,gdelt,"Exxon , Chevron Shareholders Soundly Reject Climate - Related Petitions",20230531T210000Z,2023-06-01
CVX,gdelt,"Exxon , Chevron Shareholders Soundly Reject Climate - Related Petitions",20230531T210000Z,2023-06-01
XOM,gdelt,Exxon Launches New Unit At Beaumont Refinery,20230406T083000Z,2023-04-06
XOM,gdelt,Exxon CEO Pay Jumps 52 in 2022 After Ukraine War Lifted Oil Prices,20230413T154500Z,2023-04-13
EOG,gdelt,EOG Resources to Present at Upcoming Conference,20230614T204500Z,2023-06-15
HAL,gdelt,Shale - Oil Drilling Is Getting Cheaper as Demand Outlook Weakens,20230505T111500Z,2023-05-05
XOM,gdelt,"Exxon , Pioneer Held Preliminary Talks Over Possible Deal WSJ",20230407T203000Z,2023-04-08
PXD,gdelt,"Exxon , Pioneer Held Preliminary Talks Over Possible Deal WSJ",20230407T203000Z,2023-04-08
CVX,gdelt,Tag Chevron NBC4 Washington,20230609T070000Z,2023-06-09
XOM,gdelt,Exxon And Chevron Shareholders Dismiss Climate Resolutions,20230601T100000Z,2023-06-01
CVX,gdelt,Exxon And Chevron Shareholders Dismiss Climate Resolutions,20230601T100000Z,2023-06-01
XOM,gdelt,Exxon considers buying U . S . shale giant,20230410T211500Z,2023-04-11
HAL,gdelt,Exxon considers buying U . S . shale giant,20230410T211500Z,2023-04-11
XOM,gdelt,"Exxon , Pioneer held preliminary talks over possible deal WSJ",20230407T204500Z,2023-04-08
PXD,gdelt,"Exxon , Pioneer held preliminary talks over possible deal WSJ",20230407T204500Z,2023-04-08
DVN,gdelt,"Devon Energy tops profit estimates on strong demand , boosts share buyback",20230508T220000Z,2023-05-09
XOM,gdelt,"Exxon , Chevron Investors Reject Toughening Emissions , Climate Goals",20230601T050000Z,2023-06-01
CVX,gdelt,"Exxon , Chevron Investors Reject Toughening Emissions , Climate Goals",20230601T050000Z,2023-06-01
OXY,gdelt,Occidental Petroleum Is Seeing Green Under CEO Vicki Hollub,20230623T201500Z,2023-06-24
XOM,gdelt,"Lower earnings projected for Exxon , Oxy , other majors",20230726T194500Z,2023-07-27
OXY,gdelt,"Lower earnings projected for Exxon , Oxy , other majors",20230726T194500Z,2023-07-27
PXD,gdelt,How Pioneer Natural Resources Is Better Positioned than Devon Energy,20230707T221500Z,2023-07-08
DVN,gdelt,How Pioneer Natural Resources Is Better Positioned than Devon Energy,20230707T221500Z,2023-07-08
HAL,gdelt,Global Shale Oil Market Analysis Report 2023 Growing,20230901T161500Z,2023-09-02
HAL,gdelt,The shale oil market is likely to be valued at US 6 . 68 Bn by 2032 Future Market Insights Inc .,20230723T101500Z,2023-07-23
XOM,gdelt,"California Sues Exxon , Shell , BP on Deception Claims , NYT Says",20230916T044500Z,2023-09-16
COP,gdelt,ConocoPhillips Hits Record Output but Sees Profit Fall,20230807T063000Z,2023-08-07
CVX,gdelt,OPEC Continues To Cut - Chevron NYSE CVX,20230913T163000Z,2023-09-14
PXD,gdelt,"Baker Hughes , Pioneer , Diamondback Energy Stocks on the Rise",20230908T151500Z,2023-09-08
HAL,gdelt,Shale Producers Lift Forecasts With Surprise Productivity Boost,20230803T180000Z,2023-08-04
OXY,gdelt,Occidental to Buy Canadian Startup Carbon Engineering for . 1 Billion,20230816T131500Z,2023-08-16
XOM,gdelt,"U . S State sues Exxon , others for allegedly lying about climate change impacts",20230918T063000Z,2023-09-18
XOM,gdelt,"Deal Diary V E , Davis Polk on Denbury Sale to Exxon",20230720T011500Z,2023-07-20
HAL,gdelt,U . S . Shale Shakes Off Slowdown Predictions,20230815T003000Z,2023-08-15
SLB,gdelt,These Signs Point To SLB Stock Fueling A Breakout,20230802T141500Z,2023-08-02
CVX,gdelt,Here Why CEO Mike Wirth Extension Is Great News for Chevron Stock,20230728T233000Z,2023-07-29
EOG,gdelt,Looking At EOG Resources Recent Unusual Options Activity - EOG Resources NYSE EOG,20230630T151500Z,2023-06-30
CVX,gdelt,Chevron Buys Into World Biggest Hydrogen - Storage Plant in Utah,20230912T143000Z,2023-09-12
HAL,gdelt,Why America Shale Boom Is Not Over,20230817T024500Z,2023-08-17
DVN,gdelt,This Prediction Could Be Bad News for Devon Energy,20230915T131500Z,2023-09-15
SLB,gdelt,These Signs Point To SLB Stock Fueling A Breakout,20230803T113000Z,2023-08-03
EOG,gdelt,"Insiders At EOG Resources Sold US . 5m In Stock , Alluding To Potential Weakness",20230903T120000Z,2023-09-03
EOG,gdelt,EOG Resources Unusual Options Activity - EOG Resources NYSE EOG,20230714T203000Z,2023-07-15
HAL,gdelt,"Oil output inches up at top US shale firms , with faster growth elusive",20230809T114500Z,2023-08-09
XOM,gdelt,"Top Analyst Reports for Exxon Mobil , Home Depot Intel",20230829T200000Z,2023-08-30
EOG,gdelt,EOG Resources EOG Stock Sinks As Market Gains What You Should Know,20230720T000000Z,2023-07-20
EOG,gdelt,EOG Resources Unusual Options Activity For August 03 - EOG Resources NYSE EOG,20230803T180000Z,2023-08-04
EOG,gdelt,"EOG Resources , Inc . NYSE EOG Stock Is Going Strong Is the Market Following Fundamentals ?",20230830T151500Z,2023-08-30
EOG,gdelt,We Think EOG Resources NYSE EOG Can Manage Its Debt With Ease,20230924T114500Z,2023-09-24
COP,gdelt,Macroeconomic Factors Pulled ConocoPhillips COP in Q1,20230705T090000Z,2023-07-05
HAL,gdelt,Global Shale Gas Industry Forecasts to 2028 Market Trends,20230818T100000Z,2023-08-18
CVX,gdelt,Better Dividend Buy Devon Energy vs . Chevron vs . Enterprise Products Partners,20230715T134500Z,2023-07-15
DVN,gdelt,Better Dividend Buy Devon Energy vs . Chevron vs . Enterprise Products Partners,20230715T134500Z,2023-07-15
EOG,gdelt,"Redwood Investments LLC Buys 1 , 172 Shares of EOG Resources , Inc . NYSE EOG",20230707T183000Z,2023-07-08
XOM,gdelt,Exxon And Chevron Profits Plunge To Pre - Ukraine War Levels As Oil Prices Declined,20230728T143000Z,2023-07-28
CVX,gdelt,Exxon And Chevron Profits Plunge To Pre - Ukraine War Levels As Oil Prices Declined,20230728T143000Z,2023-07-28
HAL,gdelt,Energy Stock Named Top Pick Analysts See 34 Upside For Halliburton,20230823T201500Z,2023-08-24
XOM,gdelt,"Exxon , Chevron to Grow Permian Output 10 , Double Rate of Rivals",20230728T133000Z,2023-07-28
CVX,gdelt,"Exxon , Chevron to Grow Permian Output 10 , Double Rate of Rivals",20230728T133000Z,2023-07-28
EOG,gdelt,"EOG Resources , Inc . NYSE EOG Shares Acquired by West Oak Capital LLC",20230704T183000Z,2023-07-05
OXY,gdelt,Occidental Petroleum To Buy Canada Carbon Engineering For . 1 Billion,20230816T184500Z,2023-08-17
XOM,gdelt,"Exxon posts 56 profit slump , joins peers in energy price hit",20230730T190000Z,2023-07-31
HAL,gdelt,U . S . Shale Firms Drill Deeper Wells In Search Of Efficiency,20230911T153000Z,2023-09-11
SLB,gdelt,Schlumberger Is An Attractive Buy At The Moment NYSE SLB,20230827T144500Z,2023-08-27
XOM,gdelt,Exxon Makes Green Move With Billion Purchase Of Denbury,20230714T110000Z,2023-07-14
EOG,gdelt,"Ruffer LLP Makes New Investment in EOG Resources , Inc . NYSE EOG",20230823T201500Z,2023-08-24
SLB,gdelt,SLB Stock Drills For Gains As Oil Hit 12 - Month Highs Investor Business Daily,20230809T210000Z,2023-08-10
EOG,gdelt,"MAI Capital Management Grows Position in EOG Resources , Inc . NYSE EOG",20230820T153000Z,2023-08-20
EOG,gdelt,"Fmr LLC Has . 50 Billion Position in EOG Resources , Inc . NYSE EOG",20230825T163000Z,2023-08-26
EOG,gdelt,"Pacer Advisors Inc . Buys 766 , 160 Shares of EOG Resources , Inc . NYSE EOG",20230721T211500Z,2023-07-22
EOG,gdelt,"Cerity Partners LLC Has . 99 Million Stock Position in EOG Resources , Inc . NYSE EOG",20230823T230000Z,2023-08-24
CVX,gdelt,Here Why Chevron Corporation CVX Declined in Q1,20230705T090000Z,2023-07-05
OXY,gdelt,Occidental Q2 profit misses forecasts on lower energy prices,20230803T053000Z,2023-08-03
XOM,gdelt,Exxon Awarded in Claim Against Venezuela,20230814T104500Z,2023-08-14
XOM,gdelt,"California suit against Chevron , Exxon , Shell , others , alleges public deception on climate change",20230918T233000Z,2023-09-19
CVX,gdelt,"California suit against Chevron , Exxon , Shell , others , alleges public deception on climate change",20230918T233000Z,2023-09-19
EOG,gdelt,"Maryland State Retirement Pension System Has . 14 Million Holdings in EOG Resources , Inc . NYSE EOG",20230918T130000Z,2023-09-18
XOM,gdelt,Chevron Sees Earnings Tumble Nearly 50 In Q2 Analysts Predict The Same For ExxonMobil,20230725T151500Z,2023-07-25
CVX,gdelt,Chevron Sees Earnings Tumble Nearly 50 In Q2 Analysts Predict The Same For ExxonMobil,20230725T151500Z,2023-07-25
CVX,gdelt,Chevron Announces Leadership Shakeup As Q2 Earnings Tumble Nearly 50,20230724T143000Z,2023-07-24
OXY,gdelt,Warren Buffett Stock Occidental Petroleum To Report . Analysts Predict A Big Earnings Drop .,20230801T214500Z,2023-08-02
CVX,gdelt,Chevron profit decline points to sector new challenge,20230724T203000Z,2023-07-25
HAL,gdelt,Chevron profit decline points to sector new challenge,20230724T203000Z,2023-07-25
EOG,gdelt,"Pearl River Capital LLC Acquires Shares of 2 , 430 EOG Resources , Inc . NYSE EOG",20230902T180000Z,2023-09-03
EOG,gdelt,"First Trust Direct Indexing L . P . Decreases Stock Holdings in EOG Resources , Inc . NYSE EOG",20230923T104500Z,2023-09-23
EOG,gdelt,"EOG Resources , Inc . NYSE EOG Forecasted to Earn Q2 2024 Earnings of . 12 Per Share",20230830T064500Z,2023-08-30
EOG,gdelt,"Nelson Van Denburg Campbell Wealth Management Group LLC Has , 000 Stock Holdings in EOG Resources , Inc . NYSE EOG",20230818T121500Z,2023-08-18
EOG,gdelt,"Wellington Management Group LLP Boosts Stock Position in EOG Resources , Inc . NYSE EOG",20230830T223000Z,2023-08-31
EOG,gdelt,"Shelton Capital Management Purchases 122 Shares of EOG Resources , Inc . NYSE EOG",20230831T143000Z,2023-08-31
EOG,gdelt,"13 , 810 Shares in EOG Resources , Inc . NYSE EOG Bought by Twelve Points Wealth Management LLC",20230920T200000Z,2023-09-21
EOG,gdelt,"Insider Selling EOG Resources , Inc . NYSE EOG COO Sells 4 , 551 Shares of Stock",20230816T210000Z,2023-08-17
XOM,gdelt,"Energy Shares Rise as Exxon , Chevron Report Earnings -- Energy Roundup",20230728T214500Z,2023-07-29
CVX,gdelt,"Energy Shares Rise as Exxon , Chevron Report Earnings -- Energy Roundup",20230728T214500Z,2023-07-29
EOG,gdelt,"First Republic Investment Management Inc . Cuts Holdings in EOG Resources , Inc . NYSE EOG",20230830T151500Z,2023-08-30
EOG,gdelt,Peering Into EOG Resources Recent Short Interest - EOG Resources NYSE EOG,20230726T183000Z,2023-07-27
EOG,gdelt,"EOG Resources , Inc . NYSE EOG Shares Acquired by Fortis Advisors LLC",20230813T191500Z,2023-08-14
XOM,gdelt,"Chevron , Exxon wobble on low commodity prices , but second quarter production remained strong",20230728T170000Z,2023-07-29
CVX,gdelt,"Chevron , Exxon wobble on low commodity prices , but second quarter production remained strong",20230728T170000Z,2023-07-29
XOM,gdelt,Exxon Expands Lithium Plans With New Arkansas Deal,20230629T073000Z,2023-06-29
CVX,gdelt,Permian Lifts Chevron Earnings,20230724T153000Z,2023-07-24
EOG,gdelt,"EOG Resources , Inc . NYSE EOG Short Interest Up 6 . 2 in July",20230815T154500Z,2023-08-15
EOG,gdelt,Looking Into EOG Resources Recent Short Interest - EOG Resources NYSE EOG,20230905T140000Z,2023-09-05
EOG,gdelt,EOG Resources NYSE EOG Price Target Raised to . 00 at Stifel Nicolaus,20230819T221500Z,2023-08-20
CVX,gdelt,"Chevron extends CEO Mike Wirth tenure , beats earnings forecast",20230724T063000Z,2023-07-24
DVN,gdelt,The Oil Market Massive M A Wave Has Devon Energy on the Outside Still Looking for a Deal,20240322T094500Z,2024-03-22
HAL,gdelt,Another Merger Being Explored in the U . S . Shale Space,20240208T190000Z,2024-02-09
CVX,gdelt,"Apache , Occidental , and Chevron Enter Unpopular Deals",20240105T193000Z,2024-01-06
OXY,gdelt,"Apache , Occidental , and Chevron Enter Unpopular Deals",20240105T193000Z,2024-01-06
HAL,gdelt,Shale producer Devon Energy in bid to acquire Enerplus,20240209T020000Z,2024-02-09
DVN,gdelt,Shale producer Devon Energy in bid to acquire Enerplus,20240209T020000Z,2024-02-09
DVN,gdelt,"Devon Energy in bid to acquire Enerplus , sources say",20240209T001500Z,2024-02-09
XOM,gdelt,This Oil Stock Is Following Leaders ExxonMobil and Occidental Petroleum by Making a Major Acquisition,20240105T120000Z,2024-01-05
OXY,gdelt,This Oil Stock Is Following Leaders ExxonMobil and Occidental Petroleum by Making a Major Acquisition,20240105T120000Z,2024-01-05
XOM,gdelt,This Oil Stock Is Following Leaders ExxonMobil and Occidental Petroleum by Making a Major Acquisition,20240106T083000Z,2024-01-06
OXY,gdelt,This Oil Stock Is Following Leaders ExxonMobil and Occidental Petroleum by Making a Major Acquisition,20240106T083000Z,2024-01-06
OXY,gdelt,Here Why Warren Buffett - Led Berkshire Hathaway Doesnt Want to Own 100 of Occidental Petroleum Stock,20240304T131500Z,2024-03-04
XOM,gdelt,Chevron Is Following Leaders ExxonMobil and Occidental Petroleum to Capture This Trillion Potential Opportunity,20240320T114500Z,2024-03-20
CVX,gdelt,Chevron Is Following Leaders ExxonMobil and Occidental Petroleum to Capture This Trillion Potential Opportunity,20240320T114500Z,2024-03-20
OXY,gdelt,Chevron Is Following Leaders ExxonMobil and Occidental Petroleum to Capture This Trillion Potential Opportunity,20240320T114500Z,2024-03-20
XOM,gdelt,Exxon doesnt appear to be trying to block Chevron Hess deal - report,20240301T211500Z,2024-03-02
CVX,gdelt,Exxon doesnt appear to be trying to block Chevron Hess deal - report,20240301T211500Z,2024-03-02
XOM,gdelt,"Exxon , Chevron Ramp Up Permian Oil Growth in Threat to OPEC",20240203T160000Z,2024-02-04
CVX,gdelt,"Exxon , Chevron Ramp Up Permian Oil Growth in Threat to OPEC",20240203T160000Z,2024-02-04
XOM,gdelt,Exxon Mobil and Chevron defy market challenges with strong 2023 earnings,20240202T194500Z,2024-02-03
CVX,gdelt,Exxon Mobil and Chevron defy market challenges with strong 2023 earnings,20240202T194500Z,2024-02-03
HAL,gdelt,Exxon Mobil and Chevron defy market challenges with strong 2023 earnings,20240202T194500Z,2024-02-03
CVX,gdelt,Chevron CEO faces challenges of a lifetime with Hess bid,20240311T151500Z,2024-03-11
HAL,gdelt,Chevron CEO faces challenges of a lifetime with Hess bid,20240311T151500Z,2024-03-11
XOM,gdelt,Exxon moves to arbitration over Chevron takeover of Hess Guyana shares - Analyst,20240307T051500Z,2024-03-07
CVX,gdelt,Exxon moves to arbitration over Chevron takeover of Hess Guyana shares - Analyst,20240307T051500Z,2024-03-07
COP,gdelt,Diamondback Energy makes beats ConocoPhillips to land Endeavor Energy,20240212T153000Z,2024-02-12
XOM,gdelt,ExxonMobil and Chevron Banner Results Which Is the Better Dividend Stock to Buy Now ?,20240216T041500Z,2024-02-16
CVX,gdelt,ExxonMobil and Chevron Banner Results Which Is the Better Dividend Stock to Buy Now ?,20240216T041500Z,2024-02-16
XOM,gdelt,"Exxon Mobil Stock Oil At Crucial Level On Attack News , Ahead Of Big Oil Earnings",20240129T151500Z,2024-01-29
XOM,gdelt,"Exxon , Chevron Beat Estimates , Report Second - Biggest Annual Profits In Past Decade",20240202T213000Z,2024-02-03
CVX,gdelt,"Exxon , Chevron Beat Estimates , Report Second - Biggest Annual Profits In Past Decade",20240202T213000Z,2024-02-03
XOM,gdelt,"Exxon , Chevron Surpass Forecasts as Shale Drilling Lifts Output",20240203T030000Z,2024-02-03
CVX,gdelt,"Exxon , Chevron Surpass Forecasts as Shale Drilling Lifts Output",20240203T030000Z,2024-02-03
HAL,gdelt,"Exxon , Chevron Surpass Forecasts as Shale Drilling Lifts Output",20240203T030000Z,2024-02-03
DVN,gdelt,"Devon Energy Fears Have Likely Peaked , Time To Be Bullish Upgrade DVN",20240205T191500Z,2024-02-06
XOM,gdelt,Chevron and Exxon row over future of giant Guyana asset,20240307T163000Z,2024-03-08
CVX,gdelt,Chevron and Exxon row over future of giant Guyana asset,20240307T163000Z,2024-03-08
XOM,gdelt,"Oil Company Mergers Spur Schumer Call for FTC Probe XOM , CVX",20240306T190000Z,2024-03-07
CVX,gdelt,"Oil Company Mergers Spur Schumer Call for FTC Probe XOM , CVX",20240306T190000Z,2024-03-07
OXY,gdelt,"Warren Buffett Owns Occidental , but You Should Consider These 3 Energy Stocks Instead",20240120T161500Z,2024-01-21
XOM,gdelt,Exxon Guyana Slap at Chevron Highlights Supply Security Importance,20240303T013000Z,2024-03-03
CVX,gdelt,Exxon Guyana Slap at Chevron Highlights Supply Security Importance,20240303T013000Z,2024-03-03
CVX,gdelt,Chevron And Hess Merger May Be At Risk As Geopolitical Risk Escalates,20240108T071500Z,2024-01-08
CVX,gdelt,Chevron CEO Faces Challenges of a Lifetime with Hess Bid,20240308T154500Z,2024-03-08
HAL,gdelt,Chevron CEO Faces Challenges of a Lifetime with Hess Bid,20240308T154500Z,2024-03-08
XOM,gdelt,"ExxonMobil Vs . Chevron Which Energy Stock Is A Better Buy Ahead Of Q4 Earnings ? - Chevron NYSE CVX , Exxon Mobil NYSE XOM",20240201T183000Z,2024-02-02
CVX,gdelt,"ExxonMobil Vs . Chevron Which Energy Stock Is A Better Buy Ahead Of Q4 Earnings ? - Chevron NYSE CVX , Exxon Mobil NYSE XOM",20240201T183000Z,2024-02-02
OXY,gdelt,Why Does Warren Buffett Keep Buying Occidental Petroleum Stock ?,20240216T104500Z,2024-02-16
XOM,gdelt,Chevron faces credibility crisis as Exxon plays hardball for Hes Guyana assets,20240309T021500Z,2024-03-09
CVX,gdelt,Chevron faces credibility crisis as Exxon plays hardball for Hes Guyana assets,20240309T021500Z,2024-03-09
CVX,gdelt,Hess Offers Cheap Way to Buy Chevron Due to Venezuela Worries,20240201T223000Z,2024-02-02
SLB,gdelt,Schlumberger Limited SLB Declined in Q4,20240314T104500Z,2024-03-14
XOM,gdelt,Exxon and Chevron Announce Record Shareholder Returns in Hottest Year on Record,20240203T181500Z,2024-02-04
CVX,gdelt,Exxon and Chevron Announce Record Shareholder Returns in Hottest Year on Record,20240203T181500Z,2024-02-04
SLB,gdelt,Schlumberger Stock Falls 10 After Aramco Ordered to Halt Production Capacity Increase,20240130T163000Z,2024-01-31
HAL,gdelt,Schlumberger Stock Falls 10 After Aramco Ordered to Halt Production Capacity Increase,20240130T163000Z,2024-01-31
XOM,gdelt,"Exxon beats estimates , ends 2023 with a billion profit - Markets",20240202T164500Z,2024-02-03
XOM,gdelt,"Exxon beats estimates , ends 2023 with a billion profit",20240202T120000Z,2024-02-02
XOM,gdelt,"Booming shale production lifts Exxon , Chevron forecasts as oil and gas earning season kicks off",20240205T000000Z,2024-02-05
CVX,gdelt,"Booming shale production lifts Exxon , Chevron forecasts as oil and gas earning season kicks off",20240205T000000Z,2024-02-05
HAL,gdelt,"Booming shale production lifts Exxon , Chevron forecasts as oil and gas earning season kicks off",20240205T000000Z,2024-02-05
CVX,gdelt,"Energy Sector Nears Multi - Year Resistance Breakout Ahead ? - Chevron NYSE CVX , Schlumberger NYSE SLB",20240322T213000Z,2024-03-23
SLB,gdelt,"Energy Sector Nears Multi - Year Resistance Breakout Ahead ? - Chevron NYSE CVX , Schlumberger NYSE SLB",20240322T213000Z,2024-03-23
XOM,gdelt,"Exxon , Chevron and Shell Deliver a Cash Gusher for Investors",20240206T054500Z,2024-02-06
CVX,gdelt,"Exxon , Chevron and Shell Deliver a Cash Gusher for Investors",20240206T054500Z,2024-02-06
XOM,gdelt,Exxon overcomes hefty charge and falling crude prices in fourth quarter to top profit expectations,20240202T141500Z,2024-02-02
XOM,gdelt,Exxon overcomes hefty charge and falling crude prices in fourth quarter to top profit expectations,20240202T211500Z,2024-02-03
XOM,gdelt,Texas - based Exxon overcomes hefty charge and falling crude oil prices in fourth quarter to top profit expectations NBC 5 Dallas - Fort Worth,20240202T221500Z,2024-02-03
HAL,gdelt,"Diamondback Energy , Endeavor Energy create largest Permian oil and gas operator with billion shale megadeal",20240212T170000Z,2024-02-13
XOM,gdelt,ExxonMobil tops quarterly income expectations amid production push By Investing . com,20240202T150000Z,2024-02-02
XOM,gdelt,Baystreet . ca - Exxon Guyana Slap at Chevron Highlights Supply Security Importance,20240305T084500Z,2024-03-05
CVX,gdelt,Baystreet . ca - Exxon Guyana Slap at Chevron Highlights Supply Security Importance,20240305T084500Z,2024-03-05
XOM,gdelt,Baystreet . ca - Exxon Guyana Slap at Chevron Highlights Supply Security Importance,20240304T133000Z,2024-03-04
CVX,gdelt,Baystreet . ca - Exxon Guyana Slap at Chevron Highlights Supply Security Importance,20240304T133000Z,2024-03-04
HAL,gdelt,Diamondback to buy Endeavor Energy in billion mega shale deal,20240212T121500Z,2024-02-12
XOM,gdelt,"Exxon Outperforms Estimates on Strength in Trading , Production",20240202T123000Z,2024-02-02
XOM,gdelt,"Exxon is not trying to acquire Hess in dispute with Chevron over Guyana oil assets , CEO says",20240318T183000Z,2024-03-19
CVX,gdelt,"Exxon is not trying to acquire Hess in dispute with Chevron over Guyana oil assets , CEO says",20240318T183000Z,2024-03-19
XOM,gdelt,"Exxon beats estimates , ends 2023 with US profit",20240203T084500Z,2024-02-03
XOM,gdelt,"Chevron surprised when Exxon filed for arbitration over Guyana , CEO says",20240319T160000Z,2024-03-20
CVX,gdelt,"Chevron surprised when Exxon filed for arbitration over Guyana , CEO says",20240319T160000Z,2024-03-20
XOM,gdelt,Exxon surpasses earnings forecasts amid falling oil price,20240202T130000Z,2024-02-02
XOM,gdelt,Analysis - Exxon curveball move in Guyana alters Chevron - Hess deal prospects,20240228T113000Z,2024-02-28
CVX,gdelt,Analysis - Exxon curveball move in Guyana alters Chevron - Hess deal prospects,20240228T113000Z,2024-02-28
XOM,gdelt,Analysis Exxon curveball move in Guyana alters Chevron - Hess deal prospects,20240228T113000Z,2024-02-28
CVX,gdelt,Analysis Exxon curveball move in Guyana alters Chevron - Hess deal prospects,20240228T113000Z,2024-02-28
XOM,gdelt,Exxon Mobil curveball move in Guyana alters Chevron - Hess deal prospects,20240228T143000Z,2024-02-28
CVX,gdelt,Exxon Mobil curveball move in Guyana alters Chevron - Hess deal prospects,20240228T143000Z,2024-02-28
XOM,gdelt,"Exxon Not Trying to Acquire Hess in Dispute , CNBC Reports",20240318T200000Z,2024-03-19
XOM,gdelt,Exxon Mobil CEO says not trying to acquire Hess,20240318T143000Z,2024-03-18
XOM,gdelt,Hess shares drop as fight with Exxon Mobil over Guyana oil threatens Chevron takeover,20240227T160000Z,2024-02-28
CVX,gdelt,Hess shares drop as fight with Exxon Mobil over Guyana oil threatens Chevron takeover,20240227T160000Z,2024-02-28
XOM,gdelt,Exxon Confident Its Intent With Guyana Contract Will Prevail,20240322T224500Z,2024-03-23
XOM,gdelt,Hess Says Guyana Deal With Exxon Does Not Apply to Chevron Sale,20240307T163000Z,2024-03-08
CVX,gdelt,Hess Says Guyana Deal With Exxon Does Not Apply to Chevron Sale,20240307T163000Z,2024-03-08
XOM,gdelt,HES shares drop as fight with XOM over Guyana oil threatens Chevron takeover,20240227T160000Z,2024-02-28
CVX,gdelt,HES shares drop as fight with XOM over Guyana oil threatens Chevron takeover,20240227T160000Z,2024-02-28
XOM,gdelt,Exxon Plays Hardball With Chevron Over Guyana Oil Riches,20240229T183000Z,2024-03-01
CVX,gdelt,Exxon Plays Hardball With Chevron Over Guyana Oil Riches,20240229T183000Z,2024-03-01
XOM,gdelt,"NorthAmOil Exxon seeks arbitration in Chevron take - over of Hess - March 08 , 2024 at 05 36 am EST",20240308T110000Z,2024-03-08
CVX,gdelt,"NorthAmOil Exxon seeks arbitration in Chevron take - over of Hess - March 08 , 2024 at 05 36 am EST",20240308T110000Z,2024-03-08
XOM,gdelt,Exxon curveball move in Guyana alters Chevron - Hess deal prospects,20240229T071500Z,2024-02-29
CVX,gdelt,Exxon curveball move in Guyana alters Chevron - Hess deal prospects,20240229T071500Z,2024-02-29
XOM,gdelt,Exxon CEO says not trying to buy Hess but eyes its Guyana stake,20240319T071500Z,2024-03-19
XOM,gdelt,Exxon Says No Interest in Buying Hess Amid Chevron Dispute,20240318T164500Z,2024-03-19
CVX,gdelt,Exxon Says No Interest in Buying Hess Amid Chevron Dispute,20240318T164500Z,2024-03-19
XOM,gdelt,"Exxon a possibly darker shadow , a larger footprint",20240315T081500Z,2024-03-15
XOM,gdelt,Exxon could make a bid for Hes oil assets in Guyana if Chevron deal terminates,20240307T024500Z,2024-03-07
CVX,gdelt,Exxon could make a bid for Hes oil assets in Guyana if Chevron deal terminates,20240307T024500Z,2024-03-07
CVX,gdelt,Chevron says Hess acquisition in limbo The Arkansas Democrat - Gazette,20240228T083000Z,2024-02-28
COP,gdelt,ConocoPhillips beats profit forecast as production hits record high,20240208T224500Z,2024-02-09
XOM,gdelt,Chevron Warns Billion Hess Deal May Be at Risk After Exxon Challenge,20240227T154500Z,2024-02-27
CVX,gdelt,Chevron Warns Billion Hess Deal May Be at Risk After Exxon Challenge,20240227T154500Z,2024-02-27
HAL,gdelt,Chevron Warns Billion Hess Deal May Be at Risk After Exxon Challenge,20240227T154500Z,2024-02-27
XOM,gdelt,Hess reviews timeline for Chevron deal closing after Exxon escalates Guyana dispute,20240307T211500Z,2024-03-08
CVX,gdelt,Hess reviews timeline for Chevron deal closing after Exxon escalates Guyana dispute,20240307T211500Z,2024-03-08
XOM,gdelt,"Exxon beats estimates , ends 2023 with a billion profit Hellenic Shipping News Worldwide",20240204T200000Z,2024-02-05
CVX,gdelt,Chevron warns that its billion acquisition of Hess Corp . may be in jeopardy over key asset in Guyana,20240228T013000Z,2024-02-28
CVX,gdelt,Chevron warns that its acquisition of Hess Corp . may be in jeopardy over key asset in Guyana,20240227T204500Z,2024-02-28
SLB,gdelt,Energy Climbs After SLB Earnings -- Energy Roundup,20240119T223000Z,2024-01-20
XOM,gdelt,"Marathon Petroleum , Exxon among BofA picks for options opportunity on earnings surprise",20240130T050000Z,2024-01-30
MPC,gdelt,"Marathon Petroleum , Exxon among BofA picks for options opportunity on earnings surprise",20240130T050000Z,2024-01-30
XOM,gdelt,"California Reaming Laws Spark Rancor , in Chevron , Exxon Write Offs",20240109T050000Z,2024-01-09
CVX,gdelt,"California Reaming Laws Spark Rancor , in Chevron , Exxon Write Offs",20240109T050000Z,2024-01-09
XOM,gdelt,CNOOC joins Exxon in fight over Stabroek Block,20240322T074500Z,2024-03-22
XOM,gdelt,Exxon Considers Pre - Emption Rights to Hes Guyana Oil Stake,20240227T144500Z,2024-02-27
XOM,gdelt,"Hess , Chevron billion deal in risk on Exxon , Cnooc possible bid",20240227T014500Z,2024-02-27
CVX,gdelt,"Hess , Chevron billion deal in risk on Exxon , Cnooc possible bid",20240227T014500Z,2024-02-27
XOM,gdelt,Exxon Mobil CEO says not trying to acquire Hess,20240318T161500Z,2024-03-19
OXY,gdelt,Occidental Petroleum Makes Most of Its Money on Oil and Gas but Its Future Profit Growth Drivers Could Lie Elsewhere,20240216T131500Z,2024-02-16
XOM,gdelt,"Energy Climbs After Exxon , Chevron Earnings -- Energy Roundup",20240202T230000Z,2024-02-03
CVX,gdelt,"Energy Climbs After Exxon , Chevron Earnings -- Energy Roundup",20240202T230000Z,2024-02-03
XOM,gdelt,"Exxon CEO says We only want the shares in Stabroek Block , not Hess Corp",20240319T064500Z,2024-03-19
CVX,gdelt,Just How Safe Is Chevron Stock Dividend ?,20240110T210000Z,2024-01-11
CVX,gdelt,Chevron Billion Bid For Hess Reported To Be In Jeopardy,20240228T044500Z,2024-02-28
XOM,gdelt,Exxon says will consider pre - emption rights to Hess Guyana oil stake NYSE XOM,20240227T014500Z,2024-02-27
DVN,gdelt,Devon Energy Stock A Strong E P Play With Attractive Capital Returns NYSE DVN,20240106T053000Z,2024-01-06
XOM,gdelt,"Chevron , Exxon in dispute over Hess stake in Guyana oil block",20240226T231500Z,2024-02-27
CVX,gdelt,"Chevron , Exxon in dispute over Hess stake in Guyana oil block",20240226T231500Z,2024-02-27
CVX,gdelt,Is Chevron Stock a Buy ? The Motley Fool,20240129T110000Z,2024-01-29
XOM,gdelt,Exxon Files For Arbitration Over Guyana Oil Block,20240307T123000Z,2024-03-07
XOM,gdelt,Exxon Mobil and Chevron report second - biggest annual profits haul in decade,20240203T004500Z,2024-02-03
CVX,gdelt,Exxon Mobil and Chevron report second - biggest annual profits haul in decade,20240203T004500Z,2024-02-03
XOM,gdelt,ExxonMobil and its fight to pursue massive oil find in Guyana,20240317T211500Z,2024-03-18
XOM,gdelt,"Why ExxonMobil , Chevron , and ConocoPhillips Stocks All Just Dropped",20240108T191500Z,2024-01-09
CVX,gdelt,"Why ExxonMobil , Chevron , and ConocoPhillips Stocks All Just Dropped",20240108T191500Z,2024-01-09
COP,gdelt,"Why ExxonMobil , Chevron , and ConocoPhillips Stocks All Just Dropped",20240108T191500Z,2024-01-09
XOM,gdelt,Exxon Doesnt Want to Buy Hess Despite Chevron Arbitration,20240318T173000Z,2024-03-19
CVX,gdelt,Exxon Doesnt Want to Buy Hess Despite Chevron Arbitration,20240318T173000Z,2024-03-19
CVX,gdelt,Chevron says Hess acquisition in limbo Northwest Arkansas Democrat - Gazette,20240229T011500Z,2024-02-29
XOM,gdelt,"Exxon Is Open to Dialogue With Chevron Over Guyana , CEO Says",20240318T203000Z,2024-03-19
CVX,gdelt,"Exxon Is Open to Dialogue With Chevron Over Guyana , CEO Says",20240318T203000Z,2024-03-19
HAL,gdelt,U . S . shale M A expected to continue in wake of Marathon Oil deal - FT,20240602T164500Z,2024-06-03
COP,gdelt,ConocoPhillips in talks to buy Marathon Oil,20240529T103000Z,2024-05-29
COP,gdelt,ConocoPhillips in Advanced Talks to Buy Marathon Oil,20240529T093000Z,2024-05-29
HAL,gdelt,US Shale Industry Dealmaking Wave Redraws Energy Landscape,20240603T053000Z,2024-06-03
COP,gdelt,ConocoPhillips to acquire Marathon Oil in US billion deal,20240529T133000Z,2024-05-29
COP,gdelt,ConocoPhillips to Acquire Marathon Oil in Major Billion Deal,20240530T093000Z,2024-05-30
COP,gdelt,ConocoPhillips plans purchase of Marathon Oil for . 1 billion,20240530T170000Z,2024-05-31
COP,gdelt,ConocoPhillips plans purchase of Marathon Oil for . 1 billion,20240529T230000Z,2024-05-30
COP,gdelt,ConocoPhillips to acquire Marathon Oil for billion amid U . S . oil and gas consolidation wave,20240531T004500Z,2024-05-31
COP,gdelt,ConocoPhillips - Marathon Oil come to terms,20240530T220000Z,2024-05-31
COP,gdelt,ConocoPhillips To Buy Marathon Oil For Billion All - Stock Deal,20240530T020000Z,2024-05-30
XOM,gdelt,Exxon Expects Regulator To Greenlight - Billion Pioneer Deal in June,20240426T204500Z,2024-04-27
PXD,gdelt,Exxon Expects Regulator To Greenlight - Billion Pioneer Deal in June,20240426T204500Z,2024-04-27
COP,gdelt,ConocoPhillips is buying Marathon Oil in . 5 billion deal,20240529T123000Z,2024-05-29
COP,gdelt,ConocoPhillips Acquires Marathon Oil in Deal,20240529T164500Z,2024-05-30
COP,gdelt,US energy giant Conoco Phillips buys Marathon Oil in 17 . 7bn deal,20240529T220000Z,2024-05-30
COP,gdelt,ConocoPhillips in advanced discussions to purchase Marathon Oil,20240529T131500Z,2024-05-29
COP,gdelt,ConocoPhillips Agreed to Acquire Marathon Oil In All - Stock . 5 Billion Deal,20240612T054500Z,2024-06-12
COP,gdelt,ConocoPhillips to buy Marathon Oil in . 1 billion all - stock deal that bolsters shale assets,20240529T120000Z,2024-05-29
HAL,gdelt,ConocoPhillips to buy Marathon Oil in . 1 billion all - stock deal that bolsters shale assets,20240529T120000Z,2024-05-29
COP,gdelt,"Multi - basin Mayhem Conoco , Marathon Tout Eagle Ford , Bakken Runway",20240531T200000Z,2024-06-01
COP,gdelt,ConocoPhillips buying Marathon Oil for . 1 billion in all - stock deal as energy prices rise,20240529T133000Z,2024-05-29
COP,gdelt,ConocoPhillips Scooping Up Marathon Oil In . 5 Billion Deal,20240529T144500Z,2024-05-29
COP,gdelt,ConocoPhillips buying Marathon Oil for . 1 billion in all - stock deal,20240529T221500Z,2024-05-30
COP,gdelt,ConocoPhillips buys Marathon Oil for . 1 billion in all - stock deal as energy prices rise,20240529T133000Z,2024-05-29
COP,gdelt,"ConocoPhillips buying Marathon Oil for . 1 billion in all - stock deal , plus . 4 billion in debt",20240529T154500Z,2024-05-29
COP,gdelt,ConocoPhillips buying Marathon Oil for . 1 billion in all - stock deal - New Delhi Times - India Only International Newspaper,20240530T104500Z,2024-05-30
COP,gdelt,ConocoPhillips buying Marathon Oil for . 1B in all - stock deal as energy prices rise,20240529T173000Z,2024-05-30
COP,gdelt,ConocoPhillips is buying Marathon Oil for . 1 billion in all - stock deal as profits soar on high energy prices,20240529T173000Z,2024-05-30
XOM,gdelt,"Exxon - Hess arbitration panel incomplete , stalling Hess sale to Chevron - Reuters",20240621T024500Z,2024-06-21
CVX,gdelt,"Exxon - Hess arbitration panel incomplete , stalling Hess sale to Chevron - Reuters",20240621T024500Z,2024-06-21
COP,gdelt,ConocoPhillips buying Marathon Oil for . 1 billion in all - stock deal as energy prices rise,20240529T164500Z,2024-05-30
COP,gdelt,ConocoPhillips to Acquire Marathon Oil in . 5 Billion Deal - Indianapolis News Indiana Weather Indiana Traffic WISH - TV,20240529T204500Z,2024-05-30
DVN,gdelt,Devon Energy Strikes Out on Another Acquisition Target . Where Does the Oil Stock Go From Here ?,20240601T113000Z,2024-06-01
MPC,gdelt,"Energy ETF among top S P 500 sector performers in Q1 MPC , VLO , and TRGP among gainers YTD",20240330T220000Z,2024-03-31
COP,gdelt,"ConocoPhillips buying Marathon Oil for . 1 billion in all - stock deal , plus . 4 billion in debt",20240529T173000Z,2024-05-30
COP,gdelt,ConocoPhillips to acquire Marathon Oil for . 1 billion all - stock deal,20240529T133000Z,2024-05-29
COP,gdelt,ConocoPhillips buying Marathon Oil for . 1 billion,20240529T204500Z,2024-05-30
XOM,gdelt,Exxon and Chevron output booms in world hottest oil patches,20240505T153000Z,2024-05-05
CVX,gdelt,Exxon and Chevron output booms in world hottest oil patches,20240505T153000Z,2024-05-05
XOM,gdelt,Exxon and Chevron Output Booms in World Hottest Oil Patches,20240427T134500Z,2024-04-27
CVX,gdelt,Exxon and Chevron Output Booms in World Hottest Oil Patches,20240427T134500Z,2024-04-27
COP,gdelt,ConocoPhillips acquires Marathon Oil in . 5bn deal,20240530T110000Z,2024-05-30
COP,gdelt,ConocoPhillips to acquire Marathon Oil for . 1 billion all - stock deal,20240529T160000Z,2024-05-30
XOM,gdelt,Exxon and Chevron output booms in world hottest oil patches The Oakland Press,20240429T194500Z,2024-04-30
CVX,gdelt,Exxon and Chevron output booms in world hottest oil patches The Oakland Press,20240429T194500Z,2024-04-30
CVX,gdelt,Oil and gas giants ConocoPhillips and Chevron announce major acquisitions as industry consolidation continues,20240601T044500Z,2024-06-01
COP,gdelt,Oil and gas giants ConocoPhillips and Chevron announce major acquisitions as industry consolidation continues,20240601T044500Z,2024-06-01
CVX,gdelt,Chevron Surpasses Tesla as the Most Shorted U . S . Large - Cap Stock,20240514T160000Z,2024-05-15
DVN,gdelt,How Devon Energy missed out on the US oil and gas mega - deal wave,20240606T103000Z,2024-06-06
DVN,gdelt,How Devon Energy missed out on the U . S . oil and gas mega - deal wave,20240606T123000Z,2024-06-06
XOM,gdelt,Exxon and Chevron output booms in world hottest oil patches The News Herald,20240429T200000Z,2024-04-30
CVX,gdelt,Exxon and Chevron output booms in world hottest oil patches The News Herald,20240429T200000Z,2024-04-30
OXY,gdelt,Occidental Petroleum and Berkshire Hathaway are Teaming Up to Help Solve a Huge Problem,20240606T113000Z,2024-06-06
COP,gdelt,"ConocoPhillips buying Marathon Oil for . 1 billion in all - stock deal KTBB News , Weather , Talk",20240530T133000Z,2024-05-30
COP,gdelt,"ConocoPhillips buying Marathon Oil for . 1 billion in all - stock deal as energy prices rise News , Sports , Jobs",20240529T233000Z,2024-05-30
COP,gdelt,ConocoPhillips Buying Marathon Oil for . 1 Billion,20240529T161500Z,2024-05-30
COP,gdelt,ConocoPhillips buying Marathon Oil for . 1 billion in all - stock deal as energy prices rise,20240531T234500Z,2024-06-01
CVX,gdelt,Chevron Puts united kingdom Clair Oilfield Up for Sale in North Sea Exit,20240516T153000Z,2024-05-16
COP,gdelt,"ConocoPhillips in Talks to Acquire Marathon Oil , FT Reports",20240529T073000Z,2024-05-29
COP,gdelt,Anticipating Antitrust ConocoPhillips Marathon Merger Profile,20240613T153000Z,2024-06-13
COP,gdelt,"ConocoPhillips in advanced talks to buy Marathon Oil , FT reports",20240529T071500Z,2024-05-29
XOM,gdelt,"Oil giants Exxon , Chevron lean on big - ticket deals to build bigger reserves",20240601T074500Z,2024-06-01
CVX,gdelt,"Oil giants Exxon , Chevron lean on big - ticket deals to build bigger reserves",20240601T074500Z,2024-06-01
COP,gdelt,ConocoPhillips to Acquire Marathon Oil in Billion Deal,20240530T180000Z,2024-05-31
CVX,gdelt,Chevron Billion Oil Deal Is Backed by Hess Shareholders,20240528T213000Z,2024-05-29
XOM,gdelt,"If You Like ExxonMobil , Then Youll Love These 2 High - Yield Energy Majors",20240405T124500Z,2024-04-05
CVX,gdelt,Where Will Chevron Be in 1 Year ? The Motley Fool,20240529T144500Z,2024-05-29
CVX,gdelt,Schumer Urges FTC to Pump the Brake on Chevron - Hess Deal,20240513T051500Z,2024-05-13
XOM,gdelt,Exxon and Chevron output booms in world hottest oil patches Silicon Valley,20240429T204500Z,2024-04-30
CVX,gdelt,Exxon and Chevron output booms in world hottest oil patches Silicon Valley,20240429T204500Z,2024-04-30
CVX,gdelt,Hess - Chevron merger vote appears ripe for narrow approval,20240523T194500Z,2024-05-24
XOM,gdelt,Exxon - Pioneer deal gets green light from US FTC,20240502T200000Z,2024-05-03
PXD,gdelt,Exxon - Pioneer deal gets green light from US FTC,20240502T200000Z,2024-05-03
COP,gdelt,U . S . Shale Mergers Continue with ConocoPhillips - Marathon Mega Deal,20240602T000000Z,2024-06-02
HAL,gdelt,U . S . Shale Mergers Continue with ConocoPhillips - Marathon Mega Deal,20240602T000000Z,2024-06-02
XOM,gdelt,"US greenlights Exxon - Pioneer deal , alleges shale founder colluded with OPEC",20240502T211500Z,2024-05-03
PXD,gdelt,"US greenlights Exxon - Pioneer deal , alleges shale founder colluded with OPEC",20240502T211500Z,2024-05-03
HAL,gdelt,"US greenlights Exxon - Pioneer deal , alleges shale founder colluded with OPEC",20240502T211500Z,2024-05-03
CVX,gdelt,Hess - Chevron merger vote appears ripe for narrow approval By Reuters,20240523T194500Z,2024-05-24
COP,gdelt,ConocoPhillips buys Marathon Oil for . 1 billion as energy giants scale up,20240529T120000Z,2024-05-29
HAL,gdelt,Asset sales the next driver of shale deals Latest Market News,20240610T154500Z,2024-06-10
CVX,gdelt,Schumer Urges FTC To Halt Chevron - Hess Merger Over Fear Of Gas Price Hike,20240513T120000Z,2024-05-13
HAL,gdelt,Schumer Urges FTC To Halt Chevron - Hess Merger Over Fear Of Gas Price Hike,20240513T120000Z,2024-05-13
XOM,gdelt,Exxon and Chevron fight over Guyana oil triggers major investigation by U . S . federal agencies over their assets,20240423T080000Z,2024-04-23
CVX,gdelt,Exxon and Chevron fight over Guyana oil triggers major investigation by U . S . federal agencies over their assets,20240423T080000Z,2024-04-23
COP,gdelt,ConocoPhillips to buy Marathon for . 5 bn in latest big oil deal,20240529T173000Z,2024-05-30
PXD,gdelt,Former Pioneer CEO Faces Antitrust Probe,20240502T064500Z,2024-05-02
CVX,gdelt,Chevron inches ahead on long road to Hess takeover and Guyana oil,20240530T000000Z,2024-05-30
XOM,gdelt,"Exxon , Chevron Earnings In Q1 Fall . Supermajors Spar Over South America Oil Jewel .",20240426T124500Z,2024-04-26
CVX,gdelt,"Exxon , Chevron Earnings In Q1 Fall . Supermajors Spar Over South America Oil Jewel .",20240426T124500Z,2024-04-26
HAL,gdelt,Consumers Sue U . S . Shale Alleging Collusion to Boost Oil Prices,20240515T014500Z,2024-05-15
COP,gdelt,Oil giant ConocoPhillips to buy Marathon Oil in . 1bn deal,20240529T134500Z,2024-05-29
COP,gdelt,ConocoPhillips intends to buy Marathon Oil for high price,20240530T050000Z,2024-05-30
CVX,gdelt,US Senate Majority Leader Tells Regulator to Bin Chevron - Hess Merger,20240514T114500Z,2024-05-14
XOM,gdelt,Pioneer Natural Resources co - founder will be barred from board in deal for Exxon merger,20240502T020000Z,2024-05-02
PXD,gdelt,Pioneer Natural Resources co - founder will be barred from board in deal for Exxon merger,20240502T020000Z,2024-05-02
XOM,gdelt,"Chevron , Exxon , TotalEnergies Release Q1 Reports , Record Mixed Results",20240430T014500Z,2024-04-30
CVX,gdelt,"Chevron , Exxon , TotalEnergies Release Q1 Reports , Record Mixed Results",20240430T014500Z,2024-04-30
XOM,gdelt,Exxon misses on Q1 profit despite big gains in Guyana,20240426T111500Z,2024-04-26
XOM,gdelt,Exxon Mobil profit declines in 1st quarter as natural gas prices fall,20240426T130000Z,2024-04-26
XOM,gdelt,ExxonMobil profit declines in 1st quarter as natural gas prices fall,20240426T191500Z,2024-04-27
XOM,gdelt,Exxon Sees Hess Arbitration Dragging into 2025,20240507T031500Z,2024-05-07
COP,gdelt,ConocoPhillips misses quarterly profit estimates on lower gas prices,20240502T143000Z,2024-05-02
XOM,gdelt,Exxon to Close Pioneer Deal as FTC Forces Out Sheffield,20240502T160000Z,2024-05-03
PXD,gdelt,Exxon to Close Pioneer Deal as FTC Forces Out Sheffield,20240502T160000Z,2024-05-03
XOM,gdelt,Exxon Misses on Q1 Profit Despite Big Gains in Guyana,20240426T114500Z,2024-04-26
XOM,gdelt,"Exxon To Win FTC Approval For Billion Pioneer Deal , Creating Energy Supergiant",20240501T220000Z,2024-05-02
PXD,gdelt,"Exxon To Win FTC Approval For Billion Pioneer Deal , Creating Energy Supergiant",20240501T220000Z,2024-05-02
XOM,gdelt,Exxon Billion Pioneer Deal Set to Create Energy Supergiant,20240502T163000Z,2024-05-03
PXD,gdelt,Exxon Billion Pioneer Deal Set to Create Energy Supergiant,20240502T163000Z,2024-05-03
COP,gdelt,ConocoPhillips to Buy Marathon Oil in . 5B Deal,20240530T093000Z,2024-05-30
XOM,gdelt,Exxon - Pioneer merger receives FTC nod The Arkansas Democrat - Gazette,20240503T091500Z,2024-05-03
PXD,gdelt,Exxon - Pioneer merger receives FTC nod The Arkansas Democrat - Gazette,20240503T091500Z,2024-05-03
XOM,gdelt,"U . S . FTC signals Exxon - Pioneer deal approval , bars former executive from board seat",20240502T143000Z,2024-05-02
PXD,gdelt,"U . S . FTC signals Exxon - Pioneer deal approval , bars former executive from board seat",20240502T143000Z,2024-05-02
XOM,gdelt,Exxon Mobil third quarter profit down compared with last year record figure,20240616T110000Z,2024-06-16
XOM,gdelt,Exxon Mobil third quarter profit down compared with last year record figure,20240616T191500Z,2024-06-17
XOM,gdelt,Exxon Mobil third quarter profit down compared with last year record figure,20240617T204500Z,2024-06-18
COP,gdelt,Baystreet . ca - ConocoPhillips To Acquire Marathon Oil For Billion Reports,20240529T130000Z,2024-05-29
XOM,gdelt,"Exxon Mobil deal with Pioneer gets FTC nod , but former Pioneer CEO Scott Sheffield barred from board",20240503T093000Z,2024-05-03
PXD,gdelt,"Exxon Mobil deal with Pioneer gets FTC nod , but former Pioneer CEO Scott Sheffield barred from board",20240503T093000Z,2024-05-03
CVX,gdelt,Hess shareholders sign off on billion sale to Chevron,20240529T043000Z,2024-05-29
HAL,gdelt,US oil executive censure puts spotlight on shale - OPEC meetings,20240502T194500Z,2024-05-03
CVX,gdelt,Better Warren Buffett Oil Stock Chevron Vs . Occidental Petroleum,20240515T123000Z,2024-05-15
OXY,gdelt,Better Warren Buffett Oil Stock Chevron Vs . Occidental Petroleum,20240515T123000Z,2024-05-15
CVX,gdelt,Chevron prepares for North Sea exit after more than 55 years,20240517T051500Z,2024-05-17
XOM,gdelt,Exxon to Conclude Takeover With Pioneer Founder Under a Cloud,20240502T183000Z,2024-05-03
PXD,gdelt,Exxon to Conclude Takeover With Pioneer Founder Under a Cloud,20240502T183000Z,2024-05-03
XOM,gdelt,Exxon - Pioneer merger receives FTC nod Northwest Arkansas Democrat - Gazette,20240503T093000Z,2024-05-03
PXD,gdelt,Exxon - Pioneer merger receives FTC nod Northwest Arkansas Democrat - Gazette,20240503T093000Z,2024-05-03
COP,gdelt,Does ConocoPhillip Blockbuster Acquisition of Marathon Oil Make the Dividend Stock a Buy Now ?,20240602T221500Z,2024-06-03
XOM,gdelt,FTC issues board caveat for Exxon - Pioneer merger The Arkansas Democrat - Gazette,20240504T084500Z,2024-05-04
PXD,gdelt,FTC issues board caveat for Exxon - Pioneer merger The Arkansas Democrat - Gazette,20240504T084500Z,2024-05-04
XOM,gdelt,Exxon and CNOOC Team Up To Challenge Chevron Guyana Oil Deal,20240329T143000Z,2024-03-29
CVX,gdelt,Exxon and CNOOC Team Up To Challenge Chevron Guyana Oil Deal,20240329T143000Z,2024-03-29
HAL,gdelt,Exxon and CNOOC Team Up To Challenge Chevron Guyana Oil Deal,20240329T143000Z,2024-03-29
XOM,gdelt,Chevron - Hess tie up could drag until next year courtesy of Exxon - Hess says in securities filing,20240415T054500Z,2024-04-15
CVX,gdelt,Chevron - Hess tie up could drag until next year courtesy of Exxon - Hess says in securities filing,20240415T054500Z,2024-04-15
XOM,gdelt,Exxon billion fight with Chevron will reshape big oil,20240403T050000Z,2024-04-03
CVX,gdelt,Exxon billion fight with Chevron will reshape big oil,20240403T050000Z,2024-04-03
COP,gdelt,ConocoPhillips to Acquire Marathon Oil in . 5 Billion Deal,20240529T133000Z,2024-05-29
CVX,gdelt,"Hess arbitration panel incomplete , Hess sale to Chevron stalled",20240620T231500Z,2024-06-21
CVX,gdelt,Hess Investors Advised by Glass Lewis to Back Chevron Deal,20240517T033000Z,2024-05-17
XOM,gdelt,FTC Signals Approval for Exxon - Pioneer Deal,20240502T154500Z,2024-05-02
PXD,gdelt,FTC Signals Approval for Exxon - Pioneer Deal,20240502T154500Z,2024-05-02
COP,gdelt,Marathon deal brings ConocoPhillips assets in multiple basins,20240530T000000Z,2024-05-30
XOM,gdelt,"Exxon , Cnooc Merge Guyana Arbitration Claims Against Chevron",20240328T224500Z,2024-03-29
CVX,gdelt,"Exxon , Cnooc Merge Guyana Arbitration Claims Against Chevron",20240328T224500Z,2024-03-29
XOM,gdelt,Texas oil regulator launches Permian Basin probe after earthquakes NYSE XOM,20240729T191500Z,2024-07-30
HAL,gdelt,"Shale producers follow up on mergers , acquisitions amid industry shifts",20240819T183000Z,2024-08-20
XOM,gdelt,Exxon Mobil among 8 Houston firms on Fortune Global 500 ranking,20240806T131500Z,2024-08-06
COP,gdelt,"ConocoPhillips , Marathon Oil get second US FTC request over . 5 billion deal",20240712T121500Z,2024-07-12
COP,gdelt,"ConocoPhillips , Marathon Oil get second US FTC request over . 5 billion deal",20240712T221500Z,2024-07-13
CVX,gdelt,US FTC close to approving Chevron acquisition of Hess,20240925T104500Z,2024-09-25
XOM,gdelt,Jim Cramer Says Exxon Mobil Corporation XOM Is Expensive,20240915T084500Z,2024-09-15
OXY,gdelt,Better Than Buffett 3 Oil Stocks to Buy Instead of Occidental Petroleum,20240831T123000Z,2024-08-31
CVX,gdelt,FTC Set to Greenlight Chevron Billion Hess Buy,20240924T054500Z,2024-09-24
CVX,gdelt,Baystreet . ca - U . S . Regulator To Approve Chevron Billion Purchase Of Hess Corp .,20240925T033000Z,2024-09-25
CVX,gdelt,Baystreet . ca - U . S . Regulator To Approve Chevron Billion Purchase Of Hess Corp .,20240924T123000Z,2024-09-24
XOM,gdelt,"After Closing a Billion Acquisition , ExxonMobil Is Doing a Little Housekeeping",20240829T124500Z,2024-08-29
CVX,gdelt,"FTC set to greenlight Chevron bln buy of oil rival Hess , sources say",20240924T071500Z,2024-09-24
XOM,gdelt,Better Buy in September ExxonMobil or a 50 50 Split of Devon Energy and Occidental Petroleum ?,20240909T143000Z,2024-09-09
OXY,gdelt,Better Buy in September ExxonMobil or a 50 50 Split of Devon Energy and Occidental Petroleum ?,20240909T143000Z,2024-09-09
DVN,gdelt,Better Buy in September ExxonMobil or a 50 50 Split of Devon Energy and Occidental Petroleum ?,20240909T143000Z,2024-09-09
COP,gdelt,FTC issues second request for ConocoPhillips - Marathon Oil deal,20240715T111500Z,2024-07-15
HAL,gdelt,U . S . shale production could surprise to the upside,20240806T233000Z,2024-08-07
XOM,gdelt,Exxon - Hess arbitration panel nears formation - Reuters NYSE HES,20240702T224500Z,2024-07-03
COP,gdelt,"FTC Seeks More Info on ConocoPhillips , Marathon Deal -- Update",20240712T124500Z,2024-07-12
CVX,gdelt,FTC expected to greenlight Chevron proposed Hess deal - Reuters NYSE HES,20240923T234500Z,2024-09-24
XOM,gdelt,"ExxonMobil Is a Rock - Solid Dividend Stock , but So Are These High - Yield Stocks That Are Down Between 4 and 15 Over the Last Year",20240813T161500Z,2024-08-14
XOM,gdelt,"Exxon delivers US . 2 billion second - quarter profit , raises output target",20240802T120000Z,2024-08-02
XOM,gdelt,Big Oil Battle ExxonMobil and Chevron Are Fighting Over This Oil - Rich Spot,20240822T141500Z,2024-08-22
CVX,gdelt,Big Oil Battle ExxonMobil and Chevron Are Fighting Over This Oil - Rich Spot,20240822T141500Z,2024-08-22
XOM,gdelt,"Exxon delivers US . 2 billion second - quarter profit , raises output target",20240803T073000Z,2024-08-03
XOM,gdelt,Exxon Mobil second - quarter profit rises on Pioneer acquisition and surging production,20240802T134500Z,2024-08-02
PXD,gdelt,Exxon Mobil second - quarter profit rises on Pioneer acquisition and surging production,20240802T134500Z,2024-08-02
XOM,gdelt,The Numbers Speak for Themselves ExxonMobil Is the Top Dog in the Oil Patch .,20240805T031500Z,2024-08-05
XOM,gdelt,The Numbers Speak for Themselves ExxonMobil Is the Top Dog in the Oil Patch .,20240804T123000Z,2024-08-04
HAL,gdelt,Adams Natural Resources Fund Declares Distribution and Announces First Half Performance,20240719T013000Z,2024-07-19
XOM,gdelt,Prediction Chevron Will Prevail Over ExxonMobil and Close This Needle - Moving Acquisition,20240827T111500Z,2024-08-27
CVX,gdelt,Prediction Chevron Will Prevail Over ExxonMobil and Close This Needle - Moving Acquisition,20240827T111500Z,2024-08-27
XOM,gdelt,"ExxonMobil reveals robust Q2 earnings , beating expectations",20240804T101500Z,2024-08-04
CVX,gdelt,"ConocoPhillips Receives Second FTC Request on Merger Deal - Chevron NYSE CVX , ConocoPhillips NYSE COP",20240716T191500Z,2024-07-17
COP,gdelt,"ConocoPhillips Receives Second FTC Request on Merger Deal - Chevron NYSE CVX , ConocoPhillips NYSE COP",20240716T191500Z,2024-07-17
XOM,gdelt,"While The Tech Sector Corrects , Energy Quietly Rises 5 Stocks For Your Watch List - SPDR Select Sector Fund - Utilities ARCA XLU , Exxon Mobil NYSE XOM , Baker Hughes NASDAQ BKR , Marathon Oil NYSE MRO",20240627T200000Z,2024-06-28
XOM,gdelt,"Exclusive - Hess Guyana secret value becomes part of Exxon arbitration , sources say",20240820T123000Z,2024-08-20
XOM,gdelt,"ExxonMobil Delivers . 2B Second - Quarter Profit , Raises Output Target",20240802T120000Z,2024-08-02
OXY,gdelt,Prediction This Will Be Occidental Petroleum Next Big Move,20240713T123000Z,2024-07-13
XOM,gdelt,"ExxonMobil Is a Rock - Solid Dividend Stock , but So Is This Dirt Cheap Value Stock That Paid . 8 Billion in Dividends Over the Past Year",20240721T160000Z,2024-07-22
XOM,gdelt,Exxon Mobil Achieves Record Quarterly Production and Major Acquisitions,20240802T120000Z,2024-08-02
COP,gdelt,. 5 billion ConocoPhillps - Marathon Oil merger potentially delayed following second FTC request,20240715T230000Z,2024-07-16
XOM,gdelt,FTC Delays Chevron - Hess Decision to After Exxon Arbitration,20240711T231500Z,2024-07-12
CVX,gdelt,FTC Delays Chevron - Hess Decision to After Exxon Arbitration,20240711T231500Z,2024-07-12
CVX,gdelt,FTC delays decision on Chevron - Hess deal until,20240712T124500Z,2024-07-12
COP,gdelt,"Upstream M A sails over billion in Q2 2024 on ConocoPhillips , Devon Energy , Marathon Oil megadeals",20240731T211500Z,2024-08-01
DVN,gdelt,"Upstream M A sails over billion in Q2 2024 on ConocoPhillips , Devon Energy , Marathon Oil megadeals",20240731T211500Z,2024-08-01
XOM,gdelt,Exxon Mobil second - quarter profit rises on Pioneer acqu ...,20240803T070000Z,2024-08-03
PXD,gdelt,Exxon Mobil second - quarter profit rises on Pioneer acqu ...,20240803T070000Z,2024-08-03
XOM,gdelt,Exxon Beats Expectations as Pioneer Deal Fuels Record Output,20240802T204500Z,2024-08-03
PXD,gdelt,Exxon Beats Expectations as Pioneer Deal Fuels Record Output,20240802T204500Z,2024-08-03
XOM,gdelt,Exxon Mobil 2nd - quarter profit rises on Pioneer acquisition and surging production,20240802T113000Z,2024-08-02
PXD,gdelt,Exxon Mobil 2nd - quarter profit rises on Pioneer acquisition and surging production,20240802T113000Z,2024-08-02
CVX,gdelt,US FTC set to greenlight Chevron US billion buy of oil rival Hess sources,20240924T023000Z,2024-09-24
OXY,gdelt,CrownRock Hopes to Generate . 7 Billion by Selling Occidental Petroleum Shares,20240813T093000Z,2024-08-13
DVN,gdelt,"Bridgewater adds to Amazon , Microsoft , exits Intel , Devon , others in Q2 NYSE CVS",20240815T020000Z,2024-08-15
XOM,gdelt,BREAKING NEWS FTC to greenlight Chevron billion Hess acquisition amid ExxonMobil arbitration Oil Gas 360,20240925T014500Z,2024-09-25
CVX,gdelt,BREAKING NEWS FTC to greenlight Chevron billion Hess acquisition amid ExxonMobil arbitration Oil Gas 360,20240925T014500Z,2024-09-25
CVX,gdelt,Chevron Has Reliable Cash Flow At A Lofty Valuation NYSE CVX,20240816T010000Z,2024-08-16
OXY,gdelt,Occidental Completes CrownRock Acquisition,20240802T201500Z,2024-08-03
DVN,gdelt,Devon Energy To Acquire Bakken Driller Grayson Mill In Deal,20240708T204500Z,2024-07-09
XOM,gdelt,BREAKING NEWS FTC to delay billion Chevron - Hess deal until after ExxonMobil arbitration over assets offshore Guyana,20240711T230000Z,2024-07-12
CVX,gdelt,BREAKING NEWS FTC to delay billion Chevron - Hess deal until after ExxonMobil arbitration over assets offshore Guyana,20240711T230000Z,2024-07-12
XOM,gdelt,Exxon Tops Q2 Estimates on Record Permian and Guyana Production,20240802T141500Z,2024-08-02
CVX,gdelt,"Climate Lawsuit Forces Chevron HQ Relocation To Houston , Texas Governor Cheers",20240808T154500Z,2024-08-08
COP,gdelt,"Energy Drops After Weak Economic Data , Conoco Earnings - Energy Roundup",20240801T214500Z,2024-08-02
XOM,gdelt,"Exxon soars in Q2 earnings , Chevron slumps What investors should know",20240802T160000Z,2024-08-03
CVX,gdelt,"Exxon soars in Q2 earnings , Chevron slumps What investors should know",20240802T160000Z,2024-08-03
COP,gdelt,Why ConocoPhillips COP Shares Are Rising - ConocoPhillips NYSE COP,20240826T231500Z,2024-08-27
XOM,gdelt,ExxonMobil Arbitration Over Chevron Hess Deal Creates Uncertainties,20240729T234500Z,2024-07-30
CVX,gdelt,ExxonMobil Arbitration Over Chevron Hess Deal Creates Uncertainties,20240729T234500Z,2024-07-30
XOM,gdelt,Exxon Pioneer deal fuels record output for oil and gas behemoth,20240802T214500Z,2024-08-03
PXD,gdelt,Exxon Pioneer deal fuels record output for oil and gas behemoth,20240802T214500Z,2024-08-03
CVX,gdelt,Forget Chevron ? Buffett Is Buying Up This Energy Stock Instead,20240704T110000Z,2024-07-04
CVX,gdelt,"Halliburton and AIQ Join Forces to Boost Well Efficiency - Halliburton NYSE HAL , Chevron NYSE CVX",20240709T220000Z,2024-07-10
HAL,gdelt,"Halliburton and AIQ Join Forces to Boost Well Efficiency - Halliburton NYSE HAL , Chevron NYSE CVX",20240709T220000Z,2024-07-10
HAL,gdelt,Multiple U . S . shale producers boost 2024 oil and gas production forecasts following unexpected Permian success,20240802T204500Z,2024-08-03
XOM,gdelt,Exxon reports 59 layoffs to Texas agency post - Pioneer acquisition,20240813T041500Z,2024-08-13
PXD,gdelt,Exxon reports 59 layoffs to Texas agency post - Pioneer acquisition,20240813T041500Z,2024-08-13
OXY,gdelt,"FTC begins baseless investigation into Hess , Oxy , Diamondback , OPEC collusion allegations",20240723T100000Z,2024-07-23
XOM,gdelt,Exxon Mobil And Chevron Diverge With Q2 Earnings Investor Business Daily,20240802T204500Z,2024-08-03
CVX,gdelt,Exxon Mobil And Chevron Diverge With Q2 Earnings Investor Business Daily,20240802T204500Z,2024-08-03
DVN,gdelt,"Forget Devon Energy , These Unstoppable High - Yield Stocks Are Better Buys",20240901T021500Z,2024-09-01
CVX,gdelt,Chevron Hess Deal Suffers New Blow as Arbitration Drags On,20240801T021500Z,2024-08-01
CVX,gdelt,"Chevron earnings slide , Hess merger arbitration drags on",20240804T073000Z,2024-08-04
HAL,gdelt,Crude oil pops more than 3 as halt of Libyan barrels cannot be easily replaced,20240827T041500Z,2024-08-27
HAL,gdelt,US Presidential Panel Halliburton Knew Cement Mixed For BP Blowout Well Was Unstable Infinite Unknown,20240721T084500Z,2024-07-21
XOM,gdelt,"Exxon - Hess arbitration panel nears formation , sources say",20240702T224500Z,2024-07-03
XOM,gdelt,Exxon lays off 59 employees after Pioneer merger - Offshore Technology,20240815T180000Z,2024-08-16
PXD,gdelt,Exxon lays off 59 employees after Pioneer merger - Offshore Technology,20240815T180000Z,2024-08-16
CVX,gdelt,"Chevron earnings slide , Hess merger arbitration drags on",20240803T103000Z,2024-08-03
CVX,gdelt,Chevron Earnings Slide,20240803T093000Z,2024-08-03
XOM,gdelt,Exxon Mobil Reduces Staff After Pioneer Merger Report - Exxon Mobil NYSE XOM,20240813T121500Z,2024-08-13
PXD,gdelt,Exxon Mobil Reduces Staff After Pioneer Merger Report - Exxon Mobil NYSE XOM,20240813T121500Z,2024-08-13
XOM,gdelt,Exxon Mobil Shares Present A Strong Value At Risk NYSE XOM,20240905T014500Z,2024-09-05
XOM,gdelt,FTC delays Chevron - Hess decision until after Exxon arbitration case - Bloomberg NYSE CVX,20240711T184500Z,2024-07-12
CVX,gdelt,FTC delays Chevron - Hess decision until after Exxon arbitration case - Bloomberg NYSE CVX,20240711T184500Z,2024-07-12
CVX,gdelt,"FTC set to greenlight chevron billion buy of oil rival Hess , sources say",20240923T220000Z,2024-09-24
CVX,gdelt,How Chevron Fumbled . 6 Trillion Worth of Oil,20240820T213000Z,2024-08-21
SLB,gdelt,Schlumberger Limited SLB A Top Pick Among the Best Oilfield Services Stocks to Buy Now,20240824T231500Z,2024-08-25
XOM,gdelt,Exxon Mobil Corporation XOM Is It a Navellier Associates - approved Stock ?,20240810T203000Z,2024-08-11
CVX,gdelt,Chevron to move headquarters from California for Texas after warning on regulation,20240802T141500Z,2024-08-02
XOM,gdelt,Exxon Clash with Chevron Hinges on Control of Hes Guyana Asset,20240718T184500Z,2024-07-19
CVX,gdelt,Exxon Clash with Chevron Hinges on Control of Hes Guyana Asset,20240718T184500Z,2024-07-19
CVX,gdelt,Hess shares fall most in 20 months on lengthy new delay to Chevron sale,20240803T073000Z,2024-08-03
EOG,gdelt,"EOG Resources , Inc . NYSE EOG Position Increased by TIAA Trust National Association",20240722T000000Z,2024-07-22
XOM,gdelt,"US FTC to delay decision on Chevron - Hess deal during Exxon arbitration , Bloomberg reports",20240711T173000Z,2024-07-12
CVX,gdelt,"US FTC to delay decision on Chevron - Hess deal during Exxon arbitration , Bloomberg reports",20240711T173000Z,2024-07-12
HAL,gdelt,Energy Drops After Halliburton Earnings - Energy Roundup,20240719T220000Z,2024-07-20
CVX,gdelt,Chevron reports Q2 earnings miss on weak refining margins,20240802T160000Z,2024-08-03
CVX,gdelt,Chevron Misses Q2 Earnings Estimates,20240802T141500Z,2024-08-02
CVX,gdelt,Hess shares fall most in 20 months on lengthy new delay to Chevron sale,20240801T173000Z,2024-08-02
EOG,gdelt,"Resurgent Financial Advisors LLC Buys 218 Shares of EOG Resources , Inc . NYSE EOG",20240723T183000Z,2024-07-24
EOG,gdelt,"Toronto Dominion Bank Boosts Stake in EOG Resources , Inc . NYSE EOG",20240727T040000Z,2024-07-27
CVX,gdelt,Chevron to Quit California for Texas After Warning on Rules,20240802T134500Z,2024-08-02
XOM,gdelt,China Sinochem plans to exit U . S . shale JV with Exxon - Reuters NYSE XOM,20240830T233000Z,2024-08-31
HAL,gdelt,China Sinochem plans to exit U . S . shale JV with Exxon - Reuters NYSE XOM,20240830T233000Z,2024-08-31
CVX,gdelt,Energy Tech Startup PrePad Selected for Prestigious Catalyst Program by Chevron Technology Ventures,20240923T154500Z,2024-09-23
XOM,gdelt,Did The Guardian Just Blow Up the Exxon Knew Narrative ?,20240720T014500Z,2024-07-20
XOM,gdelt,Exxon Seeks to Sell Conventional Permian Assets for,20240829T020000Z,2024-08-29
MPC,gdelt,Founders Financial Securities LLC Purchases New Stake in Marathon Petroleum Co . NYSE MPC,20240630T174500Z,2024-07-01
CVX,gdelt,Chevron Set to Get FTC Green Light for Hess Deal,20240924T090000Z,2024-09-24
CVX,gdelt,Chevron Exits California After Policy Disputes With Democrat Leaders,20240802T170000Z,2024-08-03
HAL,gdelt,New Tech is Fueling Another U . S . Shale Boom,20240815T004500Z,2024-08-15
XOM,gdelt,"Guyana Stabroek Block is one in a lifetime , world class asset Exxon Vice President",20240701T063000Z,2024-07-01
EOG,gdelt,"EOG Resources Schedules Conference Call and Webcast of Third Quarter 2024 Results for November 8 , 2024",20240924T210000Z,2024-09-25
EOG,gdelt,"EOG Resources , Inc . NYSE EOG Shares Sold by Rehmann Capital Advisory Group",20240710T201500Z,2024-07-11
XOM,gdelt,"ExxonMobil and Chevron Are Rock - Solid Dividend Stocks , but So Are These 2 Energy Stocks That Are Down 3 and 15 in 2024",20240716T153000Z,2024-07-16
CVX,gdelt,"ExxonMobil and Chevron Are Rock - Solid Dividend Stocks , but So Are These 2 Energy Stocks That Are Down 3 and 15 in 2024",20240716T153000Z,2024-07-16
EOG,gdelt,"Texas Permanent School Fund Corp Boosts Stake in EOG Resources , Inc . NYSE EOG",20240712T031500Z,2024-07-12
EOG,gdelt,"ORG Partners LLC Has , 000 Holdings in EOG Resources , Inc . NYSE EOG",20240712T210000Z,2024-07-13
EOG,gdelt,EOG Resources NYSE EOG Price Target Cut to . 00 by Analysts at Scotiabank,20240712T221500Z,2024-07-13
XOM,gdelt,BREAKING NEWS - Chevron billion Hess merger delayed again as ExxonMobil arbitration drags into 2025,20240801T203000Z,2024-08-02
CVX,gdelt,BREAKING NEWS - Chevron billion Hess merger delayed again as ExxonMobil arbitration drags into 2025,20240801T203000Z,2024-08-02
EOG,gdelt,"Norwood Financial Corp Invests , 000 in EOG Resources , Inc . NYSE EOG",20240629T041500Z,2024-06-29
CVX,gdelt,Chevron Hess Deal Delayed Until At Least Summer 2025,20240801T014500Z,2024-08-01
EOG,gdelt,"PFG Advisors Sells 152 Shares of EOG Resources , Inc . NYSE EOG",20240713T200000Z,2024-07-14
COP,gdelt,"ConocoPhillips Stock Falls 12 . 6 in 3 Months Hold or Fold ? - ConocoPhillips NYSE COP , Marathon Oil NYSE MRO",20240702T204500Z,2024-07-03
COP,gdelt,"Meridian Financial Partners LLC Purchases Shares of 1 , 775 ConocoPhillips NYSE COP",20240630T001500Z,2024-06-30
XOM,gdelt,Exxon Sees Higher Oil Prices Raising Upstream Earnings,20240709T000000Z,2024-07-09
COP,gdelt,ConocoPhillips NYSE COP Shares Sold by Toth Financial Advisory Corp,20240629T210000Z,2024-06-30
EOG,gdelt,"Pallas Capital Advisors LLC Invests , 000 in EOG Resources , Inc . NYSE EOG",20240820T191500Z,2024-08-21
EOG,gdelt,"2 , 221 Shares in EOG Resources , Inc . NYSE EOG Acquired by 1834 Investment Advisors Co .",20240707T160000Z,2024-07-08
EOG,gdelt,"EOG Resources , Inc . NYSE EOG Shares Bought by Norway Savings Bank",20240629T134500Z,2024-06-29
EOG,gdelt,"Willis Johnson Associates Inc . Has , 000 Position in EOG Resources , Inc . NYSE EOG",20240705T010000Z,2024-07-05
EOG,gdelt,"OLD Second National Bank of Aurora Sells 802 Shares of EOG Resources , Inc . NYSE EOG",20240712T190000Z,2024-07-13
XOM,gdelt,Is Exxon Mobil Corporation XOM The Best Dividend Paying Stock To Buy According to Quant Hedge Fund AQR ?,20240828T220000Z,2024-08-29
EOG,gdelt,"Rehmann Capital Advisory Group Sells 276 Shares of EOG Resources , Inc . NYSE EOG",20240710T201500Z,2024-07-11
XOM,gdelt,"Judge Throws Out Baltimore Climate Lawsuit Against Energy Giants Exxon , BP , Chevron Report - Chevron NYSE CVX , Exxon Mobil NYSE XOM , BP NYSE BP",20240712T154500Z,2024-07-12
CVX,gdelt,"Judge Throws Out Baltimore Climate Lawsuit Against Energy Giants Exxon , BP , Chevron Report - Chevron NYSE CVX , Exxon Mobil NYSE XOM , BP NYSE BP",20240712T154500Z,2024-07-12
XOM,gdelt,Exxon earnings beat as production in Guyana and Permian sets a record,20240802T120000Z,2024-08-02
EOG,gdelt,"EOG Resources , Inc . NYSE EOG Shares Acquired by IVC Wealth Advisors LLC",20240704T040000Z,2024-07-04
COP,gdelt,Report ConocoPhillips Shopping Delaware Basin Assets for Sale,20241031T021500Z,2024-10-31
XOM,gdelt,Exxon sets 5 - year plan to boost oil and gas output by 18,20241211T170000Z,2024-12-12
XOM,gdelt,Exxon Mobil looks to boost oil and gas output by 18 as it lays out five - year plan,20241211T150000Z,2024-12-11
COP,gdelt,ConocoPhillips Starts Production at New Kuparuk Drillsite,20241223T181500Z,2024-12-24
XOM,gdelt,Could Occidental Petroleum Become the Next ExxonMobil ?,20241013T104500Z,2024-10-13
OXY,gdelt,Could Occidental Petroleum Become the Next ExxonMobil ?,20241013T104500Z,2024-10-13
COP,gdelt,"Gavin Newsom Approves New Law to Tackle Gas Prices , Says Oil Industry Raising Prices To Scare Voter Into Supporting Trump - ConocoPhillips NYSE COP , BP NYSE BP",20241015T024500Z,2024-10-15
HAL,gdelt,U . S . Oil Shale Market Forecast and Opportunities Report to,20241129T094500Z,2024-11-29
CVX,gdelt,"Hess CEO disqualified from Chevron board in merger , FTC Says",20240930T183000Z,2024-10-01
XOM,gdelt,"Exxon Mobil XOM Finds Upside With Pioneer Merger , Defying Oil Price Slump",20241102T164500Z,2024-11-03
PXD,gdelt,"Exxon Mobil XOM Finds Upside With Pioneer Merger , Defying Oil Price Slump",20241102T164500Z,2024-11-03
XOM,gdelt,"Exxon Mobil profit tops Street in 3rd quarter , helped by Pioneer Natural acquisition",20241101T121500Z,2024-11-01
PXD,gdelt,"Exxon Mobil profit tops Street in 3rd quarter , helped by Pioneer Natural acquisition",20241101T121500Z,2024-11-01
XOM,gdelt,ExxonMobil Profits Are About to Fall . Is the Oil Stock Still a Buy ?,20241007T094500Z,2024-10-07
XOM,gdelt,"Oil plunges ahead of earnings from XOM , CVX , and COP . See top 10 list from SA metrics",20241028T170000Z,2024-10-29
CVX,gdelt,"Oil plunges ahead of earnings from XOM , CVX , and COP . See top 10 list from SA metrics",20241028T170000Z,2024-10-29
COP,gdelt,"Oil plunges ahead of earnings from XOM , CVX , and COP . See top 10 list from SA metrics",20241028T170000Z,2024-10-29
XOM,gdelt,Exxon sets plan to boost oil and gas output by 18,20241211T151500Z,2024-12-11
CVX,gdelt,FTC bars Hess CEO from Chevron board seat as condition of deal - say sources,20240927T064500Z,2024-09-27
CVX,gdelt,"FTC bars Hess CEO from Chevron board seat as condition of deal , say sources",20240927T171500Z,2024-09-28
OXY,gdelt,Occidental Petroleum Has Achieved 90 of This Crucial Goal . Time to Buy the Oil Stock ?,20241119T123000Z,2024-11-19
XOM,gdelt,"Exxon Mobil profit tops Street in 3rd quarter , helped by Pioneer Natural acquisition Winnipeg Free Press",20241101T134500Z,2024-11-01
PXD,gdelt,"Exxon Mobil profit tops Street in 3rd quarter , helped by Pioneer Natural acquisition Winnipeg Free Press",20241101T134500Z,2024-11-01
CVX,gdelt,FTC Will Allow Chevron - Hess Merger Under One Condition,20240930T201500Z,2024-10-01
CVX,gdelt,FTC Bars Hess CEO From Joining Chevron Board in Merger,20240927T091500Z,2024-09-27
XOM,gdelt,"ExxonMobil , Chevron Beat Expectations on Higher Permian Production",20241101T173000Z,2024-11-02
CVX,gdelt,"ExxonMobil , Chevron Beat Expectations on Higher Permian Production",20241101T173000Z,2024-11-02
COP,gdelt,"Watch Zoom , Vistra , And Conocophillips",20241128T094500Z,2024-11-28
CVX,gdelt,Chevron CEO legacy in peril,20241101T053000Z,2024-11-01
XOM,gdelt,"Exxon Longer Laterals , Cube Well Design Lowering Permian Costs",20241212T071500Z,2024-12-12
XOM,gdelt,"If You Like ExxonMobil Dividend , You Should Check Out This Rival Oil Stock",20241015T193000Z,2024-10-16
CVX,gdelt,Chevron CEO under pressure to halt share slide as Hess deal stalls,20241031T104500Z,2024-10-31
HAL,gdelt,Chevron CEO under pressure to halt share slide as Hess deal stalls,20241031T104500Z,2024-10-31
XOM,gdelt,"Exxon , Chevron Profits Beat Estimates as US Oil Output Soars to Record Level",20241104T123000Z,2024-11-04
CVX,gdelt,"Exxon , Chevron Profits Beat Estimates as US Oil Output Soars to Record Level",20241104T123000Z,2024-11-04
CVX,gdelt,Chevron CEO under pressure to halt share slide as Hess deal stalls,20241101T010000Z,2024-11-01
HAL,gdelt,Chevron CEO under pressure to halt share slide as Hess deal stalls,20241101T010000Z,2024-11-01
CVX,gdelt,Chevron CEO under pressure to halt share slide as Hess deal in Guyana stalls,20241031T223000Z,2024-11-01
HAL,gdelt,Chevron CEO under pressure to halt share slide as Hess deal in Guyana stalls,20241031T223000Z,2024-11-01
XOM,gdelt,"Exxon Secures Over 271 , 000 Acres In Texas Waters For",20241010T214500Z,2024-10-11
XOM,gdelt,Exxon . 6 billion profit beats as volume offsets price weakness,20241101T110000Z,2024-11-01
XOM,gdelt,Why Top Oil Stocks Like ExxonMobil and Chevron Continue to Fall Despite China Stimulus and Interest Rate Cuts,20241001T124500Z,2024-10-01
CVX,gdelt,Why Top Oil Stocks Like ExxonMobil and Chevron Continue to Fall Despite China Stimulus and Interest Rate Cuts,20241001T124500Z,2024-10-01
XOM,gdelt,"Exxon , Chevron top Q3 profit expectations on record high oil output",20241101T153000Z,2024-11-01
CVX,gdelt,"Exxon , Chevron top Q3 profit expectations on record high oil output",20241101T153000Z,2024-11-01
HAL,gdelt,"After M A , Some Stingy E Plan to Hold Operated Shale Inventory",20241010T110000Z,2024-10-10
CVX,gdelt,Why Buffett Loves Occidental Stock and What It Means for Chevron,20241018T111500Z,2024-10-18
OXY,gdelt,Why Buffett Loves Occidental Stock and What It Means for Chevron,20241018T111500Z,2024-10-18
XOM,gdelt,"Exxon , Chevron report rising Permian production despite analyst estimates",20241102T011500Z,2024-11-02
CVX,gdelt,"Exxon , Chevron report rising Permian production despite analyst estimates",20241102T011500Z,2024-11-02
COP,gdelt,What Next For Conocophilips Stock ?,20241218T114500Z,2024-12-18
OXY,gdelt,Occidental Asset Management LLC Boosts Stock Holdings in Marathon Petroleum Co . NYSE MPC,20241016T141500Z,2024-10-16
MPC,gdelt,Occidental Asset Management LLC Boosts Stock Holdings in Marathon Petroleum Co . NYSE MPC,20241016T141500Z,2024-10-16
XOM,gdelt,Exxon director joins Elliott group seeking to acquire Citgo Petroleum,20240928T190000Z,2024-09-29
XOM,gdelt,"US Oil Companies Unlikely to Drill , Baby , Drill Under Trump , Exxon Executive Says",20241126T171500Z,2024-11-27
CVX,gdelt,"Chevron to sell . 5 billion in oil sands , shale assets to Canadian Natural Resources",20241007T213000Z,2024-10-08
HAL,gdelt,"Chevron to sell . 5 billion in oil sands , shale assets to Canadian Natural Resources",20241007T213000Z,2024-10-08
XOM,gdelt,Exxon and Chevron Report Sluggish Profits,20241101T223000Z,2024-11-02
CVX,gdelt,Exxon and Chevron Report Sluggish Profits,20241101T223000Z,2024-11-02
XOM,gdelt,Exxon director joins Elliott group seeking to acquire Venezuela - owned oil refiner,20240929T063000Z,2024-09-29
EOG,gdelt,Why Is EOG Resources Inc . EOG Among the Best American Energy Stocks to Buy According to Hedge Funds ?,20241130T140000Z,2024-11-30
XOM,gdelt,Exxon Plans to Cut Almost 400 Pioneer Jobs in Texas by 2026,20241114T153000Z,2024-11-14
PXD,gdelt,Exxon Plans to Cut Almost 400 Pioneer Jobs in Texas by 2026,20241114T153000Z,2024-11-14
EOG,gdelt,"If You Invested In This Stock 20 Years Ago , You Would Have , 700 Today - EOG Resources NYSE EOG",20241015T003000Z,2024-10-15
XOM,gdelt,"Exxon Mobil to cut nearly 400 jobs in Texas , filing says",20241114T170000Z,2024-11-15
XOM,gdelt,Chevron and Exxon Eye Entry Into Data Center Energy Supply,20241212T100000Z,2024-12-12
CVX,gdelt,Chevron and Exxon Eye Entry Into Data Center Energy Supply,20241212T100000Z,2024-12-12
XOM,gdelt,Exxon Wants to Keep Option for Hess Guyana Assets,20241217T044500Z,2024-12-17
CVX,gdelt,"Chevron vows to slow carbon emissions , raise oil output with modest spending",20241028T190000Z,2024-10-29
XOM,gdelt,"Exxon , Chevron eye powering Big Tech data centre demand",20241215T064500Z,2024-12-15
CVX,gdelt,"Exxon , Chevron eye powering Big Tech data centre demand",20241215T064500Z,2024-12-15
EOG,gdelt,"Asahi Life Asset Management CO . LTD . Grows Stock Holdings in EOG Resources , Inc . NYSE EOG",20241028T163000Z,2024-10-29
COP,gdelt,ConocoPhillips Gets united states Licenses in Bid to Recoup Venezuela Debt,20241010T153000Z,2024-10-10
CVX,gdelt,"Chevron beats earnings expectations , returns more than billion to shareholders",20241101T111500Z,2024-11-01
XOM,gdelt,Exxon Mobil Targets 10 Annual Earnings Growth Through 2030,20241211T140000Z,2024-12-11
CVX,gdelt,Varcoe Chevron exits Alberta after . 8B deal with Canadian Natural Resources,20241008T011500Z,2024-10-08
EOG,gdelt,"EOG Resources , Inc . NYSE EOG Given Consensus Recommendation of Hold by Analysts",20241212T080000Z,2024-12-12
CVX,gdelt,Chevron Sells Canadian Oil Sands and Shale Assets for . 5 Billion,20241008T081500Z,2024-10-08
HAL,gdelt,Chevron Sells Canadian Oil Sands and Shale Assets for . 5 Billion,20241008T081500Z,2024-10-08
XOM,gdelt,Jim Cramer on Exxon Mobil Corporation XOM It Got A Lot More Love Right Now,20241030T083000Z,2024-10-30
EOG,gdelt,EOG Resources NYSE EOG PT Lowered to . 00 at Barclays,20241006T111500Z,2024-10-06
EOG,gdelt,EOG Resources Offers Billion 30 - Year Bonds,20241120T161500Z,2024-11-21
COP,gdelt,"Producers 2024 ConocoPhillips enthusiastically expanding - December 22 , 2024",20241220T101500Z,2024-12-20
CVX,gdelt,Varcoe Chevron exits Alberta after . 8B deal with Canadian Natural,20241008T004500Z,2024-10-08
EOG,gdelt,"EOG Resources , Inc . NYSE EOG Shares Sold by Citizens Business Bank",20241211T161500Z,2024-12-12
COP,gdelt,"JPMorgan Bets On Natural Gas For 2025 Upgrades ConocoPhillips , Lowers 3 Energy Stocks - ConocoPhillips NYSE COP , SM Energy NYSE SM , CNX Resources NYSE CNX , Devon Energy NYSE DVN",20241205T174500Z,2024-12-06
DVN,gdelt,"JPMorgan Bets On Natural Gas For 2025 Upgrades ConocoPhillips , Lowers 3 Energy Stocks - ConocoPhillips NYSE COP , SM Energy NYSE SM , CNX Resources NYSE CNX , Devon Energy NYSE DVN",20241205T174500Z,2024-12-06
EOG,gdelt,"Stifel Financial Corp Lowers Holdings in EOG Resources , Inc . NYSE EOG",20241207T114500Z,2024-12-07
CVX,gdelt,"Chevron Big Oil eyes powering Big Tech data center demand , Telecom News , ET Telecom",20241212T053000Z,2024-12-12
EOG,gdelt,"Brophy Wealth Management LLC Acquires Shares of 5 , 714 EOG Resources , Inc . NYSE EOG",20241210T144500Z,2024-12-10
EOG,gdelt,"Franklin Resources Inc . Increases Stock Holdings in EOG Resources , Inc . NYSE EOG",20241214T124500Z,2024-12-14
EOG,gdelt,Zacks Research Expects Reduced Earnings for EOG Resources,20241211T150000Z,2024-12-11
EOG,gdelt,"EOG Resources , Inc . NYSE EOG Shares Sold by First United Bank Trust",20241016T103000Z,2024-10-16
EOG,gdelt,"Lavaca Capital LLC Cuts Stake in EOG Resources , Inc . NYSE EOG",20241201T133000Z,2024-12-01
EOG,gdelt,"EP Wealth Advisors LLC Grows Holdings in EOG Resources , Inc . NYSE EOG",20241210T101500Z,2024-12-10
EOG,gdelt,"LVW Advisors LLC Raises Stake in EOG Resources , Inc . NYSE EOG",20241011T180000Z,2024-10-12
EOG,gdelt,"Monte Financial Group LLC Increases Holdings in EOG Resources , Inc . NYSE EOG",20241024T134500Z,2024-10-24
EOG,gdelt,Royal Bank of Canada Reaffirms Sector Perform Rating for EOG Resources NYSE EOG,20241018T091500Z,2024-10-18
CVX,gdelt,Chevron Agrees Hess CEO Wont Join Board in Deal With US FTC,20240928T014500Z,2024-09-28
CVX,gdelt,Chevron sells oilsands assets to Canadian Natural Resources for . 5 billion,20241007T200000Z,2024-10-08
EOG,gdelt,"Hunter Perkins Capital Management LLC Cuts Stock Holdings in EOG Resources , Inc . NYSE EOG",20241016T191500Z,2024-10-17
CVX,gdelt,"Chevron - Hess Merger Approved Should You Buy Before Earnings ? - Chevron NYSE CVX , Hess NYSE HES",20241009T211500Z,2024-10-10
CVX,gdelt,Chevron Agrees Hess CEO Wont Join Board in Deal With US FTC,20240926T161500Z,2024-09-27
EOG,gdelt,"EOG Resources , Inc . NYSE EOG Shares Purchased by Resonant Capital Advisors LLC",20241020T181500Z,2024-10-21
EOG,gdelt,"Trilogy Capital Inc . Sells 210 Shares of EOG Resources , Inc . NYSE EOG",20241021T133000Z,2024-10-21
EOG,gdelt,"Weaver Capital Management LLC Has . 08 Million Stake in EOG Resources , Inc . NYSE EOG",20241023T131500Z,2024-10-23
EOG,gdelt,"Lake Street Private Wealth LLC Has . 40 Million Stock Holdings in EOG Resources , Inc . NYSE EOG",20241023T160000Z,2024-10-24
EOG,gdelt,EOG Resources FY2026 EPS Reduced by Capital One Financial,20241219T161500Z,2024-12-20
XOM,gdelt,"ExxonMobil looking to divest Bakken shale assets in North Dakota , US",20241016T100000Z,2024-10-16
HAL,gdelt,"ExxonMobil looking to divest Bakken shale assets in North Dakota , US",20241016T100000Z,2024-10-16
EOG,gdelt,EOG Resources NYSE EOG Upgraded to Buy at StockNews . com,20241221T044500Z,2024-12-21
EOG,gdelt,"Robinson Value Management Ltd . Sells 507 Shares of EOG Resources , Inc . NYSE EOG",20241021T163000Z,2024-10-22
EOG,gdelt,Critical Analysis PetroQuest Energy OTCMKTS PQUE versus EOG Resources NYSE EOG,20241129T160000Z,2024-11-30
XOM,gdelt,"US oil firms unlikely to go drill , baby , drill under Trump , says Exxon executive",20241127T020000Z,2024-11-27
EOG,gdelt,EOG Resources to Present at Upcoming Conference,20241218T214500Z,2024-12-19
CVX,gdelt,Chevron to take up to . 5 billion in fourth - quarter charges,20241206T111500Z,2024-12-06
EOG,gdelt,Barclays Lowers EOG Resources NYSE EOG Price Target to . 00,20241005T181500Z,2024-10-06
XOM,gdelt,Exxon Mobil signs non - binding lithium supply deal with LG Chem,20241120T154500Z,2024-11-20
XOM,gdelt,Is Exxon Mobil Corp . XOM the Most Undervalued Large Cap Stock to Invest In Now ?,20241006T191500Z,2024-10-07
EOG,gdelt,EOG Resources NYSE EOG Cut to Hold at StockNews . com,20241120T081500Z,2024-11-20
OXY,gdelt,Occidental CEO Warns US Is at Risk of Losing Energy Independence,20241122T001500Z,2024-11-22
EOG,gdelt,"Fiduciary Trust Co Trims Position in EOG Resources , Inc . NYSE EOG",20241130T111500Z,2024-11-30
EOG,gdelt,"EOG Resources , Inc . NYSE EOG Shares Purchased by Vinva Investment Management Ltd",20241128T151500Z,2024-11-28
EOG,gdelt,"First Horizon Advisors Inc . Acquires 93 Shares of EOG Resources , Inc . NYSE EOG",20241123T133000Z,2024-11-23
OXY,gdelt,Oxy Divests Some Powder River Basin Assets to Anschutz,20241112T000000Z,2024-11-12
EOG,gdelt,"Zurcher Kantonalbank Zurich Cantonalbank Has . 13 Million Stock Holdings in EOG Resources , Inc . NYSE EOG",20241129T144500Z,2024-11-29
EOG,gdelt,"Claro Advisors LLC Purchases 1 , 344 Shares of EOG Resources , Inc . NYSE EOG",20241118T110000Z,2024-11-18
EOG,gdelt,"Kentucky Retirement Systems Sells 3 , 696 Shares of EOG Resources , Inc . NYSE EOG",20241117T131500Z,2024-11-17
EOG,gdelt,"Quest Partners LLC Makes New , 000 Investment in EOG Resources , Inc . NYSE EOG",20241122T133000Z,2024-11-22
DVN,gdelt,Devon Energy CEO Rick Muncrief plans to retire in March . Here who will lead the company .,20241209T163000Z,2024-12-10
EOG,gdelt,"Cadence Bank Has . 87 Million Stock Holdings in EOG Resources , Inc . NYSE EOG",20241127T160000Z,2024-11-28
EOG,gdelt,"Swedbank AB Purchases 127 , 126 Shares of EOG Resources , Inc . NYSE EOG",20241126T143000Z,2024-11-26
EOG,gdelt,"Captrust Financial Advisors Purchases 22 , 022 Shares of EOG Resources , Inc . NYSE EOG",20241129T173000Z,2024-11-30
XOM,gdelt,"Exxon to sell older Permian assets to Hilcorp in US billion deal , sources say",20241113T070000Z,2024-11-13
EOG,gdelt,"EOG Resources , Inc . NYSE EOG Shares Purchased by Pacer Advisors Inc .",20241121T154500Z,2024-11-21
EOG,gdelt,"EOG Resources , Inc . NYSE EOG Shares Purchased by Galvin Gaustad Stein LLC",20241109T131500Z,2024-11-09
EOG,gdelt,"EOG Resources , Inc . EOG to Issue Quarterly Dividend of . 98 on January 31st",20241109T140000Z,2024-11-09
EOG,gdelt,"Metis Global Partners LLC Has . 02 Million Stock Holdings in EOG Resources , Inc . NYSE EOG",20241115T144500Z,2024-11-15
EOG,gdelt,"KBC Group NV Acquires 12 , 210 Shares of EOG Resources , Inc . NYSE EOG",20241116T123000Z,2024-11-16
EOG,gdelt,"EOG Resources , Inc . NYSE EOG Shares Sold by Pekin Hardy Strauss Inc .",20241124T183000Z,2024-11-25
CVX,gdelt,Chevron CVX Slowing Global Oil Demand and Industry Challenges Impact Dow Performance,20241024T193000Z,2024-10-25
HAL,gdelt,Chevron CVX Slowing Global Oil Demand and Industry Challenges Impact Dow Performance,20241024T193000Z,2024-10-25
EOG,gdelt,"MQS Management LLC Purchases Shares of 6 , 905 EOG Resources , Inc . NYSE EOG",20241113T153000Z,2024-11-13
EOG,gdelt,"Pinnacle Financial Partners Inc Raises Position in EOG Resources , Inc . NYSE EOG",20241113T144500Z,2024-11-13
EOG,gdelt,"Private Wealth Partners LLC Grows Position in EOG Resources , Inc . NYSE EOG",20241103T121500Z,2024-11-03
CVX,gdelt,"Chevron working on supply of power to data centers , executive says",20241211T191500Z,2024-12-12
EOG,gdelt,"Deseret Mutual Benefit Administrators Has , 000 Position in EOG Resources , Inc . NYSE EOG",20241107T150000Z,2024-11-07
EOG,gdelt,"Arvest Investments Inc . Boosts Stock Holdings in EOG Resources , Inc . NYSE EOG",20241110T181500Z,2024-11-11
EOG,gdelt,"Sumitomo Mitsui Trust Group Inc . Purchases 42 , 819 Shares of EOG Resources , Inc . NYSE EOG",20241113T120000Z,2024-11-13
EOG,gdelt,"EOG Resources , Inc . NYSE EOG Shares Purchased by Covestor Ltd",20241112T150000Z,2024-11-12
CVX,gdelt,Chevron beats quarterly profit expectations,20241101T130000Z,2024-11-01
EOG,gdelt,"Earnest Partners LLC Has , 000 Stock Position in EOG Resources , Inc . NYSE EOG",20240928T201500Z,2024-09-29
XOM,gdelt,ExxonMobil Bold Plan Positions It to Produce Another Billion in Annual Cash Flow by 2030,20241214T134500Z,2024-12-14
MPC,gdelt,Marathon Petroleum Options Frenzy What You Need to Know - Marathon Petroleum NYSE MPC,20241008T170000Z,2024-10-09
CVX,gdelt,Chevron Paid Five Times More Taxes Abroad Than at Home in 2023,20240926T073000Z,2024-09-26
EOG,gdelt,"EOG Resources , Inc . NYSE EOG Stock Holdings Decreased by QRG Capital Management Inc .",20241106T131500Z,2024-11-06
EOG,gdelt,"Pittenger Anderson Inc . Has . 06 Million Stock Holdings in EOG Resources , Inc . NYSE EOG",20241105T171500Z,2024-11-06
XOM,gdelt,"Exxon Plans Longest 20 , 000 - Ft Wells on Pioneer Midland Asset",20241105T203000Z,2024-11-06
PXD,gdelt,"Exxon Plans Longest 20 , 000 - Ft Wells on Pioneer Midland Asset",20241105T203000Z,2024-11-06
HAL,gdelt,Methane Gas Sensor Industry Opportunities and Challenges,20241012T050000Z,2024-10-12
HAL,gdelt,Shale Consolidation Aftermath The Field Narrows,20250113T191500Z,2025-01-14
CVX,gdelt,Chevron to lay off up to 20 of global workforce,20250213T030000Z,2025-02-13
XOM,gdelt,"With Little Moves and Big Results , Devon Energy Is Succeeding in ExxonMobil and Chevron Shadow",20250214T131500Z,2025-02-14
CVX,gdelt,"With Little Moves and Big Results , Devon Energy Is Succeeding in ExxonMobil and Chevron Shadow",20250214T131500Z,2025-02-14
DVN,gdelt,"With Little Moves and Big Results , Devon Energy Is Succeeding in ExxonMobil and Chevron Shadow",20250214T131500Z,2025-02-14
CVX,gdelt,Chevron to lay off up to 20pc of global workforce,20250213T061500Z,2025-02-13
CVX,gdelt,"Chevron struggles to replace oil , gas reserves amid Hess deal limbo",20250211T113000Z,2025-02-11
CVX,gdelt,FTC Resolves Antitrust Concerns Over Chevron Purchase of Hess,20250118T010000Z,2025-01-18
CVX,gdelt,Chevron High Confidence Is Driving It to Wager Over Billion That It Will Close This Needle - Moving Acquisition,20250319T234500Z,2025-03-20
CVX,gdelt,"Baystreet . ca - Chevron Buys 5 in Hess , Signals Merger Going as Planned",20250318T110000Z,2025-03-18
CVX,gdelt,"With eyes on Guyana , Chevron buys 5 of Hess shares",20250320T024500Z,2025-03-20
HAL,gdelt,"Top 3 Energy Stocks That Could Lead To Your Biggest Gains This Month - Halliburton NYSE HAL , Devon Energy NYSE DVN",20250102T124500Z,2025-01-02
DVN,gdelt,"Top 3 Energy Stocks That Could Lead To Your Biggest Gains This Month - Halliburton NYSE HAL , Devon Energy NYSE DVN",20250102T124500Z,2025-01-02
XOM,gdelt,FTC Resolves Antitrust Concerns on Exxon Buy of Pioneer,20250118T003000Z,2025-01-18
PXD,gdelt,FTC Resolves Antitrust Concerns on Exxon Buy of Pioneer,20250118T003000Z,2025-01-18
XOM,gdelt,Exxon urges state agency not to disclose agreement terms for Texas CO2 project,20250115T084500Z,2025-01-15
DVN,gdelt,"Devon Energy Buy , Sell , or Hold ? The Motley Fool",20250129T160000Z,2025-01-30
CVX,gdelt,Better Oil Stock Chevron vs . Devon Energy,20250120T164500Z,2025-01-21
DVN,gdelt,Better Oil Stock Chevron vs . Devon Energy,20250120T164500Z,2025-01-21
XOM,gdelt,Better Oil Stock Devon Energy vs . ExxonMobil,20250227T144500Z,2025-02-27
DVN,gdelt,Better Oil Stock Devon Energy vs . ExxonMobil,20250227T144500Z,2025-02-27
XOM,gdelt,"Higher Oil Output at Permian , Guyana Lifts ExxoMobil Quarterly Profit",20250131T181500Z,2025-02-01
XOM,gdelt,This Top Oil Stock Makes Another Big Move to Bolster Its Position Against Rivals ExxonMobil and Occidental Petroleum,20250219T110000Z,2025-02-19
OXY,gdelt,This Top Oil Stock Makes Another Big Move to Bolster Its Position Against Rivals ExxonMobil and Occidental Petroleum,20250219T110000Z,2025-02-19
OXY,gdelt,"US oil production will peak between 2027 and 2030 , Occidental Petroleum Corp CEO Vicki Hollub said",20250311T201500Z,2025-03-12
CVX,gdelt,Professor Zelilidis to N Why Chevron set its sights on the southern Peloponnese,20250122T070000Z,2025-01-22
CVX,gdelt,Chevron sees 1 million barrels per day from one of the world biggest oil fields in this OPEC state,20250125T140000Z,2025-01-25
CVX,gdelt,Chevron sees 1 million barrels per day from one of the world biggest oil fields in this OPEC state,20250125T193000Z,2025-01-26
XOM,gdelt,"Energy Down After Exxon , Chevron Earnings and Amid Tariff Fears Energy Roundup",20250202T151500Z,2025-02-02
CVX,gdelt,"Energy Down After Exxon , Chevron Earnings and Amid Tariff Fears Energy Roundup",20250202T151500Z,2025-02-02
XOM,gdelt,"New York City Lawsuit Against Exxon , BP , Shell Over Climate Change Dismissed",20250116T090000Z,2025-01-16
CVX,gdelt,Chevron Set to Lay Off 20 of Global Workforce,20250213T120000Z,2025-02-13
XOM,gdelt,"FTSE 100 Live House price data due before Chevron , Exxon updates",20250131T063000Z,2025-01-31
CVX,gdelt,"FTSE 100 Live House price data due before Chevron , Exxon updates",20250131T063000Z,2025-01-31
OXY,gdelt,Marathon Petroleum Co . NYSE MPC Position Increased by Occidental Asset Management LLC,20250118T110000Z,2025-01-18
MPC,gdelt,Marathon Petroleum Co . NYSE MPC Position Increased by Occidental Asset Management LLC,20250118T110000Z,2025-01-18
CVX,gdelt,Chevron lifts dividend after profit disappoints on oil slump,20250131T140000Z,2025-01-31
OXY,gdelt,"Oil , Natural Gas Prices Near Breakouts EQT , LNG , OXY Rise",20250102T164500Z,2025-01-03
EOG,gdelt,"EOG Resources , Inc . NYSE EOG COO Jeffrey R . Leitzell Sells 4 , 000 Shares",20250104T111500Z,2025-01-04
CVX,gdelt,Chevron Is Cutting Thousands of Jobs,20250212T213000Z,2025-02-13
CVX,gdelt,Chevron Lifts Dividend After Profit Disappoints on Oil Slump,20250131T154500Z,2025-01-31
CVX,gdelt,Chevron to Slash Up to 20 Percent of Staff in Push for Cost - Cutting Efficiency,20250212T204500Z,2025-02-13
XOM,gdelt,Ex - Pioneer CEO sues FTC for banning him from Exxon board,20250121T223000Z,2025-01-22
PXD,gdelt,Ex - Pioneer CEO sues FTC for banning him from Exxon board,20250121T223000Z,2025-01-22
DVN,gdelt,Devon Makes Leadership Changes,20250119T160000Z,2025-01-20
CVX,gdelt,Chevron buys about 5 of Hess stock,20250317T143000Z,2025-03-17
XOM,gdelt,Exxon Warns of Weaker Q4 Profits Amid Lower Refining Margins,20250108T094500Z,2025-01-08
EOG,gdelt,"EOG Resources Schedules Conference Call and Webcast of Fourth Quarter and Full Year 2024 Results for February 28 , 2025",20250117T001500Z,2025-01-17
CVX,gdelt,Chevron to cut up to 20 of workforce as it slashes costs by as much as billion,20250212T203000Z,2025-02-13
DVN,gdelt,Devon Energy Announces Updates to Executive Leadership Team,20250113T121500Z,2025-01-13
CVX,gdelt,Chevron at the dawn of the drill baby drill era What the US giant sees in Greek seas,20250121T103000Z,2025-01-21
CVX,gdelt,Chevron needs Hess Guyana oil assets to boost reserves Oil Gas 360,20250212T231500Z,2025-02-13
CVX,gdelt,Chevron hires new chief corporate affairs officer from UPS,20250113T194500Z,2025-01-14
EOG,gdelt,"Koshinski Asset Management Inc . Reduces Holdings in EOG Resources , Inc . NYSE EOG",20250123T094500Z,2025-01-23
EOG,gdelt,"Independence Bank of Kentucky Reduces Stock Position in EOG Resources , Inc . NYSE EOG",20250202T151500Z,2025-02-02
EOG,gdelt,"Tritonpoint Wealth LLC Has . 66 Million Holdings in EOG Resources , Inc . NYSE EOG",20250202T124500Z,2025-02-02
EOG,gdelt,"Phillips Wealth Planners LLC Increases Stock Holdings in EOG Resources , Inc . NYSE EOG",20250123T133000Z,2025-01-23
EOG,gdelt,"Smart Money Group LLC Buys 346 Shares of EOG Resources , Inc . NYSE EOG",20250120T144500Z,2025-01-20
EOG,gdelt,"CX Institutional Increases Stock Holdings in EOG Resources , Inc . NYSE EOG",20250125T130000Z,2025-01-25
XOM,gdelt,Chevron and Exxon Both Post Lower Earnings in a Challenging Oil Market,20250201T101500Z,2025-02-01
CVX,gdelt,Chevron and Exxon Both Post Lower Earnings in a Challenging Oil Market,20250201T101500Z,2025-02-01
HAL,gdelt,Chevron and Exxon Both Post Lower Earnings in a Challenging Oil Market,20250201T101500Z,2025-02-01
CVX,gdelt,Chevron hires new chief corporate affairs officer from UPS,20250115T054500Z,2025-01-15
XOM,gdelt,Exxon Slips After Flagging Weak Fourth - quarter Earnings On Refining Squeeze,20250108T190000Z,2025-01-09
EOG,gdelt,"Greenwood Capital Associates LLC Lowers Holdings in EOG Resources , Inc . NYSE EOG",20250204T150000Z,2025-02-04
EOG,gdelt,"Doliver Advisors LP Reduces Holdings in EOG Resources , Inc . NYSE EOG",20250106T210000Z,2025-01-07
EOG,gdelt,"Norway Savings Bank Boosts Stake in EOG Resources , Inc . NYSE EOG",20250107T211500Z,2025-01-08
EOG,gdelt,Zacks Research Predicts Increased Earnings for EOG Resources,20250110T131500Z,2025-01-10
EOG,gdelt,"Douglas Lane Associates LLC Has . 70 Million Holdings in EOG Resources , Inc . NYSE EOG",20250108T203000Z,2025-01-09
EOG,gdelt,"Columbus Macro LLC Increases Stock Holdings in EOG Resources , Inc . NYSE EOG",20250205T101500Z,2025-02-05
EOG,gdelt,"EOG Resources , Inc . NYSE EOG Shares Acquired by Telos Capital Management Inc .",20250207T114500Z,2025-02-07
EOG,gdelt,"Teamwork Financial Advisors LLC Lowers Holdings in EOG Resources , Inc . NYSE EOG",20250123T164500Z,2025-01-24
EOG,gdelt,"Clear Creek Financial Management LLC Raises Stock Position in EOG Resources , Inc . NYSE EOG",20250202T110000Z,2025-02-02
EOG,gdelt,"Tobam Buys Shares of 2 , 871 EOG Resources , Inc . NYSE EOG",20250208T163000Z,2025-02-09
EOG,gdelt,"EOG Resources , Inc . NYSE EOG Position Cut by Zurcher Kantonalbank Zurich Cantonalbank",20250311T133000Z,2025-03-11
EOG,gdelt,"Zurcher Kantonalbank Zurich Cantonalbank Has . 81 Million Stock Position in EOG Resources , Inc . NYSE EOG",20250311T133000Z,2025-03-11
EOG,gdelt,"Sage Mountain Advisors LLC Acquires 686 Shares of EOG Resources , Inc . NYSE EOG",20250312T144500Z,2025-03-12
CVX,gdelt,Chevron CEO Michael Wirth pay rises to . 7 million in 2024,20250321T213000Z,2025-03-22
EOG,gdelt,"Concord Wealth Partners Has , 000 Stake in EOG Resources , Inc . NYSE EOG",20250202T121500Z,2025-02-02
EOG,gdelt,"Western Pacific Wealth Management LP Boosts Stake in EOG Resources , Inc . NYSE EOG",20250202T160000Z,2025-02-03
EOG,gdelt,"EOG Resources , Inc . NYSE EOG Shares Bought by JB Capital LLC",20250203T151500Z,2025-02-03
EOG,gdelt,"Legato Capital Management LLC Trims Stake in EOG Resources , Inc . NYSE EOG",20250214T140000Z,2025-02-14
EOG,gdelt,"Soltis Investment Advisors LLC Sells 1 , 108 Shares of EOG Resources , Inc . NYSE EOG",20250212T103000Z,2025-02-12
EOG,gdelt,"Sumitomo Mitsui DS Asset Management Company Ltd Raises Holdings in EOG Resources , Inc . NYSE EOG",20250208T163000Z,2025-02-09
CVX,gdelt,Oil giant Chevron to lay off thousands in bid to cut up to 20 of global workforce,20250212T200000Z,2025-02-13
EOG,gdelt,"13 , 000 Shares in EOG Resources , Inc . NYSE EOG Purchased by Essential Planning LLC .",20250313T144500Z,2025-03-13
EOG,gdelt,"Erste Asset Management GmbH Makes New Investment in EOG Resources , Inc . NYSE EOG",20250315T131500Z,2025-03-15
HAL,gdelt,US Supreme Court nixes challenge to state climate suits against oil firms,20250310T141500Z,2025-03-10
CVX,gdelt,Chevron targets - 8 bln in free cash flow growth by 2026 Oil Gas 360,20250108T230000Z,2025-01-09
EOG,gdelt,"Great Lakes Advisors LLC Has . 89 Million Stake in EOG Resources , Inc . NYSE EOG",20250312T124500Z,2025-03-12
EOG,gdelt,"EOG Resources , Inc . NYSE EOG Shares Acquired by Inspire Advisors LLC",20250311T143000Z,2025-03-11
EOG,gdelt,"Miller Howard Investments Inc . NY Purchases 1 , 107 Shares of EOG Resources , Inc . NYSE EOG",20250210T233000Z,2025-02-11
EOG,gdelt,"EOG Resources , Inc . NYSE EOG Stock Position Raised by Field Main Bank",20250129T151500Z,2025-01-29
EOG,gdelt,"EOG Resources , Inc . NYSE EOG Shares Sold by IAG Wealth Partners LLC",20250314T124500Z,2025-03-14
EOG,gdelt,"Wealth Alliance Has , 000 Stock Position in EOG Resources , Inc . NYSE EOG",20250222T120000Z,2025-02-22
EOG,gdelt,"EOG Resources , Inc . NYSE EOG Holdings Decreased by Institute for Wealth Management LLC .",20250131T140000Z,2025-01-31
EOG,gdelt,"Community Bank N . A . Purchases 1 , 090 Shares of EOG Resources , Inc . NYSE EOG",20250323T124500Z,2025-03-23
EOG,gdelt,"EOG Resources , Inc . NYSE EOG Shares Sold by Hudson Edge Investment Partners Inc .",20250222T171500Z,2025-02-23
EOG,gdelt,"Yacktman Asset Management LP Buys 168 , 723 Shares of EOG Resources , Inc . NYSE EOG",20250211T143000Z,2025-02-11
EOG,gdelt,"Citizens Financial Group Inc . RI Purchases 2 , 471 Shares of EOG Resources , Inc . NYSE EOG",20250313T101500Z,2025-03-13
EOG,gdelt,Head - To - Head Analysis EOG Resources NYSE EOG vs . Diversified Energy NYSE DEC,20250117T200000Z,2025-01-18
EOG,gdelt,"Sunpointe LLC Buys Shares of 1 , 924 EOG Resources , Inc . NYSE EOG",20250220T154500Z,2025-02-20
EOG,gdelt,"Affinity Wealth Management LLC Sells 646 Shares of EOG Resources , Inc . NYSE EOG",20250126T164500Z,2025-01-27
EOG,gdelt,"EOG Resources , Inc . NYSE EOG Shares Sold by Baron Wealth Management LLC",20250130T133000Z,2025-01-30
EOG,gdelt,"Midwest Professional Planners LTD . Decreases Stake in EOG Resources , Inc . NYSE EOG",20250314T154500Z,2025-03-14
EOG,gdelt,Piper Sandler Forecasts Strong Price Appreciation for EOG Resources NYSE EOG Stock,20250129T163000Z,2025-01-30
EOG,gdelt,"Cairn Investment Group Inc . Grows Position in EOG Resources , Inc . NYSE EOG",20250130T164500Z,2025-01-31
EOG,gdelt,"Meiji Yasuda Asset Management Co Ltd . Grows Stock Position in EOG Resources , Inc . NYSE EOG",20250325T134500Z,2025-03-25
EOG,gdelt,"3 , 966 Shares in EOG Resources , Inc . NYSE EOG Acquired by Ipsen Advisor Group LLC",20250326T113000Z,2025-03-26
EOG,gdelt,"Murphy Pohlad Asset Management LLC Takes , 000 Position in EOG Resources , Inc . NYSE EOG",20250130T160000Z,2025-01-31
EOG,gdelt,"Baxter Bros Inc . Purchases 115 Shares of EOG Resources , Inc . NYSE EOG",20250325T144500Z,2025-03-25
EOG,gdelt,"Truist Financial Corp Trims Position in EOG Resources , Inc . NYSE EOG",20250220T124500Z,2025-02-20
EOG,gdelt,"New York State Common Retirement Fund Increases Stake in EOG Resources , Inc . NYSE EOG",20250220T151500Z,2025-02-20
EOG,gdelt,"Meridian Wealth Management LLC Purchases 1 , 498 Shares of EOG Resources , Inc . NYSE EOG",20250304T120000Z,2025-03-04
EOG,gdelt,"Bank Julius Baer Co . Ltd Zurich Has . 47 Million Stock Position in EOG Resources , Inc . NYSE EOG",20250308T154500Z,2025-03-08
EOG,gdelt,"Bank Julius Baer Co . Ltd Zurich Has . 47 Million Position in EOG Resources , Inc . NYSE EOG",20250308T154500Z,2025-03-08
OXY,gdelt,Occidental Petroleum sees oil U . S . oil output peaking in next five years Hellenic Shipping News Worldwide,20250312T230000Z,2025-03-13
EOG,gdelt,"EOG Resources , Inc . NYSE EOG Shares Acquired by Sei Investments Co .",20250325T090000Z,2025-03-25
CVX,gdelt,Chevron starts billion Kazakh oilfield expansion,20250124T221500Z,2025-01-25
EOG,gdelt,"Mutual of America Capital Management LLC Decreases Stake in EOG Resources , Inc . NYSE EOG",20250302T153000Z,2025-03-02
EOG,gdelt,"Bridges Investment Management Inc . Buys 16 , 407 Shares of EOG Resources , Inc . NYSE EOG",20250302T140000Z,2025-03-02
EOG,gdelt,"Plato Investment Management Ltd Has . 31 Million Stock Position in EOG Resources , Inc . NYSE EOG",20250303T133000Z,2025-03-03
CVX,gdelt,Chevron to cut as much as 20 of workforce,20250212T231500Z,2025-02-13
EOG,gdelt,SandRidge Energy OTCMKTS SDOCQ and EOG Resources NYSE EOG Critical Analysis,20250318T074500Z,2025-03-18
XOM,gdelt,Exxon and Oxy Dominate US Shale Rankings,20250116T030000Z,2025-01-16
OXY,gdelt,Exxon and Oxy Dominate US Shale Rankings,20250116T030000Z,2025-01-16
HAL,gdelt,Exxon and Oxy Dominate US Shale Rankings,20250116T030000Z,2025-01-16
EOG,gdelt,EOG Resources NYSE EOG Stock Rating Lowered by StockNews . com,20250222T044500Z,2025-02-22
CVX,gdelt,Chevron Starts Using Gulf of America in Nod to Trump,20250131T140000Z,2025-01-31
EOG,gdelt,"Sunpointe LLC Acquires Shares of 1 , 924 EOG Resources , Inc . NYSE EOG",20250220T154500Z,2025-02-20
EOG,gdelt,"Plato Investment Management Ltd Raises Holdings in EOG Resources , Inc . NYSE EOG",20250303T133000Z,2025-03-03
EOG,gdelt,"Crowley Wealth Management Inc . Acquires New Shares in EOG Resources , Inc . NYSE EOG",20250324T133000Z,2025-03-24
EOG,gdelt,"Welch Forbes LLC Has . 94 Million Stock Holdings in EOG Resources , Inc . NYSE EOG",20250308T143000Z,2025-03-08
EOG,gdelt,"Associated Banc Corp Cuts Holdings in EOG Resources , Inc . NYSE EOG",20250316T093000Z,2025-03-16
EOG,gdelt,"First National Advisers LLC Has . 68 Million Position in EOG Resources , Inc . NYSE EOG",20250316T131500Z,2025-03-16
EOG,gdelt,"Xponance Inc . Sells 18 , 691 Shares of EOG Resources , Inc . NYSE EOG",20250319T143000Z,2025-03-19
EOG,gdelt,"EOG Resources , Inc . NYSE EOG Shares Acquired by Sandy Spring Bank",20250322T121500Z,2025-03-22
EOG,gdelt,"EOG Resources , Inc . NYSE EOG Shares Sold by Northwest Ethical Investments L . P .",20250322T093000Z,2025-03-22
EOG,gdelt,"Monument Capital Management Boosts Stock Position in EOG Resources , Inc . NYSE EOG",20250217T140000Z,2025-02-17
EOG,gdelt,Is EOG Resources EOG the Hottest Large - Cap Stock So Far in 2025 ?,20250115T201500Z,2025-01-16
HAL,gdelt,Jim Cramer on Halliburton Company HAL The Reason To Buy HAL Is Because Soon - to - be President Trump Seems To Want To Drill Everywhere,20250122T051500Z,2025-01-22
EOG,gdelt,"Altus Wealth Group LLC Sells 190 Shares of EOG Resources , Inc . NYSE EOG",20250316T140000Z,2025-03-16
EOG,gdelt,"Natixis Advisors LLC Has . 07 Million Stock Position in EOG Resources , Inc . NYSE EOG",20250316T120000Z,2025-03-16
EOG,gdelt,"Kohmann Bosshard Financial Services LLC Invests , 000 in EOG Resources , Inc . NYSE EOG",20250304T154500Z,2025-03-04
EOG,gdelt,"Commerzbank Aktiengesellschaft FI Buys 1 , 413 Shares of EOG Resources , Inc . NYSE EOG",20250305T164500Z,2025-03-06
EOG,gdelt,"Natixis Advisors LLC Boosts Stock Position in EOG Resources , Inc . NYSE EOG",20250316T120000Z,2025-03-16
EOG,gdelt,"Parallel Advisors LLC Purchases 96 Shares of EOG Resources , Inc . NYSE EOG",20250320T104500Z,2025-03-20
EOG,gdelt,"Crumly Associates Inc . Sells 844 Shares of EOG Resources , Inc . NYSE EOG",20250221T140000Z,2025-02-21
MPC,gdelt,Marathon Petroleum Corporation Marathon Petroleum Expands Truckers Against Trafficking Initiative,20250129T000000Z,2025-01-29
CVX,gdelt,INT Chevron to cut workforce by up to 20,20250213T050000Z,2025-02-13
EOG,gdelt,"Berkeley Capital Partners LLC Trims Holdings in EOG Resources , Inc . NYSE EOG",20250320T131500Z,2025-03-20
EOG,gdelt,"Maryland State Retirement Pension System Has . 72 Million Stock Holdings in EOG Resources , Inc . NYSE EOG",20250320T094500Z,2025-03-20
EOG,gdelt,"EOG Resources , Inc . NYSE EOG Shares Purchased by Choate Investment Advisors",20250316T144500Z,2025-03-16
CVX,gdelt,Chevron Announces About 20 Workforce Reduction In Cost - Saving Initiative Responsible Leadership Requires Taking These Step - Chevron NYSE CVX,20250213T101500Z,2025-02-13
XOM,gdelt,"SCOTUS allows climate suits against Exxon , Chevron to proceed",20250310T191500Z,2025-03-11
CVX,gdelt,"SCOTUS allows climate suits against Exxon , Chevron to proceed",20250310T191500Z,2025-03-11
EOG,gdelt,"Is EOG Resources , Inc . EOG the Best Hot Oil Stock to Buy According to Hedge Funds ?",20250127T033000Z,2025-01-27
EOG,gdelt,"EOG Resources , Inc . NYSE EOG Shares Sold by American Century Companies Inc .",20250322T110000Z,2025-03-22
EOG,gdelt,"Oxford Financial Group LTD . LLC Has , 000 Stake in EOG Resources , Inc . NYSE EOG",20250322T141500Z,2025-03-22
EOG,gdelt,Truist Financial Forecasts Strong Price Appreciation for EOG Resources NYSE EOG Stock,20250115T094500Z,2025-01-15
EOG,gdelt,"Fifth Third Wealth Advisors LLC Raises Stock Position in EOG Resources , Inc . NYSE EOG",20250116T121500Z,2025-01-16
XOM,gdelt,"FTC Starts Process That May Nix Chevron , Exxon Deal Limits",20250412T001500Z,2025-04-12
CVX,gdelt,"FTC Starts Process That May Nix Chevron , Exxon Deal Limits",20250412T001500Z,2025-04-12
OXY,gdelt,Is Occidental Petroleum Stock a Buy Now ?,20250604T003000Z,2025-06-04
XOM,gdelt,"Exxon Mobil And Chevron Among Top Energy Stock Losers Thursday What Going On ? - SPDR Select Sector Fund - Energy Select Sector ARCA XLE , Chevron NYSE CVX , Exxon Mobil NYSE XOM",20250410T173000Z,2025-04-11
CVX,gdelt,"Exxon Mobil And Chevron Among Top Energy Stock Losers Thursday What Going On ? - SPDR Select Sector Fund - Energy Select Sector ARCA XLE , Chevron NYSE CVX , Exxon Mobil NYSE XOM",20250410T173000Z,2025-04-11
XOM,gdelt,"FTC takes step toward reversing Chevron , Exxon board restrictions",20250411T200000Z,2025-04-12
CVX,gdelt,"FTC takes step toward reversing Chevron , Exxon board restrictions",20250411T200000Z,2025-04-12
COP,gdelt,"Oil Soars Above As Middle East Airstrikes Jolt Markets - APA NASDAQ APA , ConocoPhillips NYSE COP",20250506T150000Z,2025-05-06
COP,gdelt,Better Energy Stock EOG Resources vs . ConocoPhillips,20250614T100000Z,2025-06-14
EOG,gdelt,Better Energy Stock EOG Resources vs . ConocoPhillips,20250614T100000Z,2025-06-14
XOM,gdelt,"Shell , Occidental Petroleum And Exxon Mobil Rise In Monday Premarket What Going On ?",20250602T111500Z,2025-06-02
OXY,gdelt,"Shell , Occidental Petroleum And Exxon Mobil Rise In Monday Premarket What Going On ?",20250602T111500Z,2025-06-02
XOM,gdelt,"Exxon and Chevron hold the line against tariffs , OPEC , and plunging oil prices",20250502T224500Z,2025-05-03
CVX,gdelt,"Exxon and Chevron hold the line against tariffs , OPEC , and plunging oil prices",20250502T224500Z,2025-05-03
XOM,gdelt,"Exxon , ADNOC agree to boost capacity of offshore oil field",20250518T213000Z,2025-05-19
XOM,gdelt,"Is a Big Oil Megamerger Brewing ? Exxon , Chevron , and Others Are Eyeing This Oil Stock .",20250511T211500Z,2025-05-12
CVX,gdelt,"Is a Big Oil Megamerger Brewing ? Exxon , Chevron , and Others Are Eyeing This Oil Stock .",20250511T211500Z,2025-05-12
CVX,gdelt,Chevron and Halliburton Launch Autonomous Fracturing Tech in Colorado,20250613T151500Z,2025-06-13
HAL,gdelt,Chevron and Halliburton Launch Autonomous Fracturing Tech in Colorado,20250613T151500Z,2025-06-13
OXY,gdelt,Cramer Lightning Round Dont buy Occidental Petroleum,20250411T234500Z,2025-04-12
CVX,gdelt,Better Energy Stock Chevron vs . Occidental Petroleum,20250420T150000Z,2025-04-20
OXY,gdelt,Better Energy Stock Chevron vs . Occidental Petroleum,20250420T150000Z,2025-04-20
CVX,gdelt,SNB Removed Chevron From US Portfolio on Environmental Concerns,20250527T130000Z,2025-05-27
HAL,gdelt,U . S . Shale Output Nearing Peak as Oil Prices Stagnate,20250518T233000Z,2025-05-19
HAL,gdelt,Tariff Impacts Cause Us to Reduce US Shale Producer Fair Value Estimates by Up to 4,20250404T141500Z,2025-04-04
XOM,gdelt,European Asset Manager Sells All Its Exxon Shares Over Climate Goals,20250602T114500Z,2025-06-02
CVX,gdelt,CHEVRON - Chevron and Halliburton enable ...,20250613T140000Z,2025-06-13
HAL,gdelt,CHEVRON - Chevron and Halliburton enable ...,20250613T140000Z,2025-06-13
XOM,gdelt,"Exxon Mobil , Chevron Surprise With Q1 Profit With Supermajors Stressing Shareholder Value",20250505T074500Z,2025-05-05
CVX,gdelt,"Exxon Mobil , Chevron Surprise With Q1 Profit With Supermajors Stressing Shareholder Value",20250505T074500Z,2025-05-05
OXY,gdelt,Occidental Petroleum Continues Working Toward Capturing This Potential Trillion Future Market Opportunity,20250520T040000Z,2025-05-20
CVX,gdelt,Chevron and Halliburton enable intelligent hydraulic fracturing,20250613T021500Z,2025-06-13
HAL,gdelt,Chevron and Halliburton enable intelligent hydraulic fracturing,20250613T021500Z,2025-06-13
XOM,gdelt,"Exxon , Hess to face off over Chevron deal for oilfield riches",20250523T163000Z,2025-05-24
CVX,gdelt,"Exxon , Hess to face off over Chevron deal for oilfield riches",20250523T163000Z,2025-05-24
CVX,gdelt,Chevron to Cut 800 Jobs in the Permian,20250529T103000Z,2025-05-29
XOM,gdelt,Exxon confident it will win dispute over Chevron - Hess deal,20250530T063000Z,2025-05-30
CVX,gdelt,Exxon confident it will win dispute over Chevron - Hess deal,20250530T063000Z,2025-05-30
COP,gdelt,"As the oil industry freezes up , ConocoPhillips CEO warns against cutting production too fast Dont whipsaw this thing too hard right now",20250508T230000Z,2025-05-09
XOM,gdelt,FTC seeks public comment on ex - Pioneer CEO petition to modify Exxon order,20250411T191500Z,2025-04-12
PXD,gdelt,FTC seeks public comment on ex - Pioneer CEO petition to modify Exxon order,20250411T191500Z,2025-04-12
OXY,gdelt,Could Buying Occidental Petroleum Stock Today Set You Up for Life ?,20250523T100000Z,2025-05-23
XOM,gdelt,"Trump Energy Department Mulls Cutting Billions In Clean - Energy Funds , Threatening Exxon , Occidental Projects - iShares Global Clean Energy ETF NASDAQ ICLN , NextEra Energy NYSE NEE",20250418T113000Z,2025-04-18
OXY,gdelt,"Trump Energy Department Mulls Cutting Billions In Clean - Energy Funds , Threatening Exxon , Occidental Projects - iShares Global Clean Energy ETF NASDAQ ICLN , NextEra Energy NYSE NEE",20250418T113000Z,2025-04-18
OXY,gdelt,OXY is a top oil stock to own as Israel - Iran tensions flare find out more,20250613T191500Z,2025-06-14
EOG,gdelt,EOG finds oil in Beryl field - Trinidad and Tobago Newsday,20250508T051500Z,2025-05-08
OXY,gdelt,Should You Reconsider Occidental Petroleum and Buy These 2 Oil Giants Instead ?,20250329T100000Z,2025-03-29
CVX,gdelt,Chevron Cuts Buybacks As Oil Plunges,20250502T210000Z,2025-05-03
OXY,gdelt,Occidental Petroleum flags higher prices for oil and gas production in Q1,20250411T080000Z,2025-04-11
OXY,gdelt,Occidental Petroleum price target raised to from at BofA,20250524T134500Z,2025-05-24
HAL,gdelt,U . S . shale output nearing peak as oil prices stagnate Oil Gas 360,20250520T003000Z,2025-05-20
COP,gdelt,ConocoPhillips plans layoffs as part of broad restructuring,20250424T103000Z,2025-04-24
CVX,gdelt,Chevron Expands Triple - Frac to Half of Its Permian Wells,20250409T150000Z,2025-04-09
HAL,gdelt,Chevron Expands Triple - Frac to Half of Its Permian Wells,20250409T150000Z,2025-04-09
XOM,gdelt,"Exxon beats Wall Street profit estimate , boosted by Guyana and Permian production",20250502T154500Z,2025-05-02
XOM,gdelt,"Chevron investors reject stockholder proposals , Exxon faces none",20250529T231500Z,2025-05-30
CVX,gdelt,"Chevron investors reject stockholder proposals , Exxon faces none",20250529T231500Z,2025-05-30
XOM,gdelt,Arbitration on Exxon and Chevron dispute over Hess acquisition,20250502T144500Z,2025-05-02
CVX,gdelt,Arbitration on Exxon and Chevron dispute over Hess acquisition,20250502T144500Z,2025-05-02
XOM,gdelt,"Chevron investors reject stockholder proposals , Exxon faces none",20250528T173000Z,2025-05-29
CVX,gdelt,"Chevron investors reject stockholder proposals , Exxon faces none",20250528T173000Z,2025-05-29
XOM,gdelt,"Exxon , Chevron profits fell ahead of tariff - driven oil slump",20250502T204500Z,2025-05-03
CVX,gdelt,"Exxon , Chevron profits fell ahead of tariff - driven oil slump",20250502T204500Z,2025-05-03
XOM,gdelt,"Exxon expects victory in dispute over Chevron - Hess deal , exec says XOM NYSE",20250530T041500Z,2025-05-30
CVX,gdelt,"Exxon expects victory in dispute over Chevron - Hess deal , exec says XOM NYSE",20250530T041500Z,2025-05-30
XOM,gdelt,"Exxon beats Wall Street profit estimate , on track to meet buyback target",20250502T154500Z,2025-05-02
CVX,gdelt,"Analyst recommendations Chevron , KKR , Blackstone , Halliburton , Hasbro",20250415T121500Z,2025-04-15
HAL,gdelt,"Analyst recommendations Chevron , KKR , Blackstone , Halliburton , Hasbro",20250415T121500Z,2025-04-15
HAL,gdelt,"EOG Resources , Inc . EOG Awarded Oil Exploration Concession for UAE Shale Block",20250519T004500Z,2025-05-19
EOG,gdelt,"EOG Resources , Inc . EOG Awarded Oil Exploration Concession for UAE Shale Block",20250519T004500Z,2025-05-19
CVX,gdelt,Warren Buffett Owns Chevron and Occidental . Should You Buy This Energy Giant Instead ?,20250504T153000Z,2025-05-04
OXY,gdelt,Warren Buffett Owns Chevron and Occidental . Should You Buy This Energy Giant Instead ?,20250504T153000Z,2025-05-04
XOM,gdelt,Exxon plans to operate in Guyana as usual if it loses Chevron - Hess arbitration Oil Gas 360,20250530T233000Z,2025-05-31
CVX,gdelt,Exxon plans to operate in Guyana as usual if it loses Chevron - Hess arbitration Oil Gas 360,20250530T233000Z,2025-05-31
XOM,gdelt,Profits for American oil giants like Exxon Mobil and Chevron fade in tandem with oil demand,20250502T124500Z,2025-05-02
CVX,gdelt,Profits for American oil giants like Exxon Mobil and Chevron fade in tandem with oil demand,20250502T124500Z,2025-05-02
DVN,gdelt,"Devon Energy Unveils Billion Annual Optimization Plan , Targets Efficiency Gains By 2026 - Devon Energy NYSE DVN",20250422T190000Z,2025-04-23
EOG,gdelt,KeyCorp Has Lowered Expectations for EOG Resources NYSE EOG Stock Price,20250421T153000Z,2025-04-21
XOM,gdelt,Profits at American oil giants Exxon Mobil and Chevron fall in tandem with waning energy demand,20250502T231500Z,2025-05-03
CVX,gdelt,Profits at American oil giants Exxon Mobil and Chevron fall in tandem with waning energy demand,20250502T231500Z,2025-05-03
EOG,gdelt,EOG Resources NYSE EOG Price Target Lowered to . 00 at Piper Sandler,20250423T090000Z,2025-04-23
XOM,gdelt,"Profits For American Oil Giants Like Exxon Mobil , Chevron Fade in Tandem With Oil Demand",20250502T203000Z,2025-05-03
CVX,gdelt,"Profits For American Oil Giants Like Exxon Mobil , Chevron Fade in Tandem With Oil Demand",20250502T203000Z,2025-05-03
EOG,gdelt,Peering Into EOG Resources Recent Short Interest - EOG Resources NYSE EOG,20250519T224500Z,2025-05-20
EOG,gdelt,Piper Sandler Issues Pessimistic Forecast for EOG Resources NYSE EOG Stock Price,20250423T090000Z,2025-04-23
EOG,gdelt,What Does the Market Think About EOG Resources ? - EOG Resources NYSE EOG,20250501T190000Z,2025-05-02
EOG,gdelt,"EOG Resources , Inc . EOG to Buy Encino Acquisition Partners in . 6 Billion Deal",20250531T023000Z,2025-05-31
EOG,gdelt,"XTX Topco Ltd Invests . 48 Million in EOG Resources , Inc . NYSE EOG",20250414T133000Z,2025-04-14
EOG,gdelt,"Summit Investment Advisors Inc . Sells 263 Shares of EOG Resources , Inc . NYSE EOG",20250418T103000Z,2025-04-18
XOM,gdelt,"Exxon , Chevron vie to win high - stakes battle over Guyana oil XOM NYSE",20250525T150000Z,2025-05-25
CVX,gdelt,"Exxon , Chevron vie to win high - stakes battle over Guyana oil XOM NYSE",20250525T150000Z,2025-05-25
OXY,gdelt,Is Occidental Petroleum Corp OXY the Best Stock to Buy According to Billionaire Warren Buffett ?,20250430T101500Z,2025-04-30
EOG,gdelt,"Baker Avenue Asset Management LP Buys 281 Shares of EOG Resources , Inc . NYSE EOG",20250504T111500Z,2025-05-04
EOG,gdelt,"14 , 403 Shares in EOG Resources , Inc . NYSE EOG Purchased by Wahed Invest LLC",20250502T143000Z,2025-05-02
EOG,gdelt,"Prosperity Consulting Group LLC Acquires 380 Shares of EOG Resources , Inc . NYSE EOG",20250427T134500Z,2025-04-27
EOG,gdelt,"Regal Investment Advisors LLC Purchases 445 Shares of EOG Resources , Inc . NYSE EOG",20250415T140000Z,2025-04-15
EOG,gdelt,"CoreCommodity Management LLC Boosts Stock Position in EOG Resources , Inc . NYSE EOG",20250507T153000Z,2025-05-07
EOG,gdelt,"Mariner LLC Purchases 7 , 763 Shares of EOG Resources , Inc . NYSE EOG",20250418T111500Z,2025-04-18
EOG,gdelt,"United Capital Financial Advisors LLC Decreases Stock Position in EOG Resources , Inc . NYSE EOG",20250417T114500Z,2025-04-17
EOG,gdelt,"Curi RMB Capital LLC Acquires 11 , 932 Shares of EOG Resources , Inc . NYSE EOG",20250419T153000Z,2025-04-19
EOG,gdelt,"Chapman Financial Group LLC Buys Shares of 1 , 789 EOG Resources , Inc . NYSE EOG",20250505T141500Z,2025-05-05
EOG,gdelt,"NEOS Investment Management LLC Increases Stock Position in EOG Resources , Inc . NYSE EOG",20250328T160000Z,2025-03-29
EOG,gdelt,"Slagle Financial LLC Raises Stock Holdings in EOG Resources , Inc . NYSE EOG",20250328T164500Z,2025-03-29
EOG,gdelt,"Massachusetts Financial Services Co . MA Cuts Stock Holdings in EOG Resources , Inc . NYSE EOG",20250403T150000Z,2025-04-03
EOG,gdelt,"denkapparat Operations GmbH Takes Position in EOG Resources , Inc . NYSE EOG",20250328T153000Z,2025-03-28
EOG,gdelt,"Transamerica Financial Advisors Inc . Increases Position in EOG Resources , Inc . NYSE EOG",20250330T144500Z,2025-03-30
EOG,gdelt,"Boston Family Office LLC Lowers Stock Holdings in EOG Resources , Inc . NYSE EOG",20250401T134500Z,2025-04-01
EOG,gdelt,"Bessemer Group Inc . Purchases 1 , 055 Shares of EOG Resources , Inc . NYSE EOG",20250412T140000Z,2025-04-12
EOG,gdelt,"Nicolet Bankshares Inc . Has , 000 Position in EOG Resources , Inc . NYSE EOG",20250412T151500Z,2025-04-12
EOG,gdelt,"Financial Counselors Inc . Sells 7 , 011 Shares of EOG Resources , Inc . NYSE EOG",20250329T090000Z,2025-03-29
EOG,gdelt,"Insider Selling EOG Resources , Inc . NYSE EOG COO Sells 4 , 037 Shares of Stock",20250403T204500Z,2025-04-04
MPC,gdelt,"Marathon Petroleum NYSE MPC Stock Acquired Rep . Robert Bresnahan , Jr .",20250603T143000Z,2025-06-03
EOG,gdelt,"Loomis Sayles Co . L P Acquires 97 Shares of EOG Resources , Inc . NYSE EOG",20250331T093000Z,2025-03-31
EOG,gdelt,"Cullen Capital Management LLC Lowers Holdings in EOG Resources , Inc . NYSE EOG",20250405T151500Z,2025-04-05
EOG,gdelt,"Invesco Ltd . Purchases 222 , 188 Shares of EOG Resources , Inc . NYSE EOG",20250409T140000Z,2025-04-09
EOG,gdelt,"Bedell Frazier Investment Counselling LLC Acquires New Shares in EOG Resources , Inc . NYSE EOG",20250331T131500Z,2025-03-31
EOG,gdelt,"Hemenway Trust Co LLC Sells 125 Shares of EOG Resources , Inc . NYSE EOG",20250405T140000Z,2025-04-05
EOG,gdelt,EOG Resources NYSE EOG vs . Lonestar Resources US OTCMKTS LONEQ Head - To - Head Contrast,20250410T041500Z,2025-04-10
EOG,gdelt,"Envestnet Asset Management Inc . Increases Stock Position in EOG Resources , Inc . NYSE EOG",20250406T133000Z,2025-04-06
EOG,gdelt,"Bank of Montreal Can Cuts Stock Holdings in EOG Resources , Inc . NYSE EOG",20250409T140000Z,2025-04-09
EOG,gdelt,"Bessemer Group Inc . Has . 26 Million Position in EOG Resources , Inc . NYSE EOG",20250412T131500Z,2025-04-12
EOG,gdelt,"Trek Financial LLC Acquires Shares of 1 , 725 EOG Resources , Inc . NYSE EOG",20250409T124500Z,2025-04-09
EOG,gdelt,"EOG Resources , Inc . NYSE EOG Shares Acquired by Unison Advisors LLC",20250404T110000Z,2025-04-04
EOG,gdelt,"Wells Fargo Company MN Cuts Stock Position in EOG Resources , Inc . NYSE EOG",20250405T140000Z,2025-04-05
EOG,gdelt,"New Age Alpha Advisors LLC Acquires New Position in EOG Resources , Inc . NYSE EOG",20250401T093000Z,2025-04-01
EOG,gdelt,"Rockland Trust Co . Purchases 2 , 053 Shares of EOG Resources , Inc . NYSE EOG",20250613T133000Z,2025-06-13
EOG,gdelt,"Nicolet Bankshares Inc . Sells 124 Shares of EOG Resources , Inc . NYSE EOG",20250412T151500Z,2025-04-12
EOG,gdelt,"EOG Resources , Inc . NYSE EOG Position Decreased by Greenfield Savings Bank",20250604T111500Z,2025-06-04
EOG,gdelt,"Transamerica Financial Advisors Inc . Has , 000 Stake in EOG Resources , Inc . NYSE EOG",20250330T144500Z,2025-03-30
EOG,gdelt,"EOG Resources , Inc . NYSE EOG Shares Acquired by Park Avenue Securities LLC",20250609T104500Z,2025-06-09
EOG,gdelt,"Bedell Frazier Investment Counselling LLC Makes New . 58 Million Investment in EOG Resources , Inc . NYSE EOG",20250331T131500Z,2025-03-31
EOG,gdelt,"EOG Resources , Inc . NYSE EOG Shares Bought by Fragasso Financial Advisors Inc",20250602T134500Z,2025-06-02
EOG,gdelt,"Advisory Alpha LLC Decreases Stock Position in EOG Resources , Inc . NYSE EOG",20250602T130000Z,2025-06-02
EOG,gdelt,"Northside Capital Management LLC Takes . 10 Million Position in EOG Resources , Inc . NYSE EOG",20250604T134500Z,2025-06-04
EOG,gdelt,"EOG Resources , Inc . NYSE EOG Stock Position Lifted by ARS Wealth Advisors Group LLC",20250608T113000Z,2025-06-08
EOG,gdelt,"EOG Resources , Inc . NYSE EOG Shares Sold by Iowa State Bank",20250601T150000Z,2025-06-01
EOG,gdelt,EOG Resources NYSE EOG Shares Gap Up on Analyst Upgrade,20250613T161500Z,2025-06-14
EOG,gdelt,"EOG Resources , Inc . NYSE EOG Shares Sold by Greenfield Savings Bank",20250604T114500Z,2025-06-04
EOG,gdelt,"Wesbanco Bank Inc . Increases Stake in EOG Resources , Inc . NYSE EOG",20250609T144500Z,2025-06-09
EOG,gdelt,"Daymark Wealth Partners LLC Grows Stock Holdings in EOG Resources , Inc . NYSE EOG",20250610T103000Z,2025-06-10
EOG,gdelt,"EOG Resources NYSE EOG Stock Acquired Rep . Robert Bresnahan , Jr .",20250329T214500Z,2025-03-30
CVX,gdelt,Chevron Next Move Develop or Divest Bakken After Hess Deal,20250725T154500Z,2025-07-25
XOM,gdelt,"Chevron wins Exxon case but loses time , oil and billions",20250718T223000Z,2025-07-19
CVX,gdelt,"Chevron wins Exxon case but loses time , oil and billions",20250718T223000Z,2025-07-19
XOM,gdelt,"Chevron wins Exxon case but loses time , oil and billions",20250720T064500Z,2025-07-20
CVX,gdelt,"Chevron wins Exxon case but loses time , oil and billions",20250720T064500Z,2025-07-20
XOM,gdelt,"Chevron Wins Exxon Case But Loses Time , Oil And Billions",20250719T224500Z,2025-07-20
CVX,gdelt,"Chevron Wins Exxon Case But Loses Time , Oil And Billions",20250719T224500Z,2025-07-20
XOM,gdelt,"Forced frenemies , Exxon and Chevron take diverging paths as leaders of the booming Permian",20250803T023000Z,2025-08-03
CVX,gdelt,"Forced frenemies , Exxon and Chevron take diverging paths as leaders of the booming Permian",20250803T023000Z,2025-08-03
CVX,gdelt,Chevron secures billion Hess acquisition after Paris ruling,20250718T183000Z,2025-07-19
XOM,gdelt,Analysts on Chevron winning arbitration over Exxon in Hess deal,20250718T151500Z,2025-07-18
CVX,gdelt,Analysts on Chevron winning arbitration over Exxon in Hess deal,20250718T151500Z,2025-07-18
CVX,gdelt,Chevron gets go ahead for Hess deal one of biggest oil finds this decade,20250718T140000Z,2025-07-18
HAL,gdelt,"Dow Jones Top Energy Headlines at 12 AM ET Halliburton Sees Softer Oilfield Services Market as Profit , Revenue Slide U . K . ...",20250723T051500Z,2025-07-23
CVX,gdelt,Chevron gets go ahead for billion Hess deal,20250718T151500Z,2025-07-18
CVX,gdelt,"Chevron gets go ahead for Hess deal , and access to one of the biggest oil finds this decade",20250718T223000Z,2025-07-19
CVX,gdelt,"Chevron gets go ahead for Hess deal , and access to one of the biggest oil finds this decade",20250718T134500Z,2025-07-18
XOM,gdelt,"Analysis - Chevron wins Exxon case but loses time , oil and billions",20250720T023000Z,2025-07-20
CVX,gdelt,"Analysis - Chevron wins Exxon case but loses time , oil and billions",20250720T023000Z,2025-07-20
HAL,gdelt,Halliburton secures North Sea well stimulation services deal,20250814T151500Z,2025-08-14
CVX,gdelt,Chevron gets go ahead for Hess deal one of biggest oil finds this decade,20250718T200000Z,2025-07-19
XOM,gdelt,Chevron preps quick closing of Hess deal and awaits result of Exxon dispute,20250707T190000Z,2025-07-08
CVX,gdelt,Chevron preps quick closing of Hess deal and awaits result of Exxon dispute,20250707T190000Z,2025-07-08
XOM,gdelt,"Forced frenemies , Exxon and Chevron take diverging paths as leaders of the booming Permian",20250801T233000Z,2025-08-02
CVX,gdelt,"Forced frenemies , Exxon and Chevron take diverging paths as leaders of the booming Permian",20250801T233000Z,2025-08-02
XOM,gdelt,Too Big to Merge ? Exxon and Chevron Might Think So,20250727T011500Z,2025-07-27
CVX,gdelt,Too Big to Merge ? Exxon and Chevron Might Think So,20250727T011500Z,2025-07-27
XOM,gdelt,"Exxon , Chevron Post Better Than Expected Results",20250801T150000Z,2025-08-01
CVX,gdelt,"Exxon , Chevron Post Better Than Expected Results",20250801T150000Z,2025-08-01
XOM,gdelt,Chevron preps quick closing of Hess deal and awaits result of Exxon dispute,20250708T164500Z,2025-07-09
CVX,gdelt,Chevron preps quick closing of Hess deal and awaits result of Exxon dispute,20250708T164500Z,2025-07-09
XOM,gdelt,"U . S . Federal Trade Commission reverses bans on executives joining Chevron , Exxon boards",20250718T023000Z,2025-07-18
CVX,gdelt,"U . S . Federal Trade Commission reverses bans on executives joining Chevron , Exxon boards",20250718T023000Z,2025-07-18
CVX,gdelt,Chevron president explains how the company transformed the historically boom - and - bust shale business into a steadily profitable enterprise,20250824T171500Z,2025-08-25
HAL,gdelt,Chevron president explains how the company transformed the historically boom - and - bust shale business into a steadily profitable enterprise,20250824T171500Z,2025-08-25
COP,gdelt,"Analysis - ConocoPhillip deep layoffs highlight need for capital discipline , analysts say",20250910T064500Z,2025-09-10
CVX,gdelt,"Chevron gets go ahead for Hess deal KTBB News , Weather , Talk",20250718T214500Z,2025-07-19
CVX,gdelt,"Chevron Gets Go Ahead for Hess Deal , Access to One of the Biggest Oil Finds this Decade",20250718T181500Z,2025-07-19
CVX,gdelt,Chevron secures billion Hess acquisition after Paris ruling,20250718T150000Z,2025-07-18
XOM,gdelt,Ex - Pioneer CEO no longer wants to join ExxonMobil,20250719T030000Z,2025-07-19
PXD,gdelt,Ex - Pioneer CEO no longer wants to join ExxonMobil,20250719T030000Z,2025-07-19
XOM,gdelt,Converging Exxon and Chevron operations could spur next mega - merger,20250725T070000Z,2025-07-25
CVX,gdelt,Converging Exxon and Chevron operations could spur next mega - merger,20250725T070000Z,2025-07-25
CVX,gdelt,Chevron Prepares For A Quick Closure Of The Hess Deal,20250707T191500Z,2025-07-08
COP,gdelt,Halliburton to Provide Well Stimulation Services for ConocoPhillips,20250818T134500Z,2025-08-18
HAL,gdelt,Halliburton to Provide Well Stimulation Services for ConocoPhillips,20250818T134500Z,2025-08-18
CVX,gdelt,"U . S . shale oil boom transforms from money treadmill into cash cow , Chevron president says",20250824T144500Z,2025-08-24
HAL,gdelt,"U . S . shale oil boom transforms from money treadmill into cash cow , Chevron president says",20250824T144500Z,2025-08-24
COP,gdelt,ConocoPhillips awards Halliburton multi - year North Sea services contract Oil Gas 360,20250814T220000Z,2025-08-15
HAL,gdelt,ConocoPhillips awards Halliburton multi - year North Sea services contract Oil Gas 360,20250814T220000Z,2025-08-15
XOM,gdelt,"Exxon , Chevron report record oil production for second quarter",20250802T063000Z,2025-08-02
CVX,gdelt,"Exxon , Chevron report record oil production for second quarter",20250802T063000Z,2025-08-02
XOM,gdelt,ExxonMobil Continues to Show That It the Best Oil Stock,20250804T040000Z,2025-08-04
XOM,gdelt,Arbitrators reach verdict on Exxon and Chevron dispute over Hess acquisition,20250705T111500Z,2025-07-05
CVX,gdelt,Arbitrators reach verdict on Exxon and Chevron dispute over Hess acquisition,20250705T111500Z,2025-07-05
XOM,gdelt,Record production at Exxon and Chevron humbles European rivals Bousso,20250806T083000Z,2025-08-06
CVX,gdelt,Record production at Exxon and Chevron humbles European rivals Bousso,20250806T083000Z,2025-08-06
XOM,gdelt,Exxon Mobil approves . 8B oil expansion offshore of Guyana its first with rival Chevron as partner,20250922T201500Z,2025-09-23
CVX,gdelt,Exxon Mobil approves . 8B oil expansion offshore of Guyana its first with rival Chevron as partner,20250922T201500Z,2025-09-23
XOM,gdelt,Exxon Mobil approves . 8B oil expansion offshore of Guyana its first with rival Chevron as new partner,20250922T231500Z,2025-09-23
CVX,gdelt,Exxon Mobil approves . 8B oil expansion offshore of Guyana its first with rival Chevron as new partner,20250922T231500Z,2025-09-23
XOM,gdelt,Chevron - Hess Deal Hinges on Exxon Arbitration Over Guyana Oil Stake,20250704T053000Z,2025-07-04
CVX,gdelt,Chevron - Hess Deal Hinges on Exxon Arbitration Over Guyana Oil Stake,20250704T053000Z,2025-07-04
SLB,gdelt,"Schlumberger Limited SLB A Great Company Doing Terribly , Says Jim Cramer",20250731T221500Z,2025-08-01
SLB,gdelt,"Schlumberger Limited SLB A Great Company Doing Terribly , Says Jim Cramer",20250802T023000Z,2025-08-02
XOM,gdelt,"Arbitrators in Exxon , Hess dispute over Chevron deal have reached a decision , sources say",20250704T010000Z,2025-07-04
CVX,gdelt,"Arbitrators in Exxon , Hess dispute over Chevron deal have reached a decision , sources say",20250704T010000Z,2025-07-04
CVX,gdelt,FTC Reverses Its Order Banning John Hess Chevron Board,20250718T050000Z,2025-07-18
HAL,gdelt,Halliburton CEO Oil and gas markets are softer than expected and will remain weak for all of 2025,20250722T231500Z,2025-07-23
HAL,gdelt,Adams Natural Resources Fund Announces First Half 2025 Performance,20250717T204500Z,2025-07-18
CVX,gdelt,Chevron Prepares to Close Hess Acquisition,20250708T090000Z,2025-07-08
HAL,gdelt,"Halliburton Company HAL A Great Company Doing Terribly , Says Jim Cramer",20250731T221500Z,2025-08-01
HAL,gdelt,"Halliburton Company HAL Having A Hard Time , Says Jim Cramer",20250801T070000Z,2025-08-01
XOM,gdelt,Converging Exxon and Chevron operations could spur next mega - merger Bousso,20250724T141500Z,2025-07-24
CVX,gdelt,Converging Exxon and Chevron operations could spur next mega - merger Bousso,20250724T141500Z,2025-07-24
XOM,gdelt,"Arbitrators in Exxon , Hess dispute over Chevron deal have reached a decision",20250704T173000Z,2025-07-05
CVX,gdelt,"Arbitrators in Exxon , Hess dispute over Chevron deal have reached a decision",20250704T173000Z,2025-07-05
HAL,gdelt,International Business Halliburton reduces workforce,20250905T230000Z,2025-09-06
COP,gdelt,ConocoPhillips awards Halliburton multi - year North Sea services contract,20250813T171500Z,2025-08-14
HAL,gdelt,ConocoPhillips awards Halliburton multi - year North Sea services contract,20250813T171500Z,2025-08-14
XOM,gdelt,Chevron wins Exxon battle over Guyana oilfield,20250718T113000Z,2025-07-18
CVX,gdelt,Chevron wins Exxon battle over Guyana oilfield,20250718T113000Z,2025-07-18
HAL,gdelt,Halliburton Reduces Workforce as Oil Activity Slumps,20250909T050000Z,2025-09-09
HAL,gdelt,"Halliburton Company HAL Having A Hard Time , Says Jim Cramer",20250730T194500Z,2025-07-31
XOM,gdelt,"Exxon Mobil Hits Record Production , CEO Reaffirms Hunt For Value - Driven Deals",20250801T150000Z,2025-08-01
XOM,gdelt,Exxon vs . Chevron battle sets stage for oil industry race for prize assets Bousso Oil Gas 360,20250718T220000Z,2025-07-19
CVX,gdelt,Exxon vs . Chevron battle sets stage for oil industry race for prize assets Bousso Oil Gas 360,20250718T220000Z,2025-07-19
XOM,gdelt,Chevron megadeal for Hess gets approval after winning legal battle with Exxon,20250718T220000Z,2025-07-19
CVX,gdelt,Chevron megadeal for Hess gets approval after winning legal battle with Exxon,20250718T220000Z,2025-07-19
XOM,gdelt,Chevron Emerges As Winner In Exxonmobil Dispute Over,20250718T180000Z,2025-07-19
CVX,gdelt,Chevron Emerges As Winner In Exxonmobil Dispute Over,20250718T180000Z,2025-07-19
EOG,gdelt,"Moonilal , EOG Resources discuss Trinidad and Tobago hydrocarbon resources",20250714T203000Z,2025-07-15
XOM,gdelt,Chevron wins Hess takeover against rival Exxon,20250718T123000Z,2025-07-18
CVX,gdelt,Chevron wins Hess takeover against rival Exxon,20250718T123000Z,2025-07-18
XOM,gdelt,Chevron to proceed with Hess takeover after winning Exxon Guyana legal battle,20250718T121500Z,2025-07-18
CVX,gdelt,Chevron to proceed with Hess takeover after winning Exxon Guyana legal battle,20250718T121500Z,2025-07-18
XOM,gdelt,Chevron Emerges Victorious in Its Big Oil Battle With Exxon . Time to Buy the Oil Stock ?,20250721T091500Z,2025-07-21
CVX,gdelt,Chevron Emerges Victorious in Its Big Oil Battle With Exxon . Time to Buy the Oil Stock ?,20250721T091500Z,2025-07-21
CVX,gdelt,What to Expect From Chevron Massive Guyana Investment,20250729T171500Z,2025-07-30
MPC,gdelt,Marathon Petroleum El Paso Refinery Reports Power Outage That Caused Shutdown -- OPIS,20250709T164500Z,2025-07-10
CVX,gdelt,"Chevron , Hess Shares Climb on Merger Arbitration Win",20250718T123000Z,2025-07-18
XOM,gdelt,Record production at Exxon and Chevron humbles European rivals Bousso Oil Gas 360,20250805T200000Z,2025-08-06
CVX,gdelt,Record production at Exxon and Chevron humbles European rivals Bousso Oil Gas 360,20250805T200000Z,2025-08-06
XOM,gdelt,"Chevron defeats Exxon in dispute over Guyana oil assets , clearing path for Hess acquisition",20250718T113000Z,2025-07-18
CVX,gdelt,"Chevron defeats Exxon in dispute over Guyana oil assets , clearing path for Hess acquisition",20250718T113000Z,2025-07-18
XOM,gdelt,"Chevron triumphs over Exxon , wins 20 - month battle to buy Hess",20250719T201500Z,2025-07-20
CVX,gdelt,"Chevron triumphs over Exxon , wins 20 - month battle to buy Hess",20250719T201500Z,2025-07-20
XOM,gdelt,Chevron closes Hess acquisition after winning Exxon legal battle,20250719T114500Z,2025-07-19
CVX,gdelt,Chevron closes Hess acquisition after winning Exxon legal battle,20250719T114500Z,2025-07-19
CVX,gdelt,Chevron completes acquisition of Hess,20250719T000000Z,2025-07-19
XOM,gdelt,ExxonMobil Earnings Growing Production and Cost Reductions Help Mitigate Lower Commodity Prices,20250804T124500Z,2025-08-04
CVX,gdelt,Jim Cramer Says He Expects Chevron to Raise Numbers,20250731T184500Z,2025-08-01
HAL,gdelt,"Halliburton reduces workforce as oil activity slumps , sources say",20250905T170000Z,2025-09-06
CVX,gdelt,Chevron Completes Hess Megadeal After Winning Guyana Arbitration,20250718T173000Z,2025-07-19
XOM,gdelt,ExxonMobil Accepts Chevron as Stabroek Partner after Arbitration Loss,20250721T161500Z,2025-07-22
CVX,gdelt,ExxonMobil Accepts Chevron as Stabroek Partner after Arbitration Loss,20250721T161500Z,2025-07-22
XOM,gdelt,"ExxonMobil , Chevron Profits Slump on Falling Oil Prices",20250801T161500Z,2025-08-02
CVX,gdelt,"ExxonMobil , Chevron Profits Slump on Falling Oil Prices",20250801T161500Z,2025-08-02
HAL,gdelt,Halliburton Warns on Pemex Payment Delays as Mexico Output Slumps,20250723T170000Z,2025-07-24
DVN,gdelt,Is Devon Energy Stock Underperforming the Nasdaq ?,20250916T190000Z,2025-09-17
CVX,gdelt,"Chevron Cost Cuts , Diversified Growth Propel Stock - Chevron NYSE CVX",20250711T194500Z,2025-07-12
EOG,gdelt,EOG Resources NYSE EOG Cut to Hold at Argus,20250828T063000Z,2025-08-28
EOG,gdelt,EOG Resources EOG A Strong Dividend Stock for Your Portfolio,20250924T024500Z,2025-09-24
XOM,gdelt,Exxon Talks Green But Walks Oil - National Legal And Policy Center,20250802T020000Z,2025-08-02
EOG,gdelt,UBS Keeps Buy Rating on EOG Before Q2 2025 Results,20250806T044500Z,2025-08-06
HAL,gdelt,"IFM Investors Increases Stake in EOG Resources , Inc . EOG as Shale Projects Advance",20250924T213000Z,2025-09-25
EOG,gdelt,"IFM Investors Increases Stake in EOG Resources , Inc . EOG as Shale Projects Advance",20250924T213000Z,2025-09-25
EOG,gdelt,"UBS Maintains Buy Rating on EOG Resources , Inc . EOG Keeps PT of",20250709T150000Z,2025-07-09
CVX,gdelt,Here Why Chevron CVX Traded Lower in Q2,20250901T154500Z,2025-09-01
CVX,gdelt,Chevron beats Wall Street profit estimates with record output,20250802T114500Z,2025-08-02
COP,gdelt,ConocoPhillips awards Halliburton multi - year well stimulation services contract in the North Sea,20250814T093000Z,2025-08-14
HAL,gdelt,ConocoPhillips awards Halliburton multi - year well stimulation services contract in the North Sea,20250814T093000Z,2025-08-14
CVX,gdelt,"Chevron Completes Hess Acquisition , Including Offshore Guyana Stake",20250720T194500Z,2025-07-21
XOM,gdelt,Exxon starts production at fourth floating oil vessel in Guyana,20250808T151500Z,2025-08-08
CVX,gdelt,Peru modifies contract allowing Chevron and Westlawn to enter hydrocarbon sector,20250919T124500Z,2025-09-19
CVX,gdelt,1 Reason I Cant Stop Thinking About Chevron Stock in 2025,20250922T104500Z,2025-09-22
XOM,gdelt,"Chevron win vs . Exxon lifts long - term growth prospects but cost time , billions of dollars",20250719T031500Z,2025-07-19
CVX,gdelt,"Chevron win vs . Exxon lifts long - term growth prospects but cost time , billions of dollars",20250719T031500Z,2025-07-19
COP,gdelt,ConocoPhillips to lay off up to 25 of global workforce,20250904T200000Z,2025-09-05
COP,gdelt,Halliburton to Deliver Well Simulation Services to ConocoPhillips,20250814T041500Z,2025-08-14
HAL,gdelt,Halliburton to Deliver Well Simulation Services to ConocoPhillips,20250814T041500Z,2025-08-14
EOG,gdelt,"Winslow Asset Management Inc . Lowers Holdings in EOG Resources , Inc . NYSE EOG",20250715T163000Z,2025-07-16
XOM,gdelt,How one clause sparked Exxon - Chevron feud that turned personal,20250720T213000Z,2025-07-21
CVX,gdelt,How one clause sparked Exxon - Chevron feud that turned personal,20250720T213000Z,2025-07-21
EOG,gdelt,Strong Earnings and Dividend Hike Spark Mixed Analyst Views on EOG Resources,20250823T010000Z,2025-08-23
XOM,gdelt,Chevron victory means mending rift with Exxon for future collaboration,20250720T153000Z,2025-07-20
CVX,gdelt,Chevron victory means mending rift with Exxon for future collaboration,20250720T153000Z,2025-07-20
EOG,gdelt,EOG Resources EOG A Top Crude Oil Stock for Passive Income,20250729T194500Z,2025-07-30
XOM,gdelt,Arbitrators in Exxon - Hess dispute over Chevron deal have reached decision - Reuters XOM NYSE,20250706T011500Z,2025-07-06
CVX,gdelt,Arbitrators in Exxon - Hess dispute over Chevron deal have reached decision - Reuters XOM NYSE,20250706T011500Z,2025-07-06
CVX,gdelt,Baystreet . ca - What to Expect From Chevron Massive Guyana Investment,20250802T044500Z,2025-08-02
XOM,gdelt,Q2 profits at Exxon Mobil and Chevron dip to lowest level in 4 years on subdued energy prices,20250801T153000Z,2025-08-01
CVX,gdelt,Q2 profits at Exxon Mobil and Chevron dip to lowest level in 4 years on subdued energy prices,20250801T153000Z,2025-08-01
CVX,gdelt,"Chevron Cuts Layers , Eyes Guyana and Growth",20250711T000000Z,2025-07-11
COP,gdelt,"ConocoPhillips says it will cut workforce by 20 - 25 , shares fall",20250903T184500Z,2025-09-04
CVX,gdelt,1 Reason I Cant Stop Thinking About Chevron Stock in 2025,20250923T191500Z,2025-09-24
EOG,gdelt,"Belpointe Asset Management LLC Sells 1 , 981 Shares of EOG Resources , Inc .",20250911T164500Z,2025-09-12
PXD,gdelt,"This month in history Pioneer in at Cosmo , still being studied - July 13 , 2025",20250711T043000Z,2025-07-11
XOM,gdelt,Exxon greenlights . 8 billion investment for Hammerhead project in Guyana,20250922T170000Z,2025-09-23
EOG,gdelt,"Swiss National Bank Reduces Holdings in EOG Resources , Inc . NYSE EOG",20250809T113000Z,2025-08-09
XOM,gdelt,FTC denies Sheffield petition to set aside order barring him from Exxon board XOM NYSE,20250716T010000Z,2025-07-16
EOG,gdelt,EOG Resources EOG A Top Crude Oil Stock for Passive Income,20250731T060000Z,2025-07-31
XOM,gdelt,"Commodities outlook Exxon , Chevron profits to drop to lowest point since pandemic , analysts say",20250731T200000Z,2025-08-01
CVX,gdelt,"Commodities outlook Exxon , Chevron profits to drop to lowest point since pandemic , analysts say",20250731T200000Z,2025-08-01
EOG,gdelt,"Belpointe Asset Management LLC Cuts Stock Holdings in EOG Resources , Inc .",20250911T164500Z,2025-09-12
XOM,gdelt,Trinidad Awards Seven Ultra - Deep Blocks to ExxonMobil,20250805T181500Z,2025-08-06
EOG,gdelt,"Susquehanna Hikes Price Target on EOG Resources to , Citing Strong Cash Flow and Diversified Assets",20250813T170000Z,2025-08-14
EOG,gdelt,"Value Holdings Management CO . LLC Acquires 500 Shares of EOG Resources , Inc . NYSE EOG",20250817T131500Z,2025-08-17
EOG,gdelt,"Advisor OS LLC Purchases 102 Shares of EOG Resources , Inc . NYSE EOG",20250726T184500Z,2025-07-27
EOG,gdelt,"Pacer Advisors Inc . Sells 513 , 112 Shares of EOG Resources , Inc . NYSE EOG",20250725T153000Z,2025-07-25
XOM,gdelt,Chevron Closes Megadeal for Hess After Winning Exxon Arbitration -- Commodities Roundup,20250718T144500Z,2025-07-18
CVX,gdelt,Chevron Closes Megadeal for Hess After Winning Exxon Arbitration -- Commodities Roundup,20250718T144500Z,2025-07-18
XOM,gdelt,"Indonesia , U . S . companies including Pertamina , Exxon to sign billion deal",20250707T094500Z,2025-07-07
HAL,gdelt,Halliburton Shrinks Workforce as Oil Activity Plummets,20250908T100000Z,2025-09-08
XOM,gdelt,"Exxon , Chevron bullish on China LNG market even if Russia adds another pipeline XOM NYSE",20250910T020000Z,2025-09-10
CVX,gdelt,"Exxon , Chevron bullish on China LNG market even if Russia adds another pipeline XOM NYSE",20250910T020000Z,2025-09-10
CVX,gdelt,Chevron beats Wall Street profit estimates with record production,20250801T121500Z,2025-08-01
EOG,gdelt,"Legacy Financial Advisors Inc . Has , 000 Position in EOG Resources , Inc .",20250820T153000Z,2025-08-20
EOG,gdelt,"EOG Resources , Inc . Shares Sold by Harbor Capital Advisors Inc .",20250921T080000Z,2025-09-21
XOM,gdelt,Chevron beat Exxon in a oil deal what happened behind closed doors ?,20250718T151500Z,2025-07-18
CVX,gdelt,Chevron beat Exxon in a oil deal what happened behind closed doors ?,20250718T151500Z,2025-07-18
HAL,gdelt,"Halliburton reduces workforce as oil activity slumps , sources say Oil Gas 360",20250905T233000Z,2025-09-06
EOG,gdelt,"TKG Advisors LLC Cuts Stock Position in EOG Resources , Inc . NYSE EOG",20250703T173000Z,2025-07-04
XOM,gdelt,"Exxon , Chevron profits to drop to lowest point since pandemic , analysts say",20250801T070000Z,2025-08-01
CVX,gdelt,"Exxon , Chevron profits to drop to lowest point since pandemic , analysts say",20250801T070000Z,2025-08-01
HAL,gdelt,Mizuho 25 More Years of Oil Shale Wells Left to Drill,20250722T061500Z,2025-07-22
CVX,gdelt,Chevron Corporation CVX Competing for Libya First Oil and Gas Exploration Tender,20250706T230000Z,2025-07-07
EOG,gdelt,"EOG Resources , Inc . Shares Bought by Phillips Wealth Planners LLC",20250920T164500Z,2025-09-21
HAL,gdelt,Detailed Report on the Oil Shale Market with Forecast Growth to 2029,20251116T221500Z,2025-11-17
XOM,gdelt,"Norris R . McDonald Venezuela , Exxon , and God King Trump militarisation of greed ! Commentary",20251029T054500Z,2025-10-29
XOM,gdelt,Exxon Mobil slashes 2000 jobs globally in restructuring move,20250930T184500Z,2025-10-01
COP,gdelt,What Every ConocoPhillips Investor Should Know Before Buying,20251124T210000Z,2025-11-25
XOM,gdelt,"Chevron , Exxon plan to keep boosting oil production , even as crude gets cheaper . What gives ?",20251116T230000Z,2025-11-17
CVX,gdelt,"Chevron , Exxon plan to keep boosting oil production , even as crude gets cheaper . What gives ?",20251116T230000Z,2025-11-17
COP,gdelt,ConocoPhillips Plunges Amidst OPEC Output Hike Speculation and EPS Decline,20250929T213000Z,2025-09-30
COP,gdelt,Is ConocoPhillips a GARP Stock Opportunity for 2025 and Beyond,20251103T090000Z,2025-11-03
XOM,gdelt,"Exxon to cut 2 , 000 workers as oil sector job losses mount",20250930T113000Z,2025-09-30
DVN,gdelt,Devon Energy Appoints Brent J . Smolik to Board of,20251002T111500Z,2025-10-02
HAL,gdelt,Halliburton Appoints Timothy A . Leach To Board Of Directors,20251204T084500Z,2025-12-04
CVX,gdelt,1 Stock Id Buy Before Chevron in 2026,20251221T184500Z,2025-12-22
CVX,gdelt,1 Stock Id Buy Before Chevron in 2026 The Motley Fool,20251221T184500Z,2025-12-22
OXY,gdelt,"If You Own Occidental Petroleum Stock , Take A Look At This Instead",20251222T083000Z,2025-12-22
XOM,gdelt,"Exxon to Cut 2 , 000 Jobs in Global Restructuring",20250930T164500Z,2025-10-01
OXY,gdelt,Higher Output Lifts Oxy Quarterly Profit,20251111T100000Z,2025-11-11
XOM,gdelt,Exxon Mobil Strategic Reshaping A New Chapter in Energy Efficiency and Commodity Outlook,20251006T163000Z,2025-10-07
XOM,gdelt,"Exxon to cut 2 , 000 jobs in global restructuring",20251001T003000Z,2025-10-01
HAL,gdelt,Halliburton appoints longtime shale executive Tim Leach to board Oil Gas 360,20251202T233000Z,2025-12-03
XOM,gdelt,"Chevron , Exxon profits keep falling , but beat expectations as production hits records",20251031T183000Z,2025-11-01
CVX,gdelt,"Chevron , Exxon profits keep falling , but beat expectations as production hits records",20251031T183000Z,2025-11-01
XOM,gdelt,Better Buy for 2026 ExxonMobil or Chevron ?,20251207T173000Z,2025-12-08
CVX,gdelt,Better Buy for 2026 ExxonMobil or Chevron ?,20251207T173000Z,2025-12-08
XOM,gdelt,"Exxon Mobil to axe 2 , 000 jobs worldwide",20251001T114500Z,2025-10-01
XOM,gdelt,"Exxon Mobil to cut 2 , 000 jobs amid global restructuring",20250930T143000Z,2025-09-30
XOM,gdelt,Exxon and Chevron hike oil production despite global glut and see more frontier exploration as U . S . shale boom slows,20251101T003000Z,2025-11-01
CVX,gdelt,Exxon and Chevron hike oil production despite global glut and see more frontier exploration as U . S . shale boom slows,20251101T003000Z,2025-11-01
HAL,gdelt,Exxon and Chevron hike oil production despite global glut and see more frontier exploration as U . S . shale boom slows,20251101T003000Z,2025-11-01
XOM,gdelt,"Exxon to cut 2 , 000 jobs in restructuring hitting Canada and EU",20251003T071500Z,2025-10-03
XOM,gdelt,"Meta , Marathon Petroleum , Exxon Mobil And An Industrial Stock On CNBC Final Trade - Meta Platforms NASDAQ META , Joby Aviation NYSE JOBY",20251110T144500Z,2025-11-10
MPC,gdelt,"Meta , Marathon Petroleum , Exxon Mobil And An Industrial Stock On CNBC Final Trade - Meta Platforms NASDAQ META , Joby Aviation NYSE JOBY",20251110T144500Z,2025-11-10
CVX,gdelt,Chevron says it expects upside to current estimated oil resource in Guyana,20251115T063000Z,2025-11-15
XOM,gdelt,Exxon and Chevron Top Estimates With Oil Output Increases,20251031T161500Z,2025-11-01
CVX,gdelt,Exxon and Chevron Top Estimates With Oil Output Increases,20251031T161500Z,2025-11-01
COP,gdelt,1 High - Yield Dividend Stock Id Buy Before ConocoPhillips in 2026,20251219T233000Z,2025-12-20
XOM,gdelt,Exxon and Chevron boost output despite forecasts of falling oil prices,20251031T183000Z,2025-11-01
CVX,gdelt,Exxon and Chevron boost output despite forecasts of falling oil prices,20251031T183000Z,2025-11-01
HAL,gdelt,U . S . O G Turns Attention to Doubling Recovery Rates for Shale Wells,20251218T174500Z,2025-12-19
CVX,gdelt,"Chevron , Halliburton develop new intelligent fracturing process",20250929T194500Z,2025-09-30
HAL,gdelt,"Chevron , Halliburton develop new intelligent fracturing process",20250929T194500Z,2025-09-30
XOM,gdelt,"Exxon to cut 2 , 000 jobs as oil sector workforce reductions accelerate",20250930T143000Z,2025-09-30
XOM,gdelt,"Exxon to cut 2 , 000 jobs as oil sector workforce reductions accelerate Oil Gas 360",20251001T203000Z,2025-10-02
EOG,gdelt,"Mizuho Reiterates Its Neutral Rating and . 00 Price Target on EOG Resources , Inc . EOG",20251008T144500Z,2025-10-08
EOG,gdelt,UBS Anticipates Robust 2026 for EOG Resources EOG Driven by Improved Pricing and Cost Efficiency,20251221T023000Z,2025-12-21
CVX,gdelt,Jim Cramer Highlights Chevron as One of the Laggards Linked to the Price of Crude,20251027T163000Z,2025-10-28
XOM,gdelt,Exxon Mobil Closes Gap as Chevron Reports Quarterly Profit Decline,20251031T134500Z,2025-10-31
CVX,gdelt,Exxon Mobil Closes Gap as Chevron Reports Quarterly Profit Decline,20251031T134500Z,2025-10-31
HAL,gdelt,Oil supply balance could flip in the not - too - distant future US shale CEO,20251107T223000Z,2025-11-08
CVX,gdelt,World - class and profitable ! Chevron touts Guyana Stabroek Block as global oil goldmine,20251114T064500Z,2025-11-14
XOM,gdelt,Exxon Joins Chevron In Race For Lukoil International Assets,20251119T091500Z,2025-11-19
CVX,gdelt,Exxon Joins Chevron In Race For Lukoil International Assets,20251119T091500Z,2025-11-19
CVX,gdelt,Chevron expects up to US million quarterly impact from Hess deal,20250926T063000Z,2025-09-26
XOM,gdelt,"Exclusive - Exxon in talks with Iraq about buying Lukoil stake in giant West Qurna 2 oilfield , sources say",20251202T154500Z,2025-12-02
CVX,gdelt,Chevron Hess Acquisition Boosts Q3 Output Beyond Expectations,20251101T173000Z,2025-11-02
CVX,gdelt,Chevron Hess Acquisition Boosts Q3 Output Beyond Expectations,20251031T201500Z,2025-11-01
XOM,gdelt,Lukoil suitor list grows to include Exxon - Bloomberg XOM NYSE,20251118T191500Z,2025-11-19
EOG,gdelt,"Barclays Lowers EOG Resources EOG PT to , Cites Broader Oil and E P Sector Cuts",20251014T220000Z,2025-10-15
COP,gdelt,ConocoPhillips Defies Headwinds Dividend Soars Amidst Q3 2023 Earnings Dip,20251106T170000Z,2025-11-07
COP,gdelt,ConocoPhillips Boosts Dividend After Strong Third Quarter Earnings Beat,20251107T230000Z,2025-11-08
COP,gdelt,ConocoPhillips Boosts Dividend After Strong Third Quarter Earnings Beat,20251106T173000Z,2025-11-07
XOM,gdelt,"Majnoon Oilfield Agreement Iraq to sign agreement with Exxon for Majnoon oilfield , ETAuto",20251008T140000Z,2025-10-08
XOM,gdelt,"Iraq , Exxon to sign Majnoon oilfield agreement Wednesday , sources say",20251008T224500Z,2025-10-09
EOG,gdelt,Strong Cash Flow to Support EOG Resource EOG Robust Pipeline Amid Oil Supply Headwinds RBC Capital Remains Bullish,20251124T160000Z,2025-11-25
XOM,gdelt,"Exxon joins Chevron in pursuing parts of Lukoil global empire , sources say",20251121T074500Z,2025-11-21
CVX,gdelt,"Exxon joins Chevron in pursuing parts of Lukoil global empire , sources say",20251121T074500Z,2025-11-21
CVX,gdelt,"Chevron expects Hess acquisition to outperform targets , CEO tells employees",20251009T063000Z,2025-10-09
CVX,gdelt,Chevron Eyes Lukoil Assets,20251117T173000Z,2025-11-18
XOM,gdelt,Exxon Mobil Boosts Q2 Performance While Acquiring Superior Graphite and Strengthening Dividend,20250925T120000Z,2025-09-25
EOG,gdelt,"Valeo Financial Advisors LLC Boosts Holdings in EOG Resources , Inc .",20251009T093000Z,2025-10-09
EOG,gdelt,"Eads Heald Wealth Management Decreases Stake in EOG Resources , Inc .",20251006T151500Z,2025-10-06
EOG,gdelt,"Oppenheimer Asset Management Inc . Acquires 5 , 611 Shares of EOG Resources , Inc .",20251027T114500Z,2025-10-27
CVX,gdelt,"Total and Chevron lead race to buy into Galp Namibia oil discovery , sources say",20251120T091500Z,2025-11-20
XOM,gdelt,"Exxon Has Approached Iraq to Buy Lukoil Stake in Giant West Qurna 2 Oil Field , Sources Tell Reuters",20251202T154500Z,2025-12-02
XOM,gdelt,"Exxon Mobil To Cut 2 , 000 Jobs Worldwide In Long - Term Restructuring Drive Reports",20250930T154500Z,2025-09-30
EOG,gdelt,"Aware Super Pty Ltd as trustee of Aware Super Purchases 6 , 613 Shares of EOG Resources , Inc .",20251016T121500Z,2025-10-16
EOG,gdelt,"Renasant Bank Acquires 5 , 962 Shares of EOG Resources , Inc .",20251112T134500Z,2025-11-12
EOG,gdelt,Head - To - Head Review EOG Resources NYSE EOG and AER Energy Resources OTCMKTS AERN,20251114T161500Z,2025-11-15
EOG,gdelt,"Following a Strong Second Quarter , EOG Completes the Encino Acquisition",20250925T120000Z,2025-09-25
XOM,gdelt,Why ExxonMobil Rallied Today The Motley Fool,20251209T203000Z,2025-12-10
XOM,gdelt,Exxon posts strong quarterly earnings with production in Guyana and the Permian Basin picking up,20251031T130000Z,2025-10-31
EOG,gdelt,"Woodley Farra Manion Portfolio Management Inc . Reduces Stock Position in EOG Resources , Inc .",20251115T154500Z,2025-11-15
EOG,gdelt,"Olistico Wealth LLC Sells 1 , 898 Shares of EOG Resources , Inc .",20251005T121500Z,2025-10-05
EOG,gdelt,"EOG Resources , Inc . Shares Purchased by Bank of Jackson Hole Trust",20251029T101500Z,2025-10-29
DVN,gdelt,Is Devon Energy Stock Outperforming the Dow ?,20251207T083000Z,2025-12-07
EOG,gdelt,"Bridges Investment Management Inc . Sells 700 Shares of EOG Resources , Inc .",20251016T140000Z,2025-10-16
CVX,gdelt,Chevron Hess Megadeal Is Quickly Paying Off,20251103T230000Z,2025-11-04
EOG,gdelt,Northside Capital Dumps . 1 Million EOG Shares,20251022T031500Z,2025-10-22
EOG,gdelt,"TrueMark Investments LLC Buys New Shares in EOG Resources , Inc .",20251019T130000Z,2025-10-19
EOG,gdelt,Evercore ISI Increases EOG Resources NYSE EOG Price Target to . 00,20251006T151500Z,2025-10-06
EOG,gdelt,"DekaBank Deutsche Girozentrale Has . 64 Million Stock Holdings in EOG Resources , Inc .",20251021T124500Z,2025-10-21
CVX,gdelt,Is Chevron Corporation Stock Underperforming the S P 500 ?,20251129T164500Z,2025-11-30
COP,gdelt,"ConocoPhillips to lay off Canada employees in November , company memo shows",20251024T174500Z,2025-10-25
HAL,gdelt,A New Wave of Merger Mania Is About to Hit the Shale Patch,20251210T213000Z,2025-12-11
EOG,gdelt,"EOG Resources , Inc . Shares Acquired by Affinity Wealth Management LLC",20250925T150000Z,2025-09-25
EOG,gdelt,"Argonautica Private Wealth Management Inc . Grows Stake in EOG Resources , Inc .",20251022T110000Z,2025-10-22
OXY,gdelt,Buffett Berkshire Near Billion Deal For Occidental Chemical Unit,20251001T233000Z,2025-10-02
CVX,gdelt,Chevron Joins Race To Acquire Lukoil Assets,20251118T080000Z,2025-11-18
OXY,gdelt,Occidental Swears Off New Big Deals Post - Berkshire Chemical Sale,20251002T203000Z,2025-10-03
CVX,gdelt,Chevron Prioritizes Returns Over Aggressive Growth in Permian Amid Industry Capital Discipline,20251031T191500Z,2025-11-01
CVX,gdelt,Chevron Flags Million Hit From Hess Megadeal,20250925T233000Z,2025-09-26
EOG,gdelt,Here What Analyst Think About EOG Resources EOG,20251218T123000Z,2025-12-18
XOM,gdelt,What Dividend Investors Can Learn from Exxon Mobil Corporation XOM Track Record,20251003T060000Z,2025-10-03
EOG,gdelt,FY2025 EPS Estimates for EOG Resources Increased by Analyst,20251202T071500Z,2025-12-02
EOG,gdelt,"EOG Resources , Inc . Stock Holdings Raised by Railway Pension Investments Ltd",20251130T140000Z,2025-11-30
EOG,gdelt,"Virtus Investment Advisers LLC Sells 10 , 799 Shares of EOG Resources , Inc .",20251130T144500Z,2025-11-30
EOG,gdelt,"EOG Resources , Inc . Shares Sold by HB Wealth Management LLC",20251003T090000Z,2025-10-03
EOG,gdelt,"Soltis Investment Advisors LLC Purchases 507 Shares of EOG Resources , Inc .",20251108T113000Z,2025-11-08
COP,gdelt,"ConocoPhillips sends layoff notifications to some North Slope workers , part of global reduction",20251002T053000Z,2025-10-02
EOG,gdelt,"River Road Asset Management LLC Acquires 9 , 999 Shares of EOG Resources , Inc .",20251202T124500Z,2025-12-02
CVX,gdelt,Chevron Moves Ahead With Billion Expansion at Gorgon LNG,20251205T093000Z,2025-12-05
EOG,gdelt,"EOG Resources , Inc . NYSE EOG Receives . 76 Consensus Target Price from Analysts",20251105T084500Z,2025-11-05
OXY,gdelt,Berkshire Hathaway in Talks to Buy Occidental Chemicals Business,20251001T064500Z,2025-10-01
EOG,gdelt,"Robeco Institutional Asset Management B . V . Buys 132 , 292 Shares of EOG Resources , Inc .",20251003T151500Z,2025-10-03
XOM,gdelt,ExxonMobil Expands Exploration Footprint Offshore Greece,20251106T134500Z,2025-11-06
XOM,gdelt,Iraq signs agreement with ExxonMobil for Majnoon oilfield development,20251010T211500Z,2025-10-11
EOG,gdelt,"1 , 948 Shares in EOG Resources , Inc . Acquired by Patton Fund Management Inc .",20250929T093000Z,2025-09-29
EOG,gdelt,"EOG Resources , Inc . Shares Sold by Cromwell Holdings LLC",20251003T144500Z,2025-10-03
XOM,gdelt,ExxonMobil joins gas exploration project off Greece,20251106T100000Z,2025-11-06
EOG,gdelt,"RBA Wealth Management LLC Increases Stock Position in EOG Resources , Inc .",20250928T143000Z,2025-09-28
EOG,gdelt,"State Street Corp Sells 735 , 322 Shares of EOG Resources , Inc .",20251210T120000Z,2025-12-10
EOG,gdelt,Morgan Stanley Forecasts Strong Price Appreciation for EOG Resources NYSE EOG Stock,20251122T144500Z,2025-11-22
EOG,gdelt,"Legacy Capital Wealth Partners LLC Cuts Stake in EOG Resources , Inc .",20251129T134500Z,2025-11-29
EOG,gdelt,Zacks Research Reduces Earnings Estimates for EOG Resources,20251125T073000Z,2025-11-25
XOM,gdelt,"Exxon Mobil to cut 2 , 000 jobs in global workforce restructuring move",20250930T190000Z,2025-10-01
OXY,gdelt,Occidental Weighs a Billion Sale of Its Petrochemicals Division,20250929T081500Z,2025-09-29
XOM,gdelt,Iraq signs deal with Exxon to help develop large oilfield,20251009T063000Z,2025-10-09
EOG,gdelt,"Wall Street Has a Mixed Opinion on EOG Resources EOG , Here Why",20251128T194500Z,2025-11-29
EOG,gdelt,"Elevation Point Wealth Partners LLC Buys 3 , 076 Shares of EOG Resources , Inc .",20251128T121500Z,2025-11-28
EOG,gdelt,"Ontario Teachers Pension Plan Board Boosts Stake in EOG Resources , Inc .",20251116T134500Z,2025-11-16
EOG,gdelt,"LSV Asset Management Acquires 28 , 344 Shares of EOG Resources , Inc .",20251118T124500Z,2025-11-18
COP,gdelt,ConocoPhilips leads surge in US energy stocks as Iran war breaks out,20260304T030000Z,2026-03-04
COP,gdelt,ConocoPhilips leads surge in US energy stocks as Iran war breaks out,20260302T154500Z,2026-03-02
DVN,gdelt,Devon Coterra Merger Bets On Scale Dividend Growth And Buybacks,20260215T114500Z,2026-02-15
XOM,gdelt,Trump May Freeze Exxon Out Of Venezuela After CEO Darren Woods Called It Uninvestable,20260112T203000Z,2026-01-13
COP,gdelt,Better Dividend Stock ConocoPhillips vs . EOG Resources,20260324T150000Z,2026-03-24
EOG,gdelt,Better Dividend Stock ConocoPhillips vs . EOG Resources,20260324T150000Z,2026-03-24
DVN,gdelt,Coterra Energy CTRA and Devon Energy DVN to Merge in an All - Stock Deal Worth Billion,20260207T101500Z,2026-02-07
XOM,gdelt,Trump Considers Locking Exxon Out of Venezuela . Investors Should Rejoice .,20260114T233000Z,2026-01-15
HAL,gdelt,FinancialContent - The Rise of the Super - Independent Devon and Coterra Billion Merger Reshapes the Shale Landscape,20260213T223000Z,2026-02-14
DVN,gdelt,FinancialContent - The Rise of the Super - Independent Devon and Coterra Billion Merger Reshapes the Shale Landscape,20260213T223000Z,2026-02-14
XOM,gdelt,Exxon Mobil still interested in Venezuela visit despite Trump rebuke,20260113T033000Z,2026-01-13
XOM,gdelt,Trump says he might keep Exxon out of Venezuela after CEO called it uninvestable,20260112T084500Z,2026-01-12
HAL,gdelt,FinancialContent - The Birth of a Billion Shale Titan Devon and Coterra Reshape the Delaware Basin,20260213T193000Z,2026-02-14
DVN,gdelt,FinancialContent - The Birth of a Billion Shale Titan Devon and Coterra Reshape the Delaware Basin,20260213T193000Z,2026-02-14
XOM,gdelt,"Jim Cramer Says Oil Sell - Off Is Green Light For New Bull Market Even As Exxon Mobil , ConocoPhillips Shares Slide",20260308T170000Z,2026-03-09
COP,gdelt,"Jim Cramer Says Oil Sell - Off Is Green Light For New Bull Market Even As Exxon Mobil , ConocoPhillips Shares Slide",20260308T170000Z,2026-03-09
XOM,gdelt,Donald Trump consider barring Exxon from Venezuela,20260112T093000Z,2026-01-12
XOM,gdelt,"Exxon , Chevron and other US oil and gas producers and refiners hit all - time highs amid Iran war",20260312T210000Z,2026-03-13
CVX,gdelt,"Exxon , Chevron and other US oil and gas producers and refiners hit all - time highs amid Iran war",20260312T210000Z,2026-03-13
XOM,gdelt,Exxon studies Venezuela return as Chevron plots immediate production bump,20260112T121500Z,2026-01-12
CVX,gdelt,Exxon studies Venezuela return as Chevron plots immediate production bump,20260112T121500Z,2026-01-12
XOM,gdelt,Trump threatens to block ExxonMobil from Venezuela after CEO calls country uninvestable Trump administration,20260112T034500Z,2026-01-12
XOM,gdelt,"Jim Cramer Oil Sell - Off Signals New Bull Market Despite Exxon , ConocoPhillips Drop",20260309T030000Z,2026-03-09
COP,gdelt,"Jim Cramer Oil Sell - Off Signals New Bull Market Despite Exxon , ConocoPhillips Drop",20260309T030000Z,2026-03-09
XOM,gdelt,Trump urges in oil investments in Venezuela as Exxon says it uninvestable without reforms,20260110T044500Z,2026-01-10
HAL,gdelt,"I Like Halliburton HAL , Says Jim Cramer",20260111T014500Z,2026-01-11
HAL,gdelt,BP Goes Big on Shale Oil Drilling,20260226T214500Z,2026-02-27
EOG,gdelt,Is EOG Resources Stock Underperforming the Dow ?,20260303T211500Z,2026-03-04
MPC,gdelt,Marathon Petroleum to Reap a Windfall on Venezuela Oil Boom,20260107T023000Z,2026-01-07
CVX,gdelt,"FinancialContent - Energy Giants Propel Dow to Historic 49 , 000 Milestone as Chevron Leads Sector Surge",20260106T153000Z,2026-01-06
XOM,gdelt,U . S . oil stocks rally Venezuela opens new door Why are Chevron and Exxon Mobil stock jumping today - U . S . oil stocks add over billion on Venezuela oil shock,20260105T123000Z,2026-01-05
CVX,gdelt,U . S . oil stocks rally Venezuela opens new door Why are Chevron and Exxon Mobil stock jumping today - U . S . oil stocks add over billion on Venezuela oil shock,20260105T123000Z,2026-01-05
CVX,gdelt,Chevron vs ConocoPhillips Which Is the Better Buy as Energy Sector Crushes the Market ?,20260218T230000Z,2026-02-19
COP,gdelt,Chevron vs ConocoPhillips Which Is the Better Buy as Energy Sector Crushes the Market ?,20260218T230000Z,2026-02-19
CVX,gdelt,Better Oil Stock Chevron vs . Occidental Petroleum,20260322T220000Z,2026-03-23
OXY,gdelt,Better Oil Stock Chevron vs . Occidental Petroleum,20260322T220000Z,2026-03-23
XOM,gdelt,US - Venezuela conflict Chevron to ExxonMobil these 5 American oil stocks to benefit,20260105T071500Z,2026-01-05
CVX,gdelt,US - Venezuela conflict Chevron to ExxonMobil these 5 American oil stocks to benefit,20260105T071500Z,2026-01-05
COP,gdelt,ConocoPhillips close to settlement with state of Louisiana over coastal marsh damage,20260306T001500Z,2026-03-06
XOM,gdelt,"Chevron , Exxon , ConocoPhillips Stocks Soar See Which Congress Members Hold Shares",20260303T210000Z,2026-03-04
CVX,gdelt,"Chevron , Exxon , ConocoPhillips Stocks Soar See Which Congress Members Hold Shares",20260303T210000Z,2026-03-04
COP,gdelt,"Chevron , Exxon , ConocoPhillips Stocks Soar See Which Congress Members Hold Shares",20260303T210000Z,2026-03-04
XOM,gdelt,Exxon stock Trump admin has not consulted U . S . oil majors,20260105T194500Z,2026-01-06
CVX,gdelt,"Stocks making the biggest moves premarket DAL , CCL , CVX",20260323T130000Z,2026-03-23
XOM,gdelt,When Oil Falls but Exxon and Chevron Dont,20260117T061500Z,2026-01-17
CVX,gdelt,When Oil Falls but Exxon and Chevron Dont,20260117T061500Z,2026-01-17
CVX,gdelt,FinancialContent - The Disciplined Giant A Comprehensive Research Feature on Chevron Corporation NYSE CVX,20260320T141500Z,2026-03-20
XOM,gdelt,exxon stock Trump admin has not consulted U . S . oil majors,20260105T184500Z,2026-01-06
XOM,gdelt,Exxon Moves Forward With Venezuela Oil Review After Trump Rebuke - Exxon Mobil NYSE XOM,20260113T101500Z,2026-01-13
XOM,gdelt,Exxon Mobil still interested in Venezuela visit despite Trump rebuke Hellenic Shipping News Worldwide,20260113T190000Z,2026-01-14
XOM,gdelt,"Happening Today Trump Meeting With US Oil Execs From Exxon , Shell , Others , To Discuss Venezuela",20260109T164500Z,2026-01-10
CVX,gdelt,Chevron in talks with US to expand Venezuela operating license,20260108T000000Z,2026-01-08
XOM,gdelt,FinancialContent - Exxon Mobil The Resurgence of the American Energy Titan,20260320T141500Z,2026-03-20
XOM,gdelt,ExxonMobil Permian Push Here What Investors Should Know,20260207T143000Z,2026-02-07
XOM,gdelt,FinancialContent - ExxonMobil XOM in 2026 Navigating the Trump Venezuela Ban and the Future of Energy,20260113T154500Z,2026-01-13
XOM,gdelt,"Exxon , Conoco Venezuela claims not immediate priority Energy Secretary",20260107T210000Z,2026-01-08
COP,gdelt,"Exxon , Conoco Venezuela claims not immediate priority Energy Secretary",20260107T210000Z,2026-01-08
XOM,gdelt,"Exxon , Chevron report annual profit declines as oil prices weigh on industry giants",20260201T041500Z,2026-02-01
CVX,gdelt,"Exxon , Chevron report annual profit declines as oil prices weigh on industry giants",20260201T041500Z,2026-02-01
COP,gdelt,US eases sanctions to give oil majors broad scope to operate in,20260214T003000Z,2026-02-14
XOM,gdelt,FinancialContent - The Energy Sector Unstoppable Rise Why XLE and Exxon Mobil are Dominating 2026,20260316T220000Z,2026-03-17
CVX,gdelt,Chevron risky bet to stay in Venezuela may now give it an advantage,20260106T033000Z,2026-01-06
XOM,gdelt,Exxon and Chevron decline new spending in Venezuela while taking a wait - and - see approach for the years ahead,20260131T003000Z,2026-01-31
CVX,gdelt,Exxon and Chevron decline new spending in Venezuela while taking a wait - and - see approach for the years ahead,20260131T003000Z,2026-01-31
CVX,gdelt,Oil giant Chevron in talks with Trump administration to expand Venezuela operating license,20260108T104500Z,2026-01-08
CVX,gdelt,"CERAWEEK US shale oil production seen to plateau , Chevron CEO says Hellenic Shipping News Worldwide",20260326T130000Z,2026-03-26
HAL,gdelt,"CERAWEEK US shale oil production seen to plateau , Chevron CEO says Hellenic Shipping News Worldwide",20260326T130000Z,2026-03-26
COP,gdelt,ConocoPhillips vs . EOG 1 of These Energy Stocks Is Cheaper and Pays You More . Which One ?,20260412T050000Z,2026-04-12
EOG,gdelt,ConocoPhillips vs . EOG 1 of These Energy Stocks Is Cheaper and Pays You More . Which One ?,20260412T050000Z,2026-04-12
COP,gdelt,Better Dividend Stock ConocoPhillips vs . EOG Resources,20260326T014500Z,2026-03-26
EOG,gdelt,Better Dividend Stock ConocoPhillips vs . EOG Resources,20260326T014500Z,2026-03-26
XOM,gdelt,FinancialContent - Energy New Era Why Exxon and Chevron Have Reclaimed the Safe - Haven Crown in 2026,20260331T220000Z,2026-04-01
CVX,gdelt,FinancialContent - Energy New Era Why Exxon and Chevron Have Reclaimed the Safe - Haven Crown in 2026,20260331T220000Z,2026-04-01
XOM,gdelt,"Stocks making the biggest moves premarket XOM , CCL , DAL , GM and more",20260402T140000Z,2026-04-02
CVX,gdelt,Venezuela to grant new oil fields to Chevron as Caracas seeks to raise output Report,20260413T221500Z,2026-04-14
OXY,gdelt,Occidental Petroleum Stock Rocketed 38 in 2026 But the Big Move Came in March,20260422T173000Z,2026-04-23
CVX,gdelt,Chevron finds oil at Gulf of Mexico Bandit prospect,20260410T083000Z,2026-04-10
XOM,gdelt,FinancialContent - The New Energy King A Deep Dive into ExxonMobil XOM 2026 Dominance,20260401T143000Z,2026-04-01
XOM,gdelt,FinancialContent - The 2024 Geopolitical Whiplash Lessons from the Exxon and Chevron Pullbacks,20260409T191500Z,2026-04-10
CVX,gdelt,FinancialContent - The 2024 Geopolitical Whiplash Lessons from the Exxon and Chevron Pullbacks,20260409T191500Z,2026-04-10
CVX,gdelt,Chevron confirms new oil discovery,20260411T080000Z,2026-04-11
COP,gdelt,Who is Ryan Lance ? He ConocoPhillips Man with Too Much Power - National Legal And Policy Center,20260402T230000Z,2026-04-03
CVX,gdelt,Chevron vs . ConocoPhillips Only One of These Energy Dividends Is Safe to Hold Forever,20260414T174500Z,2026-04-15
COP,gdelt,Chevron vs . ConocoPhillips Only One of These Energy Dividends Is Safe to Hold Forever,20260414T174500Z,2026-04-15
XOM,gdelt,Exxon Stock and Chevron Stock Are Up 20 YTD Why the Long Oil Trade Is Stalling Out,20260424T180000Z,2026-04-25
CVX,gdelt,Exxon Stock and Chevron Stock Are Up 20 YTD Why the Long Oil Trade Is Stalling Out,20260424T180000Z,2026-04-25
CVX,gdelt,Chevron consolidates its position as Venezuela largest private oil producer International,20260414T194500Z,2026-04-15
XOM,gdelt,"Jim Cramer Says Exxon Mobil Fine , But Chevron a Better Company",20260414T184500Z,2026-04-15
CVX,gdelt,"Jim Cramer Says Exxon Mobil Fine , But Chevron a Better Company",20260414T184500Z,2026-04-15
CVX,gdelt,"Republican Representative Backs Iran War , Then Cashes Out Chevron Stock At All - Time High - Chevron NYSE CVX , Marathon Petroleum NYSE MPC",20260327T190000Z,2026-03-28
MPC,gdelt,"Republican Representative Backs Iran War , Then Cashes Out Chevron Stock At All - Time High - Chevron NYSE CVX , Marathon Petroleum NYSE MPC",20260327T190000Z,2026-03-28
HAL,gdelt,FinancialContent - The Shale Supermajor Devon and Coterra Billion Tie - Up Signals the Era of Efficiency and AI Power,20260415T161500Z,2026-04-16
DVN,gdelt,FinancialContent - The Shale Supermajor Devon and Coterra Billion Tie - Up Signals the Era of Efficiency and AI Power,20260415T161500Z,2026-04-16
XOM,gdelt,"Exxon Mobil in talks to sell Hong Kong fuel station network , sources say",20260422T143000Z,2026-04-22
EOG,gdelt,Here How Much You Would Have Made Owning EOG Resources Stock In The Last 5 Years - EOG Resources NYSE,20260331T231500Z,2026-04-01
EOG,gdelt,EOG Resources EOG Gained from an Elite Track Record in Exploration and Development,20260416T221500Z,2026-04-17
OXY,gdelt,UBS Raises its Price Target on Occidental Petroleum OXY to,20260423T081500Z,2026-04-23
OXY,gdelt,UBS Raises its Price Target on Occidental Petroleum OXY to,20260424T144500Z,2026-04-24
OXY,gdelt,"Stocks making the biggest moves premarket STZ , DDOG , OXY , CCL",20260409T121500Z,2026-04-09
HAL,gdelt,FinancialContent - The Billion Shale Marriage Devon and Coterra Reshape the American Energy Landscape,20260330T163000Z,2026-03-31
DVN,gdelt,FinancialContent - The Billion Shale Marriage Devon and Coterra Reshape the American Energy Landscape,20260330T163000Z,2026-03-31
XOM,gdelt,Citi Raises Exxon Mobil XOM Price Target on Middle East - Driven Energy Repricing,20260407T201500Z,2026-04-08
OXY,gdelt,Occidental Petroleum Is Crushing the Market in 2026 . Is It the Smartest Buy Right Now ?,20260417T101500Z,2026-04-17
CVX,gdelt,"Jim Cramer Says If Youre Doing Offshore Drilling , Just Go Buy Chevron",20260414T190000Z,2026-04-15
CVX,gdelt,CHEVRON - Chevron confirms oil discovery at ...,20260413T111500Z,2026-04-13
EOG,gdelt,EOG Resources NYSE EOG Price Target Raised to . 00,20260402T073000Z,2026-04-02
CVX,gdelt,"Chevron , Partners Find Oil In Gulf Deepwater Bandit Well - Chevron NYSE CVX",20260409T174500Z,2026-04-10
EOG,gdelt,EOG Resources NYSE EOG Price Target Raised to . 00,20260404T084500Z,2026-04-04
XOM,gdelt,"ExxonMobil Upgraded , Microsoft Downgraded Updated Rankings on Top Blue - Chip Stocks",20260331T140000Z,2026-03-31
XOM,gdelt,"Global markets live Exxon Mobil , Chevron , Oxy , Amazon , Tesla",20260409T161500Z,2026-04-10
CVX,gdelt,"Global markets live Exxon Mobil , Chevron , Oxy , Amazon , Tesla",20260409T161500Z,2026-04-10
OXY,gdelt,"Global markets live Exxon Mobil , Chevron , Oxy , Amazon , Tesla",20260409T161500Z,2026-04-10
OXY,gdelt,GoM Occidental Announces Gulf of America Oil Discovery at Bandit,20260410T080000Z,2026-04-10
EOG,gdelt,Investment Analyst Weekly Ratings Updates for EOG Resources EOG,20260326T230000Z,2026-03-27
EOG,gdelt,"EOG Resources , Inc . EOG to Issue Quarterly Dividend of . 02 on April 30th",20260414T123000Z,2026-04-14
EOG,gdelt,EOG Resources NYSE EOG Price Target Raised to . 00,20260416T074500Z,2026-04-16
CVX,gdelt,Chevron united states Inc V Plaquemines Supreme Court Win Reopens a Louisiana Coastal Fight,20260417T173000Z,2026-04-18
OXY,gdelt,"Oxy CEO Vicki Hollub , first woman to lead a major U . S . oil company , reportedly stepping down",20260327T024500Z,2026-03-27
CVX,gdelt,Chevron files motion to dismiss lawsuit claiming it manipulated gas prices,20260401T170000Z,2026-04-02
CVX,gdelt,US Supreme Court sides with Chevron in environmental case,20260417T203000Z,2026-04-18
XOM,gdelt,"Morgan Stanley Trims Exxon Mobil XOM Target Ahead of Q1 , Sees Limited Upside in Energy Prices",20260418T031500Z,2026-04-18
CVX,gdelt,Chevron expands stake in key Venezuelan oil region with new deal,20260414T194500Z,2026-04-15
OXY,gdelt,Occidental discovers oil at Bandit prospect in U . S . Gulf Oil Gas 360,20260409T211500Z,2026-04-10
HAL,gdelt,Wood Mackenzie Six - country international shale priority list for energy security as Middle East conflict drives supply diversification,20260416T091500Z,2026-04-16
CVX,gdelt,Did Chevron Big Acquisition Happen at the Perfect Time ?,20260416T211500Z,2026-04-17
CVX,gdelt,Chevron Scores Supreme Court Win in Louisiana Wetlands Case,20260417T230000Z,2026-04-18
OXY,gdelt,"Occidental Hollub , US oil most powerful woman , prepares to hand over reins , sources say Oil Gas 360",20260327T194500Z,2026-03-28
CVX,gdelt,Microsoft and Chevron enter exclusivity deal on powering West Texas data center complex,20260401T201500Z,2026-04-02
OXY,gdelt,Occidental Announces Gulf of America Oil Discovery at Bandit,20260411T131500Z,2026-04-11
CVX,gdelt,Chevron Supreme Court win offers oil industry easier path to friendlier courts,20260417T193000Z,2026-04-18
CVX,gdelt,Chevron Supreme Court win offers oil industry easier path to friendlier courts,20260421T011500Z,2026-04-21
CVX,gdelt,"Supreme Court hands win to Chevron , Big Oil in environmental damage case",20260417T193000Z,2026-04-18
CVX,gdelt,Chevron OKd by justices to fight suit The Arkansas Democrat - Gazette,20260418T103000Z,2026-04-18
DVN,gdelt,Devon Energy NYSE DVN Upgraded to Strong - Buy at Truist Financial,20260325T111500Z,2026-03-25
HAL,gdelt,Halliburton Acquires Sekal From Sumitomo,20260401T131500Z,2026-04-01
EOG,gdelt,EOG Resources Quarterly Earnings Preview What You Need to Know,20260422T203000Z,2026-04-23
MPC,gdelt,Here How Much Invested In Marathon Petroleum 10 Years Ago Would Be Worth Today - Marathon Petroleu,20260410T231500Z,2026-04-11
CVX,gdelt,FinancialContent - The New Energy Fortress A Deep - Dive Research Feature on Chevron CVX in 2026,20260401T143000Z,2026-04-01
HAL,gdelt,Halliburton buys Sekal from Sumitomo to bolster drilling automation,20260402T140000Z,2026-04-02
DVN,gdelt,"Hormuz Closed , Oil At These 7 Stocks Havent Repriced - APA NASDAQ APA , Devon Energy NYSE DVN ,",20260416T154500Z,2026-04-16
XOM,gdelt,FinancialContent - The Modern Supermajor A Deep Dive into ExxonMobil XOM 2026 Outlook,20260407T143000Z,2026-04-07
CVX,gdelt,Chevron OKd by justices to fight suit Northwest Arkansas Democrat - Gazette,20260418T084500Z,2026-04-18
