Ticker,APA,APA,APA,APA,APA,COP,COP,COP,COP,COP,CTRA,CTRA,CTRA,CTRA,CTRA,CVX,CVX,CVX,CVX,CVX,DVN,DVN,DVN,DVN,DVN,EOG,EOG,EOG,EOG,EOG,FANG,FANG,FANG,FANG,FANG,HAL,HAL,HAL,HAL,HAL,MPC,MPC,MPC,MPC,MPC,OXY,OXY,OXY,OXY,OXY,PSX,PSX,PSX,PSX,PSX,SLB,SLB,SLB,SLB,SLB,VLO,VLO,VLO,VLO,VLO,XOM,XOM,XOM,XOM,XOM
Price,Close,High,Low,Open,Volume,Close,High,Low,Open,Volume,Close,High,Low,Open,Volume,Close,High,Low,Open,Volume,Close,High,Low,Open,Volume,Close,High,Low,Open,Volume,Close,High,Low,Open,Volume,Close,High,Low,Open,Volume,Close,High,Low,Open,Volume,Close,High,Low,Open,Volume,Close,High,Low,Open,Volume,Close,High,Low,Open,Volume,Close,High,Low,Open,Volume,Close,High,Low,Open,Volume
Date,,,,,,,,,,,,,,,,,,,,,,,,,,,,,,,,,,,,,,,,,,,,,,,,,,,,,,,,,,,,,,,,,,,,,,
2022-01-03,24.343284606933594,24.412688061971902,23.406337136561998,23.493091869037105,9319700,63.20814514160156,63.37094441556349,61.7086974117473,61.71726751486985,5769900,15.87063217163086,15.951729223040038,15.270516466079085,15.327283938026232,11221300,100.49931335449219,100.86167067998531,98.8392113383777,98.94875883521198,10717700,37.15299606323242,37.31605569913093,35.84852519625213,35.98712386519834,10232500,74.54830932617188,74.59737378840512,72.20129480309008,72.23400652428654,2997400,91.89582061767578,92.38061050069355,88.37085221296982,88.3955013772338,2002000,21.995662689208984,22.050674278495876,21.09713248611325,21.21632455436599,9199200,59.64784240722656,60.18381570330557,58.38511144480568,58.53955065440234,5855800,29.1707706451416,29.217730462934068,27.376946806148705,27.43329679616578,15094100,64.71817016601562,64.81216327956051,62.28290885860431,62.28290885860431,3710300,28.821685791015625,29.048842840313554,27.24067293587054,27.32244961226345,18781000,67.49860382080078,68.43486887214598,66.12483161133486,66.32608784143534,3568200,54.76023864746094,54.81194592759187,52.752189316659056,52.77804624431863,24282400
2022-01-04,25.557844161987305,25.97426651864944,24.81175748466474,24.89851221124888,13218200,65.94998168945312,66.30127739455206,63.64511474204806,63.88502527959306,9189300,16.97355079650879,17.208730577898532,15.984169411440849,16.024718716368614,10825400,102.32795715332031,102.79143972412675,100.83639707592566,101.08077178138207,16413100,38.856964111328125,39.1097067104678,37.60140891834363,37.723704426660504,15536400,77.97476959228516,78.72712036729125,74.9490075141699,75.27611844564449,5716500,97.94332885742188,98.35416497891921,92.6353269199396,93.1036798476921,4505400,23.315956115722656,23.68270300679758,22.66497885387593,22.78417268646723,17741700,61.600975036621094,61.7644936135999,60.00213442928279,60.22924317893063,8469200,31.34964942932129,31.668968939461376,29.499474304450775,29.687309942650852,26692400,67.13633728027344,67.29014358351604,65.33338814971009,65.39320134990723,4484400,30.220975875854492,30.466305933952025,29.194228387619738,29.203313145560283,17954000,68.6973876953125,69.46739802321906,68.13737897032034,68.3998793050057,4171700,56.81999588012695,57.04407172179322,55.242858066994124,55.26871170734248,38584000
2022-01-05,24.638248443603516,26.104398217801613,24.61222318348911,26.026319128040786,9212700,64.81897735595703,67.06386037972801,64.70758563903414,66.815386250606,9034500,16.770811080932617,17.5979984468505,16.76270121889836,17.20062294116205,10201100,102.99365997314453,104.35881481352511,102.86725508034857,103.01051095854802,15487100,38.00090789794922,39.688568630018125,37.927531209159085,39.25646319053411,13786800,76.54367065429688,79.59397143578124,76.50278568414748,79.3241044284805,6632100,97.04772186279297,101.46831685368434,96.39859995334197,99.73458769183912,3375500,23.08673667907715,23.7927254636565,23.05923000932409,23.591013383041293,11741400,61.991607666015625,63.53595145420965,61.85534101840886,62.66385461265978,8747200,29.87514877319336,31.762890265810785,29.83758271408674,31.171209160711598,21157300,66.92272186279297,68.58041139682332,66.52966273476366,67.71738672487295,4196400,30.220975875854492,30.95696605014709,30.20280635997341,30.548082619984534,15846900,68.42610931396484,69.86113210028532,68.11110366078925,69.34487691503176,3999800,57.52668380737305,58.2678520948014,57.29399449629091,57.311228062776145,34033300
2022-01-06,25.696651458740234,25.948238333332014,24.967914438660586,25.471089842552846,7626800,67.25237274169922,67.50942354574539,65.89002047664565,66.67830002134609,8679000,16.592395782470703,17.346595872000805,16.51130026270015,17.346595872000805,8732000,103.87007141113281,104.76332161556711,102.50490997954586,104.17344061815214,13318500,39.43582534790039,39.941310577781394,38.31887186851952,39.49289575932177,14529500,78.1137924194336,79.65121197894524,77.33690938947096,79.5285445954979,5254700,101.59979248046875,102.23247746373445,99.5291745429644,101.02461804500072,3343300,23.480989456176758,24.021941702638603,23.32512183009814,23.820229628426937,8984600,63.72671127319336,63.935647424357136,62.518491161477854,63.39058785638883,7923800,30.767364501953125,31.44357149628204,29.978459327458975,31.20877779910311,18528200,68.76839447021484,68.96492076566892,66.99107860974756,68.57186165561077,3631300,30.938791275024414,31.274982757610566,30.38452748694294,31.22955203825704,11163900,70.14115142822266,70.41240373244356,69.09113023374555,70.00114593196058,4248200,58.87975311279297,59.0176479629719,57.802474252726356,58.60396998762345,30668500
2022-01-07,25.74003028869629,26.28658227515692,25.523144290865922,25.89618847188757,8355400,69.09455108642578,69.34303178117621,67.15811961024633,67.5779696826212,10838800,17.476350784301758,17.484460645742573,16.62483544138881,16.876234958862494,8800500,105.36164855957031,105.79142274470006,103.60884983873137,104.11446955263541,14164600,39.85977554321289,40.56092980223498,38.98741006562137,39.49289213906135,15611900,80.27269744873047,80.3626468471865,77.5985730209964,78.51448213126501,6277800,99.849609375,102.45431518000777,98.78143920796546,101.88735931969305,2441400,23.856908798217773,24.067788045190525,23.32512536088505,23.5360046078578,8115100,64.43529510498047,64.5079715686879,63.4269316961692,63.681292388336175,6443500,31.18999671936035,31.387222583146453,30.701625354746316,31.020944955352885,14884500,70.03302001953125,70.14409981885777,68.26425072124667,68.76839615943655,3771000,31.829242706298828,31.929192356505215,30.89335682916864,30.91152980794628,14324300,70.87615966796875,71.25241609126398,69.95739196490405,70.50865525707464,3723200,59.362369537353516,59.62091908338878,58.58673404962392,59.05211271218644,23985400
2022-01-10,25.52314567565918,25.887514237971864,24.855136368967766,25.71400476841004,10408600,69.42871856689453,69.54011030522709,67.86929306390329,69.1031265298564,9125400,17.322267532348633,17.76829907049069,17.160073402043594,17.4276926342884,8714800,105.42904663085938,105.91780883846813,104.37568312957528,105.46275503440692,12626100,39.54182052612305,39.753795927507774,38.139511668932215,39.354302987562235,9846200,80.19092559814453,81.21314321484175,78.53084518688765,80.43626032180035,5381700,99.7099380493164,100.09612505540365,96.69440204051554,99.91535613605537,2356800,23.70103645324707,24.095289944832476,23.251771375259707,23.91191565844356,10612600,63.999237060546875,64.87134067902738,63.463263786889286,64.45345451855164,5922700,30.410484313964844,31.293307431621585,29.987854891752814,31.077297634194974,17609700,71.65652465820312,72.03249705938153,70.04156178099544,70.34917437847783,5816300,31.91102409362793,32.156354144169725,31.329502551369657,31.77473193186591,15515600,70.90242004394531,71.37492864956826,70.34241132820637,70.86741866473282,3975900,59.009033203125,59.6123067889946,58.56088147488849,59.439944785942984,22760300
2022-01-11,27.76140785217285,27.882863482019275,25.58387222520298,25.818109501085814,12299200,71.6221694946289,71.77639862408444,69.08596222797122,69.92565560768952,8510600,17.233060836791992,17.59799686146674,16.81946719109324,17.5574475549485,7052300,107.83915710449219,107.8644368031925,105.19310815350158,106.06107876472684,14609000,40.601688385009766,40.854430942240974,39.01186259102704,40.096206380650806,13170300,83.57650756835938,83.77277783758485,79.6757279945382,81.24585271361585,4866400,102.18316650390625,102.64330098035143,97.6886180737967,100.42478830450551,3423500,24.975488662719727,24.98465755424548,23.710211361549096,23.957764437595422,13232400,66.03414916992188,66.13407758468004,64.14460251188879,64.78959059663082,6883000,32.58937454223633,32.73964240504234,30.682846778466267,31.011560191438978,20876100,73.61328125,74.10888005625327,71.79323893165774,72.31447103493277,4409600,33.14675521850586,33.19218593376777,32.0109700062511,32.165438597511276,15432500,73.36994934082031,73.57995090822773,71.05116005942467,71.57617399168744,4174000,61.4910774230957,61.53417120855873,59.10383030770451,59.37099336704743,32936100
2022-01-12,28.3253116607666,28.707029812355746,27.66597639689185,28.481469838557064,16272500,72.31623840332031,72.43619372387835,71.2023600986246,71.9735061144082,7740100,18.279211044311523,18.279211044311523,17.25739164927566,17.43580397026364,10609900,107.29981994628906,108.22677210119699,106.57510535179107,107.85599252507791,12469200,40.683231353759766,41.71050192796405,40.41418244735844,41.28654805461018,13828000,84.04266357421875,84.63964156914759,82.79964936112263,84.46790971176,3953900,102.35570526123047,103.27598037804643,100.47407517909276,103.21024509780356,3475000,25.15886116027832,25.268884352986476,24.865463648007083,25.094680673067376,12482900,66.38843536376953,67.09701359646965,65.74344730757304,66.31575889610556,6861800,32.63632583618164,33.26557126211961,32.04464468118449,32.79598384001628,15501800,73.741455078125,74.33104047366184,73.06641666602785,73.91234807294585,4263400,33.11949157714844,33.401164041233024,32.665177573253786,33.18309526040243,13196800,73.82495880126953,74.50746888627678,73.16869807709651,74.13121247071774,3192500,61.310089111328125,61.88750895663165,60.87917760136648,61.310089111328125,23045100
2022-01-13,27.839487075805664,28.897891814189336,27.718031445384792,28.333986890757902,8109000,71.64788818359375,72.71035201249964,71.27945224993906,71.92207260837824,6814000,17.71153450012207,18.368417896911744,17.63854728416787,17.97915377635476,6619400,106.85321044921875,107.94871120892617,106.55826348599035,107.13972227390506,9691300,40.47125244140625,41.44960728435434,40.18590037101087,40.76475920530111,10745900,84.02617645263672,85.13828635457094,82.88935397499111,83.61428343081008,3469200,101.95309448242188,104.5742247021836,101.50117223649997,102.04347893160626,2634300,25.608125686645508,25.938198754186562,25.278052619104457,25.39724644851076,14906400,66.42475891113281,67.35135941114467,66.18856390885219,66.62460875680792,5486500,32.07282257080078,33.09652330093413,31.95072883711486,32.6269358757843,13529500,74.151611328125,75.18552908660979,73.32276649616881,73.32276649616881,3706600,32.865081787109375,33.72827930860186,32.737874388053115,33.13767303210612,12799600,72.94117736816406,74.31494926559272,72.68742247299215,73.82494349606237,3033100,60.87055587768555,61.68929166949948,60.59477278180418,61.292853880119246,21043200
2022-01-14,28.880537033081055,28.949938823722217,27.475115196361305,28.030344413868555,11022000,74.32118225097656,74.43257395984195,71.86209261047522,72.16198079382023,7946600,18.00347900390625,18.035916899364555,17.589885395928114,17.69531048966478,7407600,108.67340850830078,108.87564606584142,106.81948493712639,106.81948493712639,13281000,41.08271789550781,41.9469317854709,40.55277796844588,40.56092955066363,12865200,87.01652526855469,87.33780135135763,84.13327385930515,84.13327385930515,4981800,106.16828918457031,106.27509806373766,102.38037290480057,102.38037290480057,1942200,26.350788116455078,26.45164416374592,25.626463250675272,25.65396817354582,13120200,67.89642333984375,67.92367527825739,66.26124465775014,66.31574853457742,7237100,33.350093841552734,33.45340363742023,32.063425435447016,32.18551915626018,19566000,75.68966674804688,75.74093334458995,73.91235085085232,73.91235085085232,3389700,34.3552360534668,34.4370127362148,32.82874028626534,32.91960172658899,17414000,74.55120849609375,74.66496461664799,72.59993053384034,72.73118400134133,3121300,61.9392204284668,62.180529812741106,60.844701553124274,60.88779533253937,23012900
2022-01-18,28.602930068969727,29.843518398152565,28.16915801846994,29.583252520318204,9779200,74.98094177246094,76.35186383274541,73.53290187346595,75.40078522343855,10782900,17.6953125,18.295428328735344,17.533119910686562,18.238660845135744,6826700,109.02734375,109.5498079501378,107.75487879593581,109.2885758500689,12905500,41.05826187133789,42.38719375962463,40.120671259151344,41.64527534054018,11575800,87.04946899414062,88.96065234798276,85.93735910153653,88.63937629645243,6205400,103.48141479492188,108.25532900536541,101.72303651789969,107.13785413993007,4453700,26.222427368164062,26.772548564461477,25.947365895621818,26.589174249433313,12294200,67.72381591796875,68.93202891324742,66.76995662246769,68.10535686384623,7808700,33.83847427368164,34.68373321099882,32.833557305242515,33.89482606372556,24397200,75.75801849365234,76.8175693307305,74.48484164902959,76.53559004145303,3862500,34.10991668701172,35.00945701279607,33.610171676448985,34.62783468455855,19101100,74.93623352050781,75.60124634118206,73.64121593248075,75.31248998375152,3513200,62.98202896118164,63.67148344390836,62.05987857695386,62.75795313108119,32841200
2022-01-19,28.09107780456543,29.088751495555087,27.84816321550092,28.949944577268788,8146800,74.78388214111328,75.77780489963449,73.44723370855198,75.30654729221958,7370100,16.932998657226562,17.833172967574264,16.900560765511838,17.735857745632522,6365700,108.63126373291016,109.67619199565148,108.31945942296709,109.50765642344545,12064300,39.89238357543945,41.58004393333721,39.88422888399063,41.39252646136007,12232000,86.6046371459961,88.28516167450788,84.89116670172004,87.96388557339426,4935500,103.29242706298828,105.00972547937832,101.48475045834203,104.36060359137346,2098600,26.02071189880371,26.54332810425097,25.63562728619285,26.506652546484773,10423300,66.63370513916016,68.72310838876037,66.51561108553574,68.37789865679693,6582800,33.650630950927734,34.74946362143896,33.38765960082211,34.4395342532432,18393300,74.5446548461914,76.51850335201549,73.91234298589357,76.49286353732215,3086500,33.710105895996094,34.51878793104247,33.283052985512754,34.37340755310613,11154600,73.68495178222656,75.75873803094107,73.21244326951329,75.69748729832061,2786800,63.00788879394531,63.654256133583495,62.52526995107581,63.55945506442147,26431600
2022-01-20,27.215816497802734,28.626683494820725,27.128725552785443,27.677397343609247,8783800,73.37013244628906,75.80352581206289,73.17306579286291,73.73000494472213,7707700,16.243680953979492,17.030318938580997,16.235571092678708,16.7302602576435,6777200,108.2436294555664,110.27451734646328,107.76329596220556,108.09195128534557,11370400,39.647804260253906,41.53928877113024,38.87327324094839,39.30537867788439,13374400,85.2618637084961,88.8206195075381,84.89116246723749,85.45957061816804,4863500,100.17007446289062,106.13541092835054,99.9975177609477,101.10678039610704,2670500,25.800662994384766,26.534158387764773,25.718144740769677,25.892350137155614,12387500,65.39824676513672,67.45131221562647,65.23472815526036,65.98873101917971,7200600,32.82415771484375,34.204742139503125,32.720847920735324,32.96503177553655,16099300,73.05787658691406,75.43332463053561,73.03224328731606,73.86962816355292,2943500,33.66468048095703,34.827727153802996,33.319400729163526,33.319400729163526,14720200,71.23491668701172,74.07871313484975,71.21741266271448,72.89743850046901,3868800,63.145774841308594,64.09378549940975,62.275338255507876,62.48217395582615,26774600
2022-01-21,26.21427345275879,27.032925636587184,25.66560168977536,26.823906714702954,9839500,70.87676239013672,72.9245793189678,70.38837104177688,72.75321645665964,10625600,15.675999641418457,16.14636066738455,15.594902592776537,16.08959319737447,8728100,106.94588470458984,108.2014856755006,106.372854745265,107.66217054644088,13055700,37.601402282714844,38.57160526521739,36.72088535257427,38.441158197414964,17268100,82.89759826660156,84.47103283473083,81.92553035521537,84.34746365485326,3801600,96.94912719726562,99.22516331396976,94.83742932607721,97.95978703338241,3212200,25.25054931640625,25.745657200703352,24.892969554027424,25.47976635051108,14362800,64.2263412475586,65.07118593693363,63.44508672057489,64.90766738638337,10194200,31.697153091430664,32.57058604100797,31.086687969195193,32.57058604100797,18434100,71.29763793945312,72.75879436364117,70.27226054972797,72.75879436364117,3592700,33.0377197265625,34.164416679177265,32.41985231404165,34.11898596540335,15762200,69.37989044189453,70.65741062547852,68.72362966209133,70.5699105233374,5994900,62.19778060913086,63.068223907978656,61.223922731339556,63.068223907978656,35995200
2022-01-24,26.597475051879883,26.728110644284925,24.36795407553088,25.247569500703296,10338600,71.13379669189453,71.50223267747201,67.50085091724979,69.1459576977976,9505400,15.8381986618042,15.903076011524522,14.913694494792042,15.42460497728787,7273300,107.17343139648438,107.63691397388632,103.51614946275114,104.87288235744975,19513700,39.40321350097656,39.58257630730983,34.951699911053566,36.239867656186526,25431400,84.28154754638672,84.88291411959169,79.02579488593133,80.33561166970911,5916700,98.12413024902344,98.7157354629155,89.7348546220897,92.83256351459018,3537000,26.2132568359375,26.28660620759787,24.076954418943878,24.41619460707798,18874000,63.944732666015625,64.24451784926697,61.31027004474396,62.72743321520107,9624700,31.941333770751953,32.11038552347776,29.461914632330735,30.617097429511546,23734700,70.77642059326172,71.01567341145598,67.95664033505713,69.40071036949438,3803800,33.255794525146484,33.32848645318226,31.511229845990822,32.065493665766915,17956500,68.76737976074219,69.01238940496124,65.66108258891178,67.4811141767007,5075700,62.73210906982422,62.98203857709709,60.16387314092862,61.086023665947685,41507000
2022-01-25,28.800859451293945,29.088260008977144,25.787525666803493,26.3884495752649,14303100,74.63822937011719,74.76675477725726,69.67719833627095,71.21949014780431,8514800,16.503190994262695,16.535628893976714,15.619236185184985,15.708443116294937,9869500,111.73237609863281,111.8587874405001,105.56387936785609,107.12286257512618,19984500,41.79202651977539,42.26489918264423,38.25364557143678,39.15047207029366,18435600,88.09568786621094,88.7217607793001,81.85138769705975,84.23212903193587,4764900,104.3359603881836,105.28088486824663,94.64844238551582,97.43391122063704,3375500,28.0469970703125,28.514600040366666,25.644801728839813,26.066561990546155,25380400,64.9531021118164,65.27105297375441,62.44581958617432,63.49960750666483,10674200,34.5334587097168,34.852778293195676,31.199388800923202,31.69715031120854,28095600,73.4509506225586,73.69875010084806,69.41781218267108,70.27229044470991,3122800,35.245689392089844,35.43650048590922,32.4925435358237,33.174014699014265,24167100,71.01616668701172,71.40116845514042,67.02609677681284,68.32986626772217,4948100,64.57640075683594,64.84356379561693,61.525546401175816,62.55973142080827,39278400
2022-01-26,28.835697174072266,29.863366483589697,28.15639158115969,29.210187006637565,12034100,74.59536743164062,76.4204133921307,73.99559105880061,76.01770359733575,9416400,16.438310623168945,17.24116821502822,16.389651462354934,16.843794349166416,9114700,111.81665802001953,113.51889724510721,110.889692882981,111.99361590899059,17266500,42.2241325378418,43.390004739956275,41.33546078469379,42.3953437565877,16714600,88.58172607421875,90.53410156455769,87.37899901723429,88.69705563550563,5122500,104.6810531616211,108.12385586499484,102.83229047094088,106.58733266303466,3170400,28.239538192749023,28.954695976077545,27.781104119822665,28.377069813656696,18761200,64.48070526123047,66.49742469871985,63.97197705943186,65.7615947273495,7942800,34.805816650390625,35.951607380393,34.15778379626299,35.07817459822144,25911600,72.67334747314453,75.15987475406962,72.12648214266105,74.27121696224671,3907700,36.16340255737305,36.59954368817698,34.90949463997325,35.49101961385342,25985100,71.13866424560547,73.46619877897413,70.25489794597935,72.1361799993105,4132200,63.92142105102539,65.49855898354285,63.33538104974403,65.00732005417383,35252400
2022-01-27,28.696352005004883,30.03754797880613,28.104135687280763,29.488876294570606,8766200,76.8231430053711,76.89168422489745,75.2380071850917,76.21478983688641,9624600,17.022207260131836,17.103304317684554,16.324774730695257,17.103304317684554,7508700,114.07503509521484,115.44862504069161,112.57504668905474,113.29976119999813,20654100,42.18338394165039,44.237925543460605,41.25394460451097,43.33295029247267,13642000,90.41051483154297,91.67090642450755,88.76294280727795,90.34461044217514,6217600,105.69992065429688,110.1533828676219,103.53892483397455,108.04990385563174,2673700,28.267044067382812,29.45897367255957,27.799441116365834,28.661297638757155,16949000,65.31648254394531,66.57920672952672,64.08101030137783,65.97963625998241,9207900,34.99365234375,36.562076161825914,34.17657125053334,35.72621114222101,21095800,73.33130645751953,75.06589586700875,71.77615665737572,74.536123644889,3917900,35.309288024902344,37.290097532386554,34.72776660364846,36.58136526735994,24350400,71.73368072509766,73.96496335486101,70.04490273020006,73.1161983509622,5821200,64.74015045166016,65.50717244688163,63.766286188486646,65.03316713514336,29174700
2022-01-28,28.88794708251953,29.59338205689665,27.947370438925727,28.80085782149427,7526800,76.44612884521484,76.87454247332111,75.14374775501079,75.38366487789177,11561400,17.541227340698242,17.752079088289722,17.08708594800774,17.208730770557253,9753100,110.0638427734375,111.28574182701306,107.92341385999983,109.54980088571305,24817800,42.02846908569336,42.99867241373892,41.009350033614936,42.83561274338547,9723700,90.36933898925781,91.39907168642341,88.49110755522608,90.41053081114028,3832600,105.76565551757812,107.25288031911964,102.75833200259456,106.2093530264447,2358700,28.752981185913086,29.22975121926093,28.03782351271092,28.23953384417397,14485000,65.22563934326172,65.89787933943863,63.699468182475364,65.22563934326172,7761300,35.2848014831543,36.09249248816186,34.392584591979244,35.35993719648896,16658200,71.98978424072266,76.219448481627,70.05012170586788,73.62184063875523,6742900,36.05436325073242,36.654057657511956,35.15481990749255,35.363803954355305,18155000,71.23491668701172,72.8624371277038,69.41488535819636,71.2874154082449,4647900,64.87803649902344,65.17105974765566,63.73181029368157,64.61087346439032,30595700
2022-01-31,28.922794342041016,29.21890258536102,28.208651517959275,28.82699412769579,7038300,75.93203735351562,76.62606537167396,74.47542702752195,76.06912632164914,7539800,17.76018714904785,17.800736450319175,17.078974355666496,17.5574452830843,6639700,110.67058563232422,111.11721073299739,108.98520401214131,109.7099186231576,16401800,41.229469299316406,41.995845505667546,40.471244674796104,41.93062352070969,11896500,91.8356704711914,93.25257718008551,88.70528100633454,91.05306996248284,5685000,103.66219329833984,106.50517278958597,102.87338227541743,105.17406750973812,2421900,28.18452262878418,28.716306008618336,27.845282441862317,28.413739633002127,12508000,65.18022155761719,65.34374016070842,63.89024531701418,64.91677453425852,6729400,35.37870407104492,35.81072709288228,34.289261721194144,35.39748799222625,16469300,72.45120239257812,73.30568053398962,71.10112536455178,72.13504313336156,3778700,35.50010299682617,35.96350531334018,35.100307842266695,35.645483368133384,16444600,72.59992980957031,72.6436765144151,69.92238847290791,71.13865768634793,4649400,65.46407318115234,65.86051096540893,64.00759023178432,64.61087026666941,36085500
2022-02-01,30.22915267944336,30.473008668718666,28.40025103221737,28.757322432761242,9075600,78.43396759033203,78.73385582172075,74.73247411572784,74.88670328288106,9424900,17.995370864868164,18.084576246010634,17.322267841640272,17.541227910624414,6972700,113.58629608154297,114.38686269037025,109.97958020656063,110.24924745552185,16169700,42.85190963745117,43.41446211136956,40.38156348131389,40.993034778657126,11710100,93.23611450195312,94.67774023033684,90.59176177723086,90.76475611043819,4590900,106.98995208740234,107.82804877794501,100.73701932514282,102.56113277257502,3556400,28.762149810791016,28.91801744009937,27.7810995858579,27.927798325349652,14072700,67.24234008789062,67.41494491580188,64.2990133097201,64.56246023044508,7660300,36.900184631347656,37.14436854188109,34.91852491437221,34.98426687423383,20514800,74.90354919433594,75.02317560012676,71.30619085727552,71.84451620248441,3360100,35.90898895263672,36.21792269711432,34.927668776246094,35.22751776330158,18792000,75.73248291015625,75.97748582200231,71.77741492346566,72.30242211682557,6046800,69.6611557006836,70.24719561237839,65.7312382912999,65.886366696607,61033100
2022-02-02,30.281408309936523,30.40333464370911,29.454046773595287,30.272697387670807,6537600,79.00804138183594,79.35077359551362,76.24049297452301,77.5000235638981,8803400,18.587373733520508,18.65225106666308,18.027805768417277,18.327864400950208,8442700,114.10877227783203,114.43742119843124,111.90934862199363,113.21552202484148,10906700,43.40631866455078,43.561223635939854,41.92247851026239,42.493185783434164,9387500,93.02191162109375,93.30200212329426,90.00685819380467,92.70887521038802,4368300,107.61441802978516,108.31284447323806,104.54957770937365,106.80918271705828,2201100,28.79882049560547,28.918014301497703,28.377062102538734,28.752977800284903,12755900,71.31214141845703,71.56650208783556,69.08647863058653,69.30450107136691,12585400,37.21010208129883,37.36036989593033,36.26153717318758,36.71234061708209,14752700,74.9377212524414,75.15134076173474,72.42556025617385,74.35667592639754,4159500,35.663665771484375,35.954426590928655,35.10940187624923,35.954426590928655,16356600,76.65291595458984,76.8210748400493,74.61733184906774,75.49352175008728,4797100,69.48017120361328,69.64391309913104,68.2132903675381,68.9975458623733,30299300
2022-02-03,30.08108901977539,30.612342122720555,29.52370980430577,29.941744215907985,6909200,77.85990142822266,79.64209729723979,76.66034186500482,79.49643822078997,13258500,18.611703872680664,18.74145854286425,18.360302845751995,18.652251627063904,10494200,113.08909606933594,114.05819814682326,112.23798304094204,113.6368527718567,9447700,43.21879196166992,43.61013634727782,42.05292282783137,43.14541527813144,9253200,92.08280944824219,93.06311692052363,90.5752793736386,92.4699899216639,3569000,106.316162109375,107.31039095667205,104.1387295941541,106.34902347974241,1822000,28.62462043762207,28.826332531694625,28.13868148107358,28.780488079047657,16588200,69.9222412109375,71.675520991832,69.61336971508005,71.38482207674731,7069300,37.56700134277344,38.027198685596524,36.59965220465092,36.90018792877964,22557500,74.5275650024414,75.19405673498308,73.71580706938109,74.98043725562233,2829400,35.05487823486328,35.82721083195896,34.9004096357592,35.82721083195896,12302100,75.30766296386719,76.6794706079905,74.79434753620897,76.6794706079905,3121900,68.67007446289062,69.21302072466189,68.10126798134888,69.02341856414797,28529400
2022-02-04,30.03754997253418,31.753232566009025,29.96787589653378,30.525255215565778,10324900,78.71673583984375,81.33862560025689,78.61391419817241,78.82812104884863,12035300,18.992862701416016,19.674075661078607,18.77390106149631,18.806340510431703,10421400,114.50482940673828,115.44863898299299,113.77167967091657,113.77167967091657,13034700,43.10464859008789,45.199956627917686,42.94974364962361,43.90363736897868,12759300,93.66447448730469,95.99579059476694,93.03016197309562,93.34319841991464,3708300,108.51004791259766,111.50093474793424,107.49939443845734,108.16494703210401,2799500,29.28476905822754,29.715696457068233,28.716310038525993,28.844671019289773,16881900,71.03053283691406,71.71185906743321,70.23110562405397,70.51272517895187,6173200,38.318336486816406,39.73649263960704,37.92388473528611,38.01780079536436,23757400,75.9118423461914,76.47580110363438,75.10863724807011,75.23681028559365,3256300,34.99127197265625,35.98167689220446,34.99127197265625,35.454674315769246,19955400,76.73258209228516,77.52911546481701,75.449283202079,76.05995991306769,3717500,70.1610107421875,71.1262482549425,69.69562555202887,69.69562555202887,32197500
2022-02-07,29.68918800354004,30.29011199470618,28.98375289215483,29.767569682582838,7647000,79.63352966308594,80.73883764106688,76.84027089401177,77.47432125216903,8420600,18.81444549560547,19.08206469275824,18.498167137662985,18.86310310959752,8314900,116.75483703613281,117.49639634961737,113.62002558372774,114.0497933514896,18422500,42.87636947631836,43.87103049454717,41.96323983423354,42.99866498548236,10298200,94.48001861572266,95.79807496241528,91.77800153375566,93.36790248461821,3282800,106.96530151367188,109.35637108377584,105.55203659305056,107.63907886513424,2070100,29.807373046875,30.119108263959554,28.65212106448716,28.963856281571715,12434900,72.52035522460938,73.18350877915415,70.64897473393108,71.01235005751575,7263900,38.506168365478516,38.975755784569714,37.29463196438297,38.0084068476955,15544000,77.15080261230469,77.92837403312731,75.19404763584677,75.51874685828997,4104900,36.59046173095703,37.144725543601865,34.56422105594559,34.74594740755499,20523700,79.32572174072266,79.95409607450517,75.81213681840929,76.51130885358886,5173800,71.00558471679688,71.60024459264369,69.49739471588754,69.92830614471877,34949200
2022-02-08,28.62668228149414,29.506299293877234,28.14768459588352,29.419206691429704,10434400,78.25403594970703,79.8134613158719,77.11445411445145,78.78526467210192,7481500,18.157562255859375,18.725240137891767,17.9142726188728,18.717130277085843,8039600,114.97675323486328,116.65369996619877,113.77169851135875,116.44302723243757,11021600,41.734947204589844,42.87636137408379,41.213158936285204,42.721456453838165,9751900,91.87686157226562,93.59033814712008,90.26224159076439,93.41734382249378,5698400,102.1913833618164,106.4969443386275,100.30975309495533,106.1189695745552,3257900,29.11972999572754,29.807379296669858,28.78048804172808,29.614837842163418,10958100,72.0298080444336,73.09267527294142,71.23038778322241,72.6293715076398,7949500,36.95652770996094,38.35589976722698,36.59964385811311,38.35589976722698,20307500,75.89473724365234,77.10809446374759,75.07443912925768,76.43305604771294,3048400,35.4556999206543,36.58590533030747,35.16403378416737,36.50387401211211,13575900,78.31678771972656,79.4319343149551,77.15739340187731,79.32572762655268,3128500,69.169921875,71.1004037229087,68.87689861025618,70.90218152247714,34356300
2022-02-09,29.11438751220703,29.532421988748357,28.478626538160267,28.504752654743257,7594000,79.64208984375,80.57603494049816,78.18548614142394,78.42539672420017,6973200,18.43328857421875,18.441398433809578,18.068354173416836,18.076464033007664,8081000,116.11437225341797,116.57785481531712,114.69023544822615,115.2126996861256,10140800,42.4931755065918,43.08834049706925,41.76756343751797,41.99584504753571,7304600,93.34319305419922,94.1093143135488,91.53910592217368,91.81919015559743,2969100,105.89713287353516,106.3983534914741,102.28998561253017,102.28998561253017,1794100,29.935745239257812,30.137453845435637,29.119731430854287,29.30310400388049,10080800,72.48402404785156,73.38337268980436,72.01163400201176,72.01163400201176,5570300,37.8487434387207,38.562518287644615,37.21010429291195,37.29463016758274,16412000,76.43306732177734,76.98847941883429,75.87766174387129,76.0571013716926,2605900,35.91142272949219,36.203088817540255,35.419234902060815,35.55595142505795,12472500,78.62654876708984,79.25492989962069,77.99817438684384,78.33449219055639,2464600,68.83878326416016,69.73630051391163,68.58608313542098,69.3441835216385,40106100
2022-02-10,29.140512466430664,30.14205564390313,28.853115228753413,28.957623013159452,8841800,78.75099182128906,80.8245120956519,78.21975659900839,79.03373983174014,7149900,18.644142150878906,18.984748553826403,18.271097853116164,18.271097853116164,7094900,114.6396713256836,116.95707144112278,114.09192735086627,115.92056517167234,11012700,42.57470703125,43.98516704567273,42.1752111021447,42.1752111021447,9753200,92.80772399902344,95.11432078501856,92.14045313553174,92.59353790179229,3861900,107.16250610351562,110.1780421156388,104.81252268712393,105.2480080284723,2416700,29.715696334838867,30.705915606785382,29.49564644188151,29.779876824956766,10066700,72.43860626220703,73.86484896062615,72.02072698638841,72.33867785594506,6398100,38.20563507080078,39.33264566297411,37.58577978250564,37.63273781079038,17756300,76.44160461425781,77.92839457729292,75.93746570025772,76.04854549847381,2660100,35.70178985595703,36.968718745935924,35.492155040850044,35.710906378359475,11082700,79.55581665039062,80.3257997348536,78.17516384597161,78.44952260780283,5166500,68.17655181884766,69.43133714280357,67.78443472915173,68.5948158095265,28527700
2022-02-11,29.73272705078125,30.011416674467263,29.053421508326892,29.29727409849156,12781100,80.53353118896484,80.67992947547421,78.66486543306513,79.08682073311738,9580800,19.552425384521484,19.592973137618166,18.79822542126124,18.96041798044559,7746900,116.97392272949219,117.50482211554113,114.84191576370962,115.33067803272499,12821200,44.11560821533203,44.148220758258546,42.50947624238877,42.9171236986604,11954900,96.17701721191406,96.29234675116781,93.19490957623786,93.68918621302652,4732900,111.39411163330078,112.19934691821577,106.74344374424425,108.31284073223878,3674500,30.733423233032227,30.834279297103176,29.688194019160033,29.88990264972723,12741000,73.75582885742188,73.93751305797603,72.3931765608417,72.8655596407673,6516900,40.3657341003418,40.53478585776599,38.29015856856085,38.50616835134338,24477900,79.6373519897461,79.93642452383332,76.80048511249291,76.9030248258214,4821300,37.023399353027344,37.1327767466018,35.628870615827196,35.92053671149083,15533600,81.42326354980469,82.98977336665975,79.2195271117595,79.87445147141166,6433600,69.89315795898438,69.98900997397804,68.16783498525812,68.50767153002481,42002100
2022-02-14,27.990917205810547,29.75014765517929,27.816737009344752,29.48016560980716,12322300,78.83712005615234,79.84464908985944,77.6831926927108,79.65519783840219,7274400,18.838775634765625,19.77949786000831,18.644143610246225,19.601085557564982,8294000,115.17053985595703,116.33345717129133,113.80538499600114,116.24076067719308,15945000,42.60731506347656,43.9117889213312,42.00399850893054,43.88733106671824,11934400,93.42560577392578,95.92991055423252,92.59357986471741,95.56744886194608,3960500,107.20359802246094,111.33660915256006,105.93000330689759,110.169835860064,2986200,29.66985321044922,30.715082317770406,29.440636178227052,30.715082317770406,9479100,71.9117202758789,73.67407952049854,71.34848806238894,73.45605705400308,6547200,38.7221794128418,40.16850957071393,38.346511614901736,40.008847980021855,21485900,77.34735870361328,79.05631499110864,76.3476208400247,78.98796169416349,3951800,35.82027053833008,36.850218242001255,35.546834048726595,36.82287563612099,12804400,79.40538024902344,80.98074224177664,78.57344478001623,80.98074224177664,4349100,68.82136535644531,69.5707435361213,67.13960731016773,69.3441902797893,34652800
2022-02-15,28.069305419921875,28.199942674130696,26.911000281938378,27.04163587502551,6883700,77.22676849365234,77.43343953960718,75.54755392660537,76.36563147056076,8379300,18.587373733520508,18.65225106666308,18.262987067807632,18.44950920724283,6397500,114.3275375366211,114.82143135327723,112.55633615761286,113.32272849109079,11746800,41.9224739074707,42.224135343519634,40.80552045510966,41.49036848570343,11265500,91.35787963867188,91.59677836158731,89.32312696848628,90.32814701489286,4001700,105.0754623413086,105.51095397122117,101.16430630212979,103.530720514236,2331200,29.816551208496094,29.89906947788833,28.468753974281032,28.807995942758783,10817000,71.75613403320312,72.40588262508453,70.38342397042044,70.74032802818678,4311500,37.42611312866211,38.008404065228376,36.44937409128362,37.34158725610684,23600000,75.55294799804688,76.52705245843539,74.98044926625104,75.74948081896571,3397400,36.54032897949219,36.62236028832853,34.74475670659344,35.03642280980395,14924600,78.3521728515625,78.98054709484852,77.00692218677672,77.65299416479213,3627000,67.95870208740234,68.13298150630261,66.59064022741559,67.00890418469615,25075100
2022-02-16,28.217357635498047,28.940207936773643,27.851575363216508,28.234772833101154,7334700,77.68316650390625,79.13849010860814,77.19231868604138,77.30426412872852,6854400,18.546829223632812,19.13883518543238,18.44951243350238,18.82255677760691,5537600,114.36158752441406,115.94544916077014,113.9017496013262,114.91508217961884,11348800,43.90364074707031,45.4119385775442,42.45241643600502,42.57471194743135,20745200,92.07457733154297,94.16699495472467,91.34140814402922,92.32995531769214,4041100,106.66951751708984,109.78365041199206,105.33018748635062,106.06147542448181,2270900,30.77926254272461,31.466913633487135,30.10994923409134,30.164962580479095,13077800,71.43582916259766,73.46744116494068,71.0606253774787,72.43333543506569,5735100,37.23828125,38.64704341205295,36.87200007842558,37.96144267377316,18292100,75.45042419433594,77.52680638551672,74.98045859831007,76.50997528819764,3426300,37.998653411865234,38.864538538299776,37.050740466661416,37.068966552876596,21249800,77.91853332519531,80.31697893831308,77.6441744559446,79.4496410983317,4920000,68.27239227294922,69.47489688728025,68.00226750796968,68.65580031207847,21733800
2022-02-17,28.208648681640625,28.94892087662963,27.95608510962403,28.104140877519107,6808500,78.50125885009766,79.09543896382083,77.6401217757611,77.6401217757611,6842800,18.481952667236328,18.806339403506804,18.303538802189088,18.522500429220898,5390100,113.77405548095703,114.60004883622031,112.78626773746443,114.2509149451408,10073900,45.04506301879883,45.99895697811142,44.06670808686735,44.27868659567321,17642700,92.75831604003906,93.96104302343959,91.55558905663855,91.86039218424273,3049700,106.56268310546875,109.24133030276893,106.10254862129196,106.50516002608447,1933200,30.229141235351562,30.806765598298107,29.972415798690108,30.449187612405265,11197900,70.4291763305664,71.67376733804542,70.17293823760856,71.22535067536919,7034800,37.435508728027344,38.11171574180302,36.88139544344286,37.33219892507077,15162800,74.3737564086914,75.60420665775573,73.97215075689131,75.15987450374963,2670700,37.47002029418945,37.87106036296653,37.196583725617145,37.45179072602669,9526500,77.03349304199219,78.2194374064847,76.75028194358462,77.5822174992816,3024400,68.1678466796875,68.94337191725855,67.92385545997712,68.38569099693962,23738800
2022-02-18,28.00833511352539,28.19122456499773,27.363864912289444,27.703517699950226,8774300,77.18370819091797,78.05345841454685,76.38285050519028,77.1664883414197,6574800,18.31975746154785,18.400854527604213,18.00348060540571,18.25488011806234,6765100,113.61223602294922,114.02949445876034,112.44563273453437,113.10132084982527,10691800,44.661865234375,45.01244238129817,43.756887162554904,44.22975982030394,11707600,91.95099639892578,92.89011194446407,90.98716199377779,91.08601857725125,3315500,108.02526092529297,108.85514545500334,104.66461787631513,105.17405697156157,2856800,29.578161239624023,29.9449098522749,29.284765497319903,29.66067950259177,12592500,70.48409271240234,71.1063883063192,69.71537832213379,69.75198476671306,4845200,37.153751373291016,37.70786457396078,36.655986360124146,36.79686399421548,14462700,73.46698760986328,74.85739427868765,73.01791523334539,73.57062273773349,2488000,36.64970397949219,37.470017092040614,36.19397524517291,36.90491443502632,11301500,76.7502670288086,77.55564569028107,76.0333905523365,76.12189273733688,2655500,67.40973663330078,68.115549995085,67.00018831046005,67.23546386310815,23394800
2022-02-22,27.03292465209961,28.948918630996484,26.501671428807352,28.757318236433917,14908200,75.63369750976562,79.9566042578727,74.41949065283333,79.85327197725331,9267500,18.295429229736328,19.00097174572951,18.03591983661635,18.903654949910525,11273900,112.74366760253906,116.66074904523079,111.14278440738698,116.66074904523079,19428700,42.94159698486328,47.31157978436994,41.78387928579478,47.31157978436994,23309400,90.22928619384766,96.3582564946805,88.9688945269803,96.27587914563478,4658600,105.19869995117188,112.01037010523665,103.73612431044646,110.88467056726512,4222400,28.844669342041016,30.476696924555387,28.487091345684387,30.394178656351997,14712800,69.2120361328125,71.9300030674538,68.45247523420713,71.80188402518473,4872000,35.98917770385742,38.5906923048006,35.35993231357917,38.50616643030542,20757200,72.62928771972656,75.41873893735769,71.69659134459359,75.0819330111363,3562000,36.04814529418945,37.88017691103386,35.51038520229664,37.76168645636334,20930000,75.971435546875,78.7504529168776,75.04215242760984,78.55574404837893,3638800,66.62551879882812,69.52720729283337,65.62343340517702,69.42263960588534,35947800
2022-02-23,26.85003662109375,28.112849545826236,26.693273247829467,27.38128990579568,10600300,75.97814178466797,77.05456333762454,75.22033680661484,75.78007732814342,7355000,18.822555541992188,19.090176310583317,18.33597626367545,18.457621083254637,9357500,115.42603302001953,115.87734733372214,112.87992851973254,113.19499357065271,16134200,43.65904998779297,44.661862541752704,43.120955370787655,43.504145045509446,12372100,90.88832092285156,91.89334095940816,89.69382731998138,90.9130334999818,4606600,106.45587921142578,110.59711532591479,104.94400493242725,106.45587921142578,3944000,29.0463809967041,29.339778501917344,28.725476819581967,28.99136940167339,7237100,69.2944107055664,70.40172940816942,69.06562567655013,69.79773358022324,5763700,36.33667755126953,37.08802037793191,35.94222579167308,36.25215166240342,15379400,72.52564239501953,73.3115205113737,71.99884215259672,73.2769754770912,3261800,36.22132110595703,36.804653325910955,35.9023089077774,36.27600632849378,9462300,76.42281341552734,76.94498786721269,75.55548241428619,76.51131561430716,3544200,66.8956298828125,67.50559795874689,66.3379489636091,66.62550505734612,25385000
2022-02-24,28.13897705078125,28.260903372198783,26.08363814047689,27.111305934507524,14283800,75.54756927490234,77.71763212318484,73.44639240929699,77.50234782367464,11509300,18.035917282104492,19.18749121107005,17.208730048594493,19.18749121107005,15147300,114.82994842529297,117.7081391307995,112.16462930778124,117.45267503438458,22108900,43.00681686401367,44.10746401364825,41.75126165369144,43.78134783713993,21102500,90.69883728027344,93.2443392867069,87.54373539405834,93.08781793561886,6777900,105.08366394042969,109.42209243348995,101.19715769408893,109.38100631329299,4639500,28.853836059570312,29.770705831526445,28.12034234054977,29.70652534971052,18274800,68.14134216308594,69.92586983939685,66.57645317374516,69.60556516639022,7497700,36.55268096923828,37.54820753264333,35.275406269097026,37.360371858818375,32173800,72.09384155273438,73.44106498696257,70.53934790647737,73.40651995162445,3775000,34.92704772949219,36.44006689346007,33.98824770829387,36.221319061789636,21602400,74.20137023925781,77.14853996201965,72.8472670564442,77.14853996201965,5802200,66.0503921508789,68.86493668729462,64.50805083692212,68.83879643588521,46199900
2022-02-25,29.323406219482422,29.384372701755094,27.982213376587765,27.99092097563069,9284100,78.59600067138672,78.8112850023886,75.62507953154329,76.10731433060147,10563000,18.417078018188477,18.603601787984616,17.84940148556927,18.044033572192856,9155500,119.5389404296875,119.64112085899653,115.32381581249936,115.775143026646,28028000,45.00428771972656,45.02059399406138,43.031272066667356,43.487838417730735,12605600,88.37577056884766,92.4699884342986,87.19775621089089,91.6379627251151,10111300,109.50428009033203,110.08766045099946,104.82074382729098,104.82074382729098,3169100,29.825716018676758,29.862391579444527,28.61545049393215,28.771318129621196,13779600,70.04480743408203,70.49322402149137,68.59888474427355,68.83682306863825,5275800,36.38364028930664,37.89570899715551,36.16762689123143,36.834443849634454,29780400,73.1388168334961,73.75197649218335,72.18884466911436,72.56883353486705,2999700,35.95699691772461,36.09371344837905,34.89970642009952,35.03642295075396,11382000,75.11295318603516,75.83868190874779,74.19251560439993,74.76778993695744,3275400,67.82799530029297,67.9587032045969,66.45122443278808,66.82591687948324,28310300
2022-02-28,31.030380249023438,31.06521396247866,29.00987868994723,29.131804992646945,12942500,81.68745422363281,81.86829220054078,77.37315612611657,78.0792881849755,15096000,18.919876098632812,19.27670231444619,18.31165033265002,18.408967135798434,14810000,122.62152099609375,122.62152099609375,118.06578567837519,118.59374828487246,24394300,48.55081558227539,48.64049852796035,44.718928542787154,45.04504777980453,22585000,94.66948699951172,94.77658320347439,88.83708052560809,89.82562751109378,7794000,113.47296142578125,113.7769761962721,107.8527127816201,108.66617295665377,3783500,30.742586135864258,30.75175677546469,29.358116850007683,29.651514360885557,16550700,71.26197052001953,71.2894236091487,69.01072644587366,69.1937516947119,8031300,41.07011795043945,41.11707597890971,35.914049755311716,36.18640775350637,50039500,72.75019836425781,73.18200154688554,71.62751404270192,72.11976940734579,4639400,35.76559066772461,35.792933277688164,34.608039327834526,35.437465440425484,14946300,73.9093246459961,75.02446463732304,72.48441679368148,74.17483127390386,6226900,68.33340454101562,68.77780881423097,66.39894592028169,66.66907739714019,32204600
2022-03-01,32.4760856628418,32.78090143512266,31.343908522915058,31.60517965947619,15356900,83.495849609375,84.78755521577614,81.63579695253368,82.5399869350418,14453500,19.75516700744629,19.93357928445562,18.97663747355602,19.203708909856854,14832800,127.49231719970703,127.6966910723671,123.21759123236598,123.48156603031637,31159900,48.30624008178711,49.52103128520117,47.06699101786883,48.917711475227456,19146500,95.8969497680664,96.74544850607953,94.2246585862176,95.5591944261445,6225200,112.42942810058594,116.75142010747028,110.07123249027475,114.76297454364631,3782000,29.54637908935547,31.313087051741444,28.534201336270577,31.267079690038273,19567300,68.64466857910156,72.55231417368279,68.08643249673771,71.88426573542158,6502300,43.943992614746094,44.92073533022009,41.36126174648384,41.633623316068125,68949800,70.96251678466797,74.45148647149622,70.02982054794522,73.47561387992779,5324500,34.334598541259766,36.385377688404,33.423141142529,36.13017072937828,20586200,71.36039733886719,75.93603519799088,70.49306648323312,74.87398873407406,5799200,68.9869155883789,70.27655647528934,68.25496209846033,68.63836345828861,40002300
2022-03-02,32.9812126159668,34.11338986569968,32.406414730887455,33.09443133761301,12209000,84.42588806152344,86.0878830452227,83.69392278858913,84.71006490147192,16168000,20.817537307739258,21.036498919967404,20.339066324039774,20.728330381246785,15249600,131.25611877441406,132.62709601702443,127.77333009374183,127.90105564694248,31329500,47.81706237792969,49.26013207423459,47.3768022451057,48.96662842912282,17556100,96.16879272460938,97.98935934929138,95.46033613772087,97.20676502621174,4287700,112.2979507446289,115.22310210075734,111.28729733511807,115.19024072564628,2960700,30.300912857055664,30.650575145055644,29.721210236712498,30.28250920925178,19015000,70.45663452148438,71.15214295418608,68.01321212400255,69.71537327284638,8013300,45.427886962890625,46.29192969684653,44.16000233529718,45.57815479714368,51230100,72.81063842773438,73.5447089870584,71.33387257959441,71.71386142547578,3644200,35.76559066772461,35.975225456958135,34.80855759579078,35.154912388710315,16209100,74.00668334960938,74.47575116289292,71.92684417405232,72.93579102532581,4917700,70.17200469970703,71.58363815394617,69.5533276868221,70.23300083765116,44321400
2022-03-03,33.338287353515625,33.346998275731764,32.31932872229222,32.388999488804295,11157200,83.88338470458984,84.55507072463998,82.35055484375927,83.70254009615545,8704900,20.68778419494629,20.955403447973588,20.144435827066864,20.744551680922083,11615100,133.02731323242188,133.79369249909305,129.2209360215057,129.6552158734936,22492900,47.98011779785156,48.37146220237462,46.57781227037648,47.24635403710515,11719000,95.798095703125,97.10791271357895,94.40589504661322,95.23792084887675,4147300,110.6886215209961,112.19066528188252,109.73953679244242,110.46580081687183,2327100,30.687374114990234,30.760988694653996,29.868431221980874,29.978853091476513,11668400,70.80440521240234,71.8019047554853,70.14550310080405,70.34683507734421,5694500,44.84560012817383,45.709639290543954,44.20696092874034,44.958300109642146,43690500,71.6793212890625,73.74333977257182,71.1697967461344,72.54292756965361,3894300,35.109344482421875,35.39189756849549,34.19788695217292,35.20960536705879,22756100,74.51113891601562,75.20146550721581,73.10392899740499,73.62610343964926,3359000,70.61640930175781,71.25251093677835,69.38776425492125,69.58818393668966,30196600
2022-03-04,34.38337326049805,34.60109979076126,33.00734331680098,33.477630097264694,14536200,86.34622955322266,86.40650889819425,83.90921611798052,84.05560787434639,10977300,21.649620056152344,21.82374492343291,20.75411689788586,20.778990975202746,11575500,135.09652709960938,136.20352933262532,132.06505325686277,132.6611273843509,29034400,48.56713104248047,48.86878937221832,46.30876314069873,48.15133189122581,18185300,97.8245849609375,99.29092299728018,95.81454516191232,96.1193482365969,4902500,113.7257080078125,115.19473280422375,110.83717412383399,111.00223068431681,3083700,31.40509796142578,31.43270166998299,30.30090398737091,30.35611491462121,14759500,71.13384246826172,71.17044192783585,69.69707280219065,69.8800980279206,6663600,52.73466873168945,53.016420467330214,45.211876252341845,45.51241191471434,101631900,72.802001953125,72.96608264321308,71.07478963242255,71.21296319190685,4030100,35.49215316772461,35.61064361416106,34.36194783488793,34.77210439798768,22922900,76.09535217285156,76.46706544721803,73.41368904476126,73.80310680968884,5877000,73.27411651611328,73.43968033626146,70.28529865525006,70.62513528223106,42802200
2022-03-07,33.024757385253906,35.32395225681934,32.51092598077396,34.75786196861422,15962100,87.20733642578125,89.36017881041049,85.35589723096297,87.39678760682119,13788800,22.387577056884766,23.158704964108807,21.73253237646336,22.62803697699349,17119500,137.98326110839844,138.03436432114765,132.60154578194008,136.16096965697722,34824700,48.82801818847656,51.19237498753006,47.51539271031882,49.32534864766465,21979600,98.97789764404297,100.32066667658539,96.004029426244,98.87080143246723,5521300,110.95271301269531,115.73116772673562,107.59375476810271,114.8068409299767,4263200,33.34663772583008,34.4784353869285,31.515515706731055,31.561523056830506,28036700,68.21454620361328,72.01237914371406,67.12552721347788,71.17044491688777,9396700,52.01150131225586,55.19530330399618,49.222151015963796,54.199776728434934,81361200,71.33386993408203,74.23558725787046,71.13524420022314,73.59652052251002,6183500,38.37236022949219,39.55725778791262,35.89319813758144,35.993459021164824,29778900,74.35183715820312,77.60876819587736,73.97127160820395,77.22820264587817,5611700,75.91438293457031,76.01023495699914,73.10854732837446,73.99734913407408,55207900
2022-03-08,33.64310836791992,35.88133709812458,32.62414635813479,34.07856147997909,16485200,85.08036041259766,89.93717383341043,82.54861487006237,87.41404150270813,17231400,21.566701889038086,23.117248184381666,21.268200321371715,23.05920656433888,17197300,145.2128448486328,148.16768418771397,139.73745907786,139.91627486865386,57231000,48.49375534057617,51.44512292441941,45.689141133121666,49.977592270636286,24167800,97.05024719238281,100.91380636141662,93.09607732635789,100.50191327422716,7619900,110.95271301269531,116.13556699682171,106.75196254662934,112.24842021222285,4156700,33.82512283325195,36.235947609451195,33.04298724815916,34.220792414455026,34358000,69.75198364257812,71.68292992573163,68.77278395725104,70.10888774401737,10534200,51.27894592285156,55.16713285268632,48.30176333633681,53.82411251627503,81141800,72.81063842773438,76.25643199552022,72.36156609161397,73.02653998311378,16579800,41.08850860595703,42.17314185415105,39.23824738888707,39.23824738888707,41068100,80.131103515625,81.97197871279268,76.22809427794596,76.61751200296175,10814300,76.48948669433594,79.73972645404861,74.44175168046408,77.59613941991175,72082300
2022-03-09,33.704063415527344,33.878245282823855,31.666143209316587,32.21481492851562,13634700,82.84999084472656,85.01144657683143,79.87907079175744,82.11802570109182,12656200,21.11065673828125,21.334532904345366,20.463905478338862,21.268199401235496,14117100,141.5852813720703,144.56566551875144,137.276499513248,138.60489722538918,43430000,48.05348205566406,48.62418912869781,45.66466766190105,47.1240463330593,17694700,93.72213745117188,95.84750699823267,91.87685843321442,94.19993487523773,5747700,107.3296890258789,109.6405190894282,103.8964565082063,109.6405190894282,4367400,32.058414459228516,32.68412431916684,30.68737280756289,32.46328409972076,26474500,69.02901458740234,70.72202229176548,67.2627940030107,68.45247886659806,8088700,54.131439208984375,55.148170573564,48.040474378366184,48.79361031859627,134669000,68.52714538574219,69.39075151937169,67.46491353110137,68.656687623545,14161400,38.79163360595703,40.3593381882893,37.825487375512566,39.54814154546133,30347200,77.12198638916016,80.2992670758856,76.51130978521998,77.4405996823216,7787100,72.14131927490234,75.43512403127906,71.10437827823543,73.22182514277482,65466700
2022-03-10,34.87107849121094,35.010423324130905,33.3034482903006,34.017590974295786,10804000,85.87260437011719,85.96732998962742,83.04807534824478,83.77142745728038,9481000,21.83203887939453,21.997873457634366,20.737535091255705,21.069202666219628,12468800,145.4597930908203,148.81484341157233,143.30538902386374,143.68859169168044,34913600,49.38242721557617,49.63516983288512,47.841519872550826,48.62420247375351,18048600,98.75546264648438,99.32387699324342,93.90336364716063,95.04019234067873,5386900,110.64738464355469,111.08479029425821,106.75198849188428,108.08071488166607,3019700,34.92012023925781,35.01213496046596,32.36206957005923,32.73013547516505,22872500,71.31687927246094,71.60972387035179,68.96496913197211,69.58726477523591,7368900,54.724525451660156,56.10840484234826,53.10528841657117,54.15967356929016,81812600,70.13345336914062,70.2370884772118,67.61172503853585,69.2612093287193,10788600,39.557247161865234,39.848913211976665,38.36323687882974,39.28380719756889,15498300,79.28148651123047,79.60894534459648,76.36971872964183,78.13978983682384,4537400,74.38077545166016,74.65961595394612,72.23718784382149,73.20441729039383,44644200
2022-03-11,34.008880615234375,34.96687926434585,33.96533597714816,34.45304456154543,8395100,84.74452209472656,87.02653060965946,84.52923777671735,85.1061981721926,7666500,21.25161361694336,21.81544913072365,21.019447168809343,21.81544913072365,10664500,145.5279083251953,147.29910976812405,141.25319488420112,141.26170559061725,28423600,48.61147689819336,49.581386942372546,48.24672615978738,48.31304303844591,10834400,96.11936950683594,98.28592484744328,94.982546867371,97.05848522747864,3963600,107.01605987548828,110.6391064103072,106.66118887535552,109.00502493946875,2354700,34.4232292175293,35.00293173726933,33.788319274095365,34.09197063482071,17629200,71.84764862060547,73.14714584017318,70.79523614708219,70.79523614708219,8530000,54.55508041381836,55.43059794213197,53.161784590244295,53.41596744600165,48469600,69.75346374511719,70.90206147149058,68.91577133931779,69.57210724970957,7198200,39.10152816772461,39.8306934728403,38.682255074965454,38.90100640496738,13251200,81.1312026977539,82.85702597483332,78.33449402779414,78.55575290288495,6776800,73.99735260009766,75.13886128937804,73.16954689279841,73.25668328597507,35303400
2022-03-14,32.72864532470703,33.521169561011796,31.735809807779837,33.10313180533595,11775900,83.14279174804688,84.0039288699533,81.12772746640933,83.85753056606352,10532200,19.178691864013672,20.762407231215942,18.830440573984795,20.638030527872036,22926600,141.96847534179688,143.3564870159705,139.90775408544144,141.53419545913096,25156200,43.67902755737305,47.19390998257737,43.189928419103616,46.84573616029952,21911600,96.25230407714844,98.6370104462724,92.92867468764491,98.13846730571086,6270500,104.14404296875,106.19077231825666,101.22249609242532,105.53053968469213,2915000,33.457069396972656,33.74231718730989,32.270060336783885,33.355851080348266,12967700,70.15464782714844,72.02152760436833,69.10223524960254,71.09724107228391,7896700,52.33333969116211,52.70990770111614,50.19632395579321,52.48396617689998,53706900,67.59445190429688,69.92619251234522,66.71357651156228,69.12303851214949,5807200,37.871055603027344,38.3450138848846,37.22392166079181,38.3450138848846,14389400,80.13994598388672,81.60024876998844,78.65308646790477,80.46740471062756,4747000,71.34835052490234,72.71641222871038,70.14585258812869,72.37657571075088,37462600
2022-03-15,31.962251663208008,32.084177974696196,30.307528892958214,30.978126928386065,11132700,81.85108947753906,82.51416219827021,79.50018214594564,79.96519699955606,8863600,19.427448272705078,19.61815694327027,18.22515145450289,18.407569818970337,13022700,134.78150939941406,136.4079510125232,132.20985955499793,135.48828789610724,28534400,43.94430923461914,44.665525438001644,41.61487317400323,41.846986988987815,17372900,94.57386779785156,95.54602780883594,91.39980219343418,91.57429196417603,5415200,102.79878997802734,104.06974561213288,98.56502696760421,99.69568389900755,3328700,32.02161407470703,32.71173508282631,31.31308941848814,31.73636630450539,13809100,68.08644104003906,68.92836845673476,66.96996873521947,68.7270364697061,7873000,51.33543395996094,51.85321584100528,49.21724710876729,49.81034043264269,49163900,65.06407165527344,66.99855380286725,63.77730058430448,66.41993937504526,5925300,35.783817291259766,36.95959821434427,35.26428683258227,36.2942347054579,17239000,74.70584869384766,78.23713839610537,73.57299759864293,78.09552947709793,6187600,67.28775024414062,68.98693317027322,66.54708093398233,68.68195247174694,47957900
2022-03-16,32.0928840637207,32.33673999747076,31.256815119487353,32.04933942912905,10542400,81.65303802490234,82.46250918434842,81.03301812149311,81.98026783172115,9314200,19.460607528686523,19.66789990297319,18.971397398848772,19.087482203879713,17466900,134.29611206054688,136.67189821901465,133.01880460055608,135.21576199751004,22299700,43.48836898803711,45.162912007410355,42.74228753101625,43.98575978836449,13099700,93.89253234863281,94.54063907975694,92.54646013369187,94.13349624546719,4953600,103.68186950683594,104.59794799884473,101.7836936693665,102.8483256005255,3209300,31.28548240661621,32.481691326018336,30.6413688315115,31.96640327404384,14868500,68.50739288330078,69.55065210633863,67.94000347103103,68.78193772387509,6809700,49.885658264160156,51.7214174318315,49.80093064171235,50.67644820993346,43406300,66.06588745117188,66.35951045500053,65.16773603372945,65.41818267223881,4031800,34.52600860595703,36.348923475672734,34.270798159881586,35.88407823681209,27499200,75.17491149902344,76.81222569219547,74.53768490978612,75.18375699166852,3399900,67.03504943847656,68.50767905970889,66.44251266615355,67.80185899462612,37812300
2022-03-17,34.33982849121094,34.70560746601636,32.76348722195888,32.93766910997045,9280800,85.10619354248047,85.31286463693888,83.10835544283405,83.22891412876443,8868300,20.513656616210938,20.66290740381603,19.68448697975205,19.949821010376404,15423000,136.62083435058594,137.08918310827164,134.4749537657462,136.20357582220308,15750700,47.683013916015625,47.99802775598151,44.65723032479747,44.980532587938086,14621200,97.93904876708984,98.4625181001507,94.97270986777202,95.55434246006186,4230000,110.49055480957031,111.27458293961524,106.23202742196732,106.28154313226361,3426900,33.02458572387695,33.12580402000436,31.745562185837514,32.15963543811487,13939500,70.60305786132812,70.69457047201871,69.16628822939545,69.32186036576591,7091300,54.61155700683594,54.79042839901875,52.34274390803332,52.606342909350595,59355500,66.97265625,67.3440071396539,65.70315421818803,66.73084100539491,4840500,36.011680603027344,36.31246321611793,34.917934496711936,35.31897450389865,37986300,78.84779357910156,78.8566458229591,76.12188991965732,76.20153985752422,4175700,68.82136535644531,68.96949786591152,67.15703192677803,68.12426102660025,34041900
2022-03-18,34.061134338378906,34.296279358061625,33.651807453496836,34.08726045537385,11795000,85.76925659179688,86.24288463994131,84.79617400282862,85.34730123887584,16146900,20.604867935180664,20.886785767553768,20.497074985529675,20.59657604816784,19815100,137.7192840576172,137.7192840576172,135.20724869981936,137.00399501216265,23214700,48.304752349853516,48.60318619560976,47.58353933081824,47.74933310084863,19656000,96.21907806396484,99.99970287568767,94.52402623176452,98.61208905919574,25284700,108.48507690429688,111.79451949015025,108.15496378426049,110.3172336844179,4813900,33.16261291503906,33.346645870521485,32.38047373177295,32.95097624478212,17078400,71.67378997802734,71.7470028797027,69.6055708884813,70.56647102256225,17588400,52.945255279541016,54.74336030242613,52.90759776494635,54.49859004877909,40835900,68.01763153076172,68.08671502473759,66.06587951969688,67.13674944744172,8269500,36.21220779418945,36.72262527036102,35.67444770432579,35.95700079457097,28267600,80.03375244140625,80.46741790191055,78.02472503058138,79.04251035082638,7593200,68.55125427246094,69.17864702580647,68.05456945074266,68.89109090584284,41461500
2022-03-21,35.60263442993164,36.34290312243264,34.87978093200789,34.949454999286395,8093600,88.49044036865234,89.53241535507462,86.86289195672498,87.12122911594685,8107400,20.96140480041504,21.39257172346962,20.74582054813012,21.201863124665167,13514800,140.19728088378906,140.99772905432985,138.56232872401085,138.81779284129226,13180600,50.932621002197266,51.57922870709009,49.332686492515975,49.722308800128395,17038100,101.75289916992188,102.35946424037014,97.88917926186961,97.88917926186961,4776200,115.44230651855469,115.94573713750344,110.81239954527389,111.41486156696456,4203600,34.57966613769531,35.039746824933594,33.83433416071994,33.92634889411276,12884800,73.19291687011719,73.4125485649734,72.45164855428321,73.0281913534836,6260900,57.38874053955078,58.74438239859458,54.44210991350696,54.58332021301174,52223000,69.632568359375,70.29754885008033,68.89850437734886,69.08849880326466,4278900,37.54293441772461,37.816374458335765,36.932259541411334,37.06897608478236,19283700,83.42344665527344,84.04296879347727,81.20200569865413,81.41441232428333,4735700,71.627197265625,71.90603768067447,69.48361032841711,69.81473789184331,33089300
2022-03-22,35.28910827636719,35.95099531376736,34.70559958241273,35.42845309067472,7202900,87.63790893554688,88.58516488433654,86.38926292298432,88.41293354366847,6377500,21.210155487060547,21.259905213627167,20.82873828085764,20.944821503351516,11869200,139.72889709472656,140.72519520794572,138.44307911820096,139.3882870194768,11063900,50.26115036010742,51.18132035175913,49.50677730464482,50.56787263655348,9708300,100.3985366821289,101.81938749076235,98.828122296833,101.47040792498993,3664300,113.35433197021484,115.26901081307403,112.09163097396056,114.9884133901306,2898000,34.128780364990234,34.4692390392859,33.788321690694566,34.25760237633797,10002400,72.52485656738281,73.43999671334348,71.62801615227666,73.15630550232454,5131300,56.14607238769531,57.58643830142129,55.2705548660764,56.47557027577318,35853500,68.90715026855469,69.58940006394158,67.62900999353255,69.26122543977448,3541700,37.55204772949219,38.2903260406044,37.25126510130999,37.55204772949219,15467100,82.83043670654297,83.58272198822239,81.08692312750547,82.92779111353013,3529700,71.31350708007812,71.6272034049062,70.39856500606332,71.13051866527516,23132200
2022-03-23,35.45458221435547,36.35161764719814,35.09751088974593,36.05550947638222,8012900,89.87687683105469,90.43661066106243,88.86073484295491,88.88656790342243,7681500,21.715953826904297,22.00616352405614,21.45061978888511,21.45061978888511,7557400,141.23617553710938,142.50497257442618,140.45276167961015,141.3553904068713,10755000,51.123287200927734,52.4413679024641,50.52642267580933,51.753314907064336,11290700,102.65859985351562,103.77201259701076,101.75290759651588,103.3648697934228,3344100,117.72015380859375,117.89347141069041,114.09710693828822,115.72294013862908,2748800,35.03053283691406,35.42620239118493,34.58885592961691,34.78208891840891,10499600,73.6321792602539,74.08059600090463,72.92752438208848,73.27527514272049,4641200,56.3343505859375,59.53516738846388,56.23079422008839,58.30191076341617,39139700,69.32167053222656,69.93483676559804,68.96759539720745,69.52030286806128,3446700,38.654911041259766,39.07418064166833,38.272100574000035,38.39058754133225,19967500,84.53858947753906,85.77764054981311,83.95446954844215,84.21998290403128,3968100,72.43757629394531,73.43094566109411,72.36787117813536,72.62056468809591,27716300
2022-03-24,35.51554489135742,36.34290623890432,35.14105505322822,35.53296340967072,5551700,90.02326965332031,91.15135710721052,89.34297058289698,90.39355885443797,6192500,22.412452697753906,22.52024403950066,21.52523998276984,21.68278263441388,10340500,141.6107940673828,142.5474782172929,140.5037918961793,141.72148518909464,9024800,51.01551055908203,51.33881276390253,50.40206299847213,50.9823505477382,7501500,100.54811096191406,102.79986936074033,100.0412569170111,102.49243132617472,2952500,118.17405700683594,119.50278317950696,116.68852268443833,117.60460113383276,2042100,34.67168045043945,35.61944553140785,34.54285842119758,34.87411707361213,10037600,74.4832534790039,74.81270447930483,73.56811336304911,74.11719603622899,4246900,54.36679458618164,56.89920329224914,53.961985265601776,56.12724216724066,28409100,70.05573272705078,70.23708922651616,68.91577288127414,69.63256097283958,3946900,38.86454772949219,39.848923510725285,38.563768558738396,38.72783118894391,16281400,85.35281372070312,86.30864679391094,83.99871067739834,84.68903718949223,3398800,72.65543365478516,73.76208649957518,72.10646837346849,72.72514543122944,19871600
2022-03-25,36.168724060058594,36.65643260181549,35.045257877789936,35.219436414906376,5891400,92.57223510742188,92.58945495805725,89.40325042420218,89.70464708497964,7833800,23.97129249572754,24.452210790159906,22.246619827951232,22.478787880321004,15175000,144.1739501953125,144.49753891327717,140.64007138147858,140.69116160148488,10254700,51.81134033203125,52.12635416669771,50.476679699108004,50.567868164062496,8547300,103.45626831054688,103.48119451492146,99.80858581961189,99.80858581961189,3124600,120.91405487060547,122.13550143616129,117.12595105609273,117.12595105609273,2169400,35.79426956176758,35.88628427122909,34.506042568489505,34.64406814281793,10793000,75.25198364257812,75.41670916206948,73.90672639705967,74.12635809572622,5186500,55.27055358886719,57.153386307339666,53.83018770842563,54.131440656083754,37749900,72.41338348388672,72.41338348388672,69.58939391663023,69.77075044032625,4290900,39.81246566772461,39.83069523577616,38.52731067403428,38.709602877615204,12252900,86.06969451904297,86.42371003718742,84.5208825354098,84.5651370072845,3210700,74.2413330078125,74.49403318754743,72.14131746296475,72.25459410295063,22398300
2022-03-28,34.70561599731445,35.271706441947,33.90438376664364,35.271706441947,7191100,89.12769317626953,90.53995754737925,88.70573782110935,90.47106500001904,6091100,23.29137420654297,23.71425089261572,23.15870719697295,23.639625502043145,15349400,141.65342712402344,141.8918568518424,140.61454916990692,141.27022442468626,9992000,50.1119270324707,50.601026192478606,49.2414971815585,50.41036084702646,8959600,100.4234619140625,101.82769735136314,99.46791720239614,101.23774755963144,2955600,116.11906433105469,117.62110805634126,114.88938220148307,117.21670876268513,1948600,34.34041976928711,34.79130035513392,34.018364715208556,34.75449306034299,9451300,75.0140380859375,75.44415506709178,73.88841264627918,74.15380412362894,4447900,53.32182312011719,54.197340639690125,52.33333664063052,53.49127835559701,24924700,71.06615447998047,71.86930850378337,70.34072185100088,71.24751099002727,4214600,38.03511428833008,38.864540326632586,37.77079082590974,38.828081198657266,13984200,85.29084777832031,85.9457719596656,84.35270584041169,85.05188448429074,3087500,72.15873718261719,72.59442574263412,71.47034846002087,72.47243347767576,21552400
2022-03-29,35.67230987548828,35.68102079616712,33.54730037711833,33.860827076700076,7534500,86.70789337158203,86.92317763831457,84.25364747486756,86.10509348275828,10977600,22.719242095947266,23.00115982904385,22.346116800859562,22.885076614774142,11532200,139.92478942871094,140.06102569117326,136.6719066595251,139.2350324432258,15102600,50.16167068481445,50.203122290914045,47.79907460356135,48.53686765481886,10398500,100.23236083984375,100.44008769701443,96.17753487002737,97.66485992808796,3106500,114.49324035644531,114.83161453130728,110.0118918686752,112.099888461052,2263600,34.828094482421875,35.0305310375022,32.43567714658617,33.153401645309714,10126800,76.08475494384766,76.09390830071074,73.65963204058212,73.81521117939229,4203800,53.463035583496094,53.62307463982524,51.316603855233105,52.314506482900036,29111200,72.08522033691406,72.15431042358706,69.6153057430975,69.95211167963673,3546000,38.85544204711914,39.010388184488846,36.631483072654085,36.90492315943497,13207500,85.56523132324219,85.82189242525628,82.88357487267017,83.76861036142846,2898500,71.77534484863281,71.87990586149064,69.50104974584555,70.41599184875494,27036300
2022-03-30,35.88132858276367,36.89157943009836,35.428457055028424,36.09905508712238,9015800,87.32112884521484,88.7548914154456,86.88927360207373,87.52841751683792,6069200,22.470497131347656,23.341124604121394,22.387579852627407,23.142124084102125,9483600,140.91253662109375,141.6533836849732,139.36274386552577,140.70817577045804,9906000,50.203128814697266,51.16474738213579,49.854954884560335,50.733676553654526,7610600,100.61456298828125,102.4674890763636,100.06616746087282,101.12141695383797,2788700,114.83988189697266,117.5633599950417,114.0558535669407,116.713306503437,1563300,35.44460678100586,35.50901777862657,34.717678653416556,35.15015550327229,8930100,78.10721588134766,78.24448830986337,76.60638648869818,77.0365035064634,5880400,54.112613677978516,56.33435693345488,53.764290619144234,54.893991005632714,26069000,75.51373291015625,75.5655471769496,73.09563276497673,73.09563276497673,4512500,38.47261428833008,39.60282294332349,38.23563690484466,39.03772035429373,10201700,88.9460678100586,89.71605112640111,86.59187013737218,86.59187013737218,4192600,73.00398254394531,73.20440223001934,72.07160918298655,72.37658988085519,22079000
2022-03-31,35.994544982910156,37.24864837144327,35.53296256419739,35.75939997463971,7934500,86.37106323242188,88.48715164578054,85.85283817094518,86.37106323242188,9777900,22.362703323364258,23.067497792756097,22.362703323364258,22.528537874344273,9073900,138.6559600830078,141.49158371360954,138.5622903657168,139.20094398539894,10395900,49.017677307128906,51.00723102300032,49.009385721178106,49.805210369840154,11344400,99.0690689086914,102.93278234310871,99.06075806162649,100.44006072641683,4036000,113.13148498535156,116.53995871710111,113.13148498535156,113.59364835379068,1887700,34.84650421142578,35.98750566190345,34.73608584852035,34.98452979765992,9123900,78.24449157714844,79.70871458453813,77.05480645628842,77.41171059615321,7041200,53.41596984863281,55.75068216541078,53.208857084725366,53.43479501697105,32217500,74.60692596435547,76.61912963763318,74.53783589920117,75.13372618077223,4830800,37.652305603027344,38.654907329815224,37.58850386460997,37.998656903883386,11618700,89.86650085449219,91.23830175750919,87.66276446356696,87.9990755054331,5261500,71.96704864501953,73.5442460925018,71.93219940302636,72.21103987554059,27861500
2022-04-01,36.769657135009766,37.17898074878326,36.07292958717465,36.07292958717465,5005400,86.87201690673828,87.80482597035596,85.74919044983672,86.50062107157137,6934100,22.470497131347656,22.793872778689522,22.21345499067888,22.41245551069815,8055900,139.8396453857422,141.31280326699675,138.23023823397565,138.61342793802567,8795300,50.02903366088867,50.418655988738415,49.21663214761902,49.21663214761902,6292500,99.98307800292969,100.93031182794486,98.67024293341053,99.11062279284324,2258000,114.25390625,115.96226131509,112.58680588377433,113.21402590402317,1825100,35.49982833862305,35.987512755205266,34.87411830860121,34.94772939500176,7676200,77.613037109375,78.94914094600749,77.11886057002343,78.04315411484573,7411800,54.70570755004883,54.771606410716956,53.001742574099296,53.491279532790074,21019000,74.23560333251953,75.5569200343439,73.00064595058551,74.64149938367734,3204400,37.998653411865234,38.70959246693516,37.53381172083774,37.552041283986576,12210600,89.62753295898438,91.20290165998763,88.87525421128294,90.20280732567993,3301800,72.42887878417969,73.31768064630384,71.44421824546089,71.44421824546089,18671100
2022-04-04,37.43153762817383,38.04988006022273,36.81319519612492,37.4489561459806,6937800,86.84609985351562,88.02074674782389,86.0428487653429,87.5888914657867,4946500,22.03932762145996,22.802163706915575,21.74082606321175,22.710954546002956,10430900,139.96734619140625,140.8870091144769,138.8007428784889,140.50381947822495,8718600,50.44352340698242,51.4880418760966,49.50677658147745,50.841437312949196,8381600,100.3985366821289,101.37069676077495,99.00261207971921,100.8970798245638,1807200,115.2030029296875,116.30889594558897,113.47813825060095,115.5413771278846,1403400,35.674652099609375,35.87708869794327,35.02133845425111,35.674652099609375,9924300,77.85096740722656,78.6837482429322,77.28357803624147,77.79606123589295,3801300,54.40445327758789,55.59063633222899,53.51951958500918,55.27055462046576,19338700,74.8487319946289,75.13372356186306,73.87285956630741,74.85736989966992,2410900,37.871055603027344,38.52730606666573,37.13277730836833,38.208293879315214,10618200,89.1584701538086,90.9373933151386,88.59204800083624,90.09661233090034,2668100,72.46373748779297,72.89942612594061,71.49650817925874,72.81228307984625,20869400
2022-04-05,36.30806350708008,38.21534943518027,36.212266654747424,37.64925930664305,7330100,84.68683624267578,87.80483237739718,84.55727832056584,87.1052222338394,5708100,21.873491287231445,22.569993812001442,21.85690909874862,22.138826862656256,8265000,139.1072998046875,142.8200073817366,138.88590452019392,140.5293672330224,9538200,48.47053909301758,51.081828369828536,48.18868531597664,50.609309267482374,8667400,97.90581512451172,101.72798768821984,97.7645623956513,100.49824201397844,2335100,111.81103515625,118.00901266148098,111.5551955561958,114.81511038919585,1847900,34.53363800048828,36.410767108639185,34.50603429629455,35.582620881473986,8857400,77.5215072631836,79.10470250871916,77.45744774353557,78.25362204370163,3789100,52.45572280883789,56.30611601759719,52.34275025548003,54.9881316248372,22939300,74.19241333007812,76.13552732003016,74.17513751599915,75.11647171952583,3003100,36.8775749206543,38.609345810556434,36.80466011817086,37.79814907516915,10473900,89.79569244384766,91.37990664782254,89.06111142845494,89.44167692720067,3818700,72.08902740478516,74.12804654275739,71.94088825141637,72.7599848186767,21753100
2022-04-06,35.54167938232422,36.78707537969967,35.14977097017055,36.49096717076614,7368000,84.24633026123047,86.51788670082354,83.62445759300715,86.15512984088951,5680000,21.964702606201172,22.561704151355695,21.707660471949083,22.27978794116936,9789000,140.34202575683594,142.21540742632718,139.93329100921537,140.35906016107444,9269000,48.3627815246582,49.38242840468939,47.59182846570305,49.15860301702691,9136000,98.42095184326172,100.68933120879358,97.30753927728834,99.62577104448509,2847600,111.46440124511719,114.20438817842734,110.16043292549467,113.3295770180119,1650800,34.368019104003906,35.3801985208987,34.045964090981606,35.131754577937336,9379100,78.30855560302734,78.64716002931372,76.89923869578911,78.10722361885524,4564400,52.81346130371094,55.091690975623834,52.30509915104597,53.990231863875785,27903000,73.99378967285156,75.12511184228764,73.59653155678083,74.74512954232056,2563300,37.169227600097656,37.67964494005079,36.749958076350616,37.34240671242241,8726600,91.42418670654297,92.71633796449919,88.89298416968923,90.893159906811,3994300,72.89067840576172,73.80562015427235,72.27200160969889,72.69025879528144,24768200
2022-04-07,35.7071418762207,36.49966611180322,34.27885673273065,36.203557973110726,8741500,86.33650970458984,86.54379840091035,83.70219636131645,85.27414937005703,6285300,22.213451385498047,22.45390971509395,21.749115332631312,22.34611837731274,9534300,142.29205322265625,142.80296839975117,139.158385564013,140.58897664545364,8018400,49.9295539855957,50.0787709044568,48.27988261708399,48.90161872490077,7952600,100.22403717041016,100.53977965079486,97.14967646840579,99.72548773704987,3053800,113.02421569824219,114.03107721115613,109.7065242771157,113.32132258062678,1877300,34.7360725402832,34.97531281994225,33.650282442319174,34.49683226062415,7681600,78.56478118896484,79.04065798115296,76.82601349190573,78.67460052146178,4205600,54.3008918762207,54.49858843516181,51.872036125053505,53.37830434327741,24408300,71.74840545654297,74.83147936047538,69.2353082246288,74.40831416274143,7514600,37.34241485595703,37.78902708349508,36.22132254913972,37.37887051345595,8895800,91.45071411132812,92.4153995048483,88.91065995449641,91.61002076144797,3700000,74.11063385009766,74.45047042776841,72.07160773599263,73.04755259765868,26122000
2022-04-08,37.46637725830078,37.797322475062,35.968417845611576,36.02938100103564,6951900,89.00537109375,89.22993108286175,86.82881690853985,86.96701375376703,6175200,23.838624954223633,23.91325034147113,22.487079261381396,22.536828992374584,10196800,144.701904296875,145.69821559178044,142.22393759534236,142.24948270614055,10801200,51.703575134277344,51.844503633311625,49.91297522545472,50.02074370562053,10115100,105.42552185058594,106.31459245784252,101.18789565094536,101.37069628148186,4534900,117.1836929321289,117.51380603958003,112.55378544963258,112.55378544963258,2257300,36.75122833251953,36.80643925505092,35.104142843559046,35.140946615111055,11838800,79.52568054199219,80.23033538640746,78.47326797163551,79.17792281605078,5088800,58.17953109741211,58.45254270730681,54.1879276894268,54.319725406970875,41639000,72.75882720947266,73.34607972824622,71.8088616437841,72.25793399870842,4686200,38.78252029418945,38.93746989463335,37.47002259817765,37.67054438336334,10526400,91.35334777832031,92.68090077238088,91.13208894597688,92.06137199044906,3291200,75.67039489746094,75.99280686346411,74.21519652975914,74.21519652975914,24866500
2022-04-11,35.76811981201172,36.961260457302686,35.472011550890926,36.89158968410918,9983100,84.6263656616211,88.09847929929177,84.46225854249322,88.01210955907295,7002200,23.61474609375,23.971289218404973,23.39916184206292,23.73083089482166,7981000,140.9806671142578,143.72262125111257,140.42717246278482,143.54380549935027,10206100,49.76375961303711,51.06526034591268,49.614542686513865,51.02381190239256,9011300,100.82229614257812,104.29548916518989,100.47331657238901,104.29548916518989,3342800,111.50566864013672,114.85636614885713,110.20994874030637,114.66655172159221,2391300,35.941490173339844,36.438374449088684,35.748253694294306,36.419974317880225,14079700,77.6771011352539,79.0132050491521,77.53983568468959,78.90339268870066,4464700,54.52682876586914,57.0498246628398,54.22557584604143,57.002754567470106,27618000,71.2388916015625,72.715657786218,70.96253781125493,72.18885734394513,3973800,37.6705322265625,38.86453907537528,37.615843536360245,38.86453907537528,7999000,89.3000717163086,91.29140133299013,88.61859068843181,90.87543362158452,3705900,73.06497192382812,74.87743797216594,72.75999125417513,74.74673007143465,21800100
2022-04-12,36.73480987548828,37.67538648785796,36.53450192398587,36.560628036977675,5817500,86.37106323242188,87.9948368489393,85.86147712235339,86.41425139987375,7412100,23.523540496826172,24.269792764973694,23.49037295616765,23.92154149563613,7097700,143.91848754882812,147.043631640589,143.18616407000653,143.8844317329627,9528400,51.61238098144531,52.57399928657054,50.9326164810454,50.94090806600641,9418900,103.50611877441406,105.69971346863228,102.78322716453692,102.86632296331683,2993900,114.86458587646484,117.26619805592398,113.28828153301437,113.28828153301437,1659800,36.373966217041016,37.505763919491535,36.18993680991939,36.51199178251817,10348800,78.51903533935547,80.09307068639335,78.29025027948785,79.07727144398976,4236100,55.675357818603516,57.7653030941528,55.44941992413327,55.53414753236413,26820900,70.7898178100586,73.17337332389918,70.56527830072731,72.11113455061127,2943900,37.85282897949219,39.11064130692532,37.64319417107574,38.272102073259525,8112800,89.20272827148438,92.39770694575753,88.93721492230803,90.80464035526941,4189900,74.58988189697266,75.65296307207244,74.3981778623704,74.68573391427378,22444200
2022-04-13,37.98021697998047,38.31116224064655,36.69127630220701,37.3183264586483,6519500,86.56973266601562,87.86529881038253,85.43826708568055,87.30388549657216,7365100,24.153711318969727,24.25321237329112,23.523543773824784,24.045919959844188,6306300,146.18357849121094,146.5327123128509,143.30537487754842,145.55343547118588,7330700,52.847564697265625,53.29521541600938,51.62896101701201,52.64031934551164,9955700,103.28878021240234,105.06097592353905,101.65033800899745,104.38386632937207,4314900,115.82195281982422,117.83567560038061,114.45195944052657,116.61424194068562,1626000,36.98128128051758,37.284936193538876,36.300363886087595,36.85245926049768,7568200,80.15713500976562,80.20289481725767,78.48243357783845,79.31520761485619,3342100,56.12725067138672,57.45464779148282,54.79044096643585,56.48498994658976,21358400,71.80022430419922,72.01612587032653,70.50481490743528,71.18706464705276,2659600,38.800743103027344,38.89188745663041,37.83459696093748,38.37235699183767,8596100,91.9905776977539,92.38884090978684,89.23811718142974,90.19395699304953,3899900,75.64424896240234,75.90566476904755,74.23262222114256,75.46997619002562,19306800
2022-04-14,38.04117965698242,38.56372200104123,37.727652921649856,37.77119756328089,5864600,87.55433654785156,88.42667941622518,86.23285393566476,86.53515788506505,6337800,24.39417266845703,24.568297546552177,23.83033701869346,24.211755903569397,11146700,146.115478515625,147.2650606126242,145.238394957612,145.34909911325585,9421100,51.861083984375,53.09626781569788,51.83621238890308,52.44136850682856,8616800,102.77050018310547,103.58971808693215,102.24385372435583,102.82065455909374,3332000,114.25390625,116.30063547824149,113.60191578021939,114.72431811693428,1589200,37.50577163696289,37.75421559986193,36.68682867229755,37.073298229074936,7579000,79.80021667480469,80.82517613560229,79.61719144128892,80.01985533338174,4080500,55.8636360168457,56.8332935287513,55.270542820537734,55.7600796629106,18789400,71.54976654052734,72.6206362966828,71.4979522811496,71.95566247576475,3014900,39.4205322265625,39.621053965536156,38.408813964554,38.609335703527655,10714500,92.8048095703125,93.32697719825848,91.52151098290179,92.04367861084776,3794100,76.53305053710938,77.08201570423783,75.1388485386311,75.52224993316291,24566400
2022-04-18,38.30244064331055,39.182057452661184,37.849569181844075,38.41565933923774,10373400,89.3681640625,89.92093848773658,87.8393921445872,88.71174196143497,4867000,25.513547897338867,26.052507798343346,24.659502675952087,24.875086952656964,9781500,148.07398986816406,148.62748454859548,146.35387891742565,147.3161213244408,7639000,52.67347717285156,53.25376160380898,51.93568425722315,52.424783393539386,9422300,103.0881576538086,104.67644550109199,102.51135680530692,103.85722119999858,4338100,115.54136657714844,116.40792934507897,113.41210273906556,115.19474398857815,1716300,38.31550979614258,38.87680866031568,37.551777865482954,37.910640153033306,13188000,82.46329498291016,82.92086514395973,80.55980143727199,80.93501232067658,5281300,57.77470779418945,59.31862969688905,56.41906983867172,56.68266520999577,30802500,75.27192687988281,75.28919610649474,71.34251565196607,72.26657411234126,3679600,39.81246566772461,40.505171869010596,39.329394283629576,39.693975213856824,11127900,97.66366577148438,97.77872470758975,93.15883833156003,93.81376270888795,4813300,77.16045379638672,77.45671885360434,76.46334937645749,77.11688227711097,19032300
2022-04-19,38.65951919555664,39.38237281486731,37.849576299765545,37.927957977495105,7131600,87.71844482421875,89.46314389450302,87.25204031799194,88.81536095634168,5331700,25.26479721069336,25.563298773582193,24.717545399740832,25.36429825882814,10060000,146.31982421875,147.90368593936498,145.63859099602817,147.38424706880193,6970200,52.225830078125,53.41127377574051,51.89423624127512,52.424787012697564,8156000,101.78408813476562,103.94917035305953,101.21564850122948,102.76213671111341,4861600,113.82473754882812,116.02002628677923,113.08197674239747,114.6747907846574,1950700,38.01185607910156,39.19886122335495,37.52416831210281,37.90143422045882,16778100,82.76527404785156,83.46992886274506,81.80437413648636,82.08806533726667,3868900,56.84272003173828,57.86886399351479,56.32494175918354,56.52263833014143,19514600,77.33592987060547,78.16499094645728,74.95237515953669,75.09918661708726,5120900,39.5845947265625,40.568966899774416,39.19266777070077,39.31115820494441,10033700,95.35372924804688,98.69916258112316,95.03511590658385,96.89369598254663,5141800,76.4720687866211,77.25630963575232,76.04508915048918,76.6899130975975,20382600
2022-04-20,38.607276916503906,39.32141979901897,38.2763316004806,38.69436621544719,8777200,88.67716979980469,89.36814094742614,87.56298228379943,88.18485499874089,6059200,25.646215438842773,25.720840827786322,25.04092202320331,25.405755500799017,5674900,146.91592407226562,147.81004202113917,146.00478471009774,146.14102098367889,7495000,53.560489654541016,53.86721505452938,52.66518820967735,52.83098512490912,7121200,102.56153106689453,103.13832561363792,101.74230665791461,102.82067055343549,3273900,117.1093978881836,117.32398272544302,113.43683632632006,114.74905282937802,1882600,36.438385009765625,37.79102320443148,36.09792632156568,37.708208549449154,19888400,83.25945281982422,84.08307335837809,82.85678892491154,83.04896751603846,4809000,57.86886215209961,58.217185183829955,56.353181307215365,57.191041254705844,20837800,76.74866485595703,78.27724452239681,76.45503540025334,77.52590495721654,2816600,38.901004791259766,39.98563792031775,38.080691683949155,39.71220137685898,11945100,95.64579010009766,96.73438678032251,95.09706563698555,95.53073791124677,3289700,76.6463394165039,77.11688391272409,76.07123390873295,76.65505505016,20689400
2022-04-21,36.8474235534668,39.49373292969714,36.402006990850595,39.20551966498767,10374600,85.22232055664062,89.61861079465011,84.91138422355753,89.06583655574433,6290600,24.85021209716797,26.019341095097314,24.70925320329983,25.894965972629073,7591700,140.14617919921875,146.83927095878178,139.50752545496061,146.24319672949625,14594800,50.69221878051758,54.25683535069731,50.45181339229791,53.88379621444799,10699200,99.8864974975586,103.94916757440866,99.38493462907346,102.8373655244927,3403200,113.35433197021484,120.46837452336106,112.80963396590666,118.52892523211621,2427300,35.84027862548828,37.32173868535842,35.50902003941343,37.32173868535842,14413400,81.20953369140625,85.25445839770985,81.15462751749017,84.19289248889788,5588200,55.73184585571289,59.83642151137818,55.09168248237694,58.09479919610134,32050400,74.22693634033203,78.16498435450723,73.87286129087694,77.51727982592217,4574000,37.050743103027344,39.584593453140734,36.567668337543914,39.50256215160082,18181500,92.84906768798828,97.65480346055298,92.65435881829559,96.46000701286569,3977500,75.83595275878906,78.24967120179062,75.62682410298854,77.50899530135354,29010900
2022-04-22,35.554840087890625,37.28410976810441,35.345233459060815,36.489344359547005,8827500,82.92483520507812,85.89599442333991,82.71753996993478,84.53133703470931,6483900,24.012746810913086,24.85020815558928,23.70595499625378,24.526832572160487,10122500,137.05508422851562,140.90404091084847,136.97844890137225,139.97586729959693,12160100,48.138946533203125,51.131569699723194,47.82393273611868,50.46009367069624,9734600,97.06938171386719,100.83111274539061,96.94398940393951,99.37657215457806,3086400,107.37094116210938,113.45336449007561,106.93353558887216,112.87566020400843,2228000,34.680870056152344,36.43837758942216,34.55204806577696,35.564227366121784,13347500,79.6904067993164,81.97825719905356,79.61719391085313,80.91669126223216,4052200,53.30299758911133,55.75068247690678,53.02057337661689,55.75068247690678,22816900,72.21475219726562,74.89193007657043,72.11111708218824,74.26149465690303,3458600,37.96220779418945,39.63928980078868,36.17574837979374,36.43095885438431,20746000,91.20289611816406,94.38902204865926,91.10554168884114,92.52159690769636,3767700,74.18032836914062,76.78575062292249,74.06705174213775,75.51354088488591,23591600
2022-04-25,34.131256103515625,34.36706276011271,32.297179527790604,34.131256103515625,10373300,79.16773223876953,80.6878584474977,76.69751891259848,80.32510150606872,11913400,23.763999938964844,23.904958830248233,22.3129531799069,23.28308164779483,13569500,134.1087646484375,134.84959877344014,128.88883097995745,132.6100490017014,15449800,46.572181701660156,46.79600708988008,44.03549713081458,46.41467635245955,13608400,93.43303680419922,94.41944653179846,87.78208543510863,93.75069817368981,4813200,103.83866882324219,104.71347994792215,98.83738062515965,103.36825068873446,2901100,32.50929260253906,33.43865374777216,31.083040122129297,33.328235401141754,19492300,77.10972595214844,77.77777448133988,74.64799623687874,77.49408321403666,4915600,51.70258712768555,52.06032636635783,48.511186096190116,51.42016292503631,32977000,69.96934509277344,70.82431965294414,67.43897961549567,70.19388446513251,5577500,35.264286041259766,36.485639113202495,33.678352090443056,36.458296503443826,23976100,89.28237915039062,89.9019080541293,85.59178272183455,88.0698848322192,6651200,71.67948913574219,72.02804133953418,69.09149783129307,71.775341157987,37698300
2022-04-26,33.729496002197266,34.908545667215826,33.61596047757979,34.2360514134579,9979700,78.87405395507812,81.4392755638301,78.85678264200968,79.90187170676249,5970100,23.67279052734375,24.833629187439815,23.656208337940004,24.120542853069164,8611800,133.29127502441406,136.56117863367814,133.1720601947047,135.24130480241092,9810600,46.75456237792969,48.48713400665945,46.53902539622935,47.210501614476726,9636500,93.28256225585938,96.04952860722301,92.95654609367159,94.63678765259763,2462000,103.4837875366211,106.9170193510941,102.94734427854667,103.4837875366211,1587200,32.31605529785156,33.81591880168972,32.10441867622736,32.730128475001464,11378600,78.21702575683594,79.58058255598878,77.09140035755883,77.64963637920518,5208400,51.60844421386719,53.55717577840136,51.457817740949224,52.625175599477224,27151300,70.71207427978516,72.05930445113538,69.99528613117376,70.31481621284615,4847000,36.03902816772461,37.03251692069308,34.653612435708595,35.36454812936034,19941000,93.0526351928711,94.95546293505409,89.46823859126394,90.02581529727874,6731800,71.70563507080078,73.82308206516569,71.609783040959,72.08904319016786,28941500
2022-04-27,34.90855026245117,35.22296354784435,33.284083842344685,33.92164263477534,10210200,80.37689971923828,81.1283302517123,76.6715807591161,79.2195307733927,6765800,23.92154312133789,24.27808630007066,23.15870703101897,23.772292341262265,6862200,133.04432678222656,134.4749046540263,131.57968010770333,133.7596157181264,10396600,48.138946533203125,48.81042256223008,46.124521608435124,47.111011434546526,8168000,94.30242919921875,95.04641560331451,90.58249717873996,94.05165091990172,2839800,104.51541900634766,105.6955980902417,100.35592903463677,104.39162342513805,1549900,33.07058334350586,33.558271034844054,32.12281868641061,32.73932834937703,11122600,79.84597778320312,80.56893933678371,77.25612949290151,78.56478018169278,5219900,52.33333969116211,53.0958882952706,50.092767573494925,51.589619846673195,20688500,71.68795013427734,72.6465535116548,69.67574617356307,70.72070885032389,4482600,36.4127197265625,36.87756141838628,35.81115804935509,36.595011881429464,10619400,96.92022705078125,97.4158447064112,91.70736916531122,93.68984654011516,5539700,73.75337219238281,74.48533256205452,71.69692128684562,72.66415059614833,32773000
2022-04-28,36.20113754272461,36.664021942088894,33.99151220610648,35.3539687378767,7272700,84.25497436523438,85.0409476098295,78.77040660784618,80.35963758934892,9520600,24.170291900634766,24.369292401489798,23.266496970804365,24.004458940679935,7221900,137.7703857421875,138.8007528763606,131.92883206458572,134.07471237298586,9366400,49.64768981933594,50.16994892660589,46.82915528149164,48.32132099709306,7940000,98.44869232177734,99.6357324671515,92.22930044777338,95.07149891644875,3312500,106.85099792480469,108.55935287809267,101.7094047411569,105.57178751849219,1896300,33.78831481933594,34.22999170133653,32.316055035864785,33.365038069383175,9165000,82.07892608642578,82.5731026281326,79.3151987956171,80.39506450187301,5157900,53.6889762878418,54.15027190522407,50.761170701337846,52.239197757251574,20633100,75.3150863647461,75.790072350056,71.72248845429957,72.2320128850942,4228700,36.558555603027344,36.90491037656268,35.12756781278647,36.78641994512855,11502600,102.24815368652344,102.72607368293218,96.37151830831152,97.36276053259839,6427700,75.98408508300781,76.80318173422033,73.25667698740368,73.96249035395398,33683800
2022-04-29,35.746978759765625,37.231706116503446,35.51990104728027,36.27973416409246,12974500,82.50164794921875,85.34325710776709,81.9834228170825,84.42772582134005,8777700,23.871793746948242,24.61804607701675,23.772292698231865,24.3278363982358,7195800,133.4105224609375,138.32390277361716,133.08693370402023,137.33611508977657,14713200,48.22185516357422,50.393789097746044,47.931712886493145,49.8300813917197,7834600,97.6043930053711,99.9199448726789,96.63469917826674,99.02548899036915,4734000,104.17704010009766,108.98025902956111,103.4177635541329,107.16461168580678,1748800,32.7761344909668,34.06436132071807,32.49088682176361,33.898732056603315,9381900,79.85511779785156,82.85677585979664,79.79105827757702,82.20702730216522,5081900,51.862632751464844,54.3385590385192,51.46723597215446,53.86785081009466,19208600,74.92647552490234,78.00954938580598,74.6760289370226,76.54141489707563,6279900,35.55595779418945,37.28772854450388,35.391898632591804,36.93226065332878,10611900,98.66375732421875,102.11539026090485,98.26548731071166,101.44276816427538,5963400,74.28489685058594,76.80317610640166,73.80563679231805,76.80317610640166,34656500
2022-05-02,35.46750259399414,35.89545138106871,34.21858511625576,35.20549265657176,10677800,82.84709930419922,82.9593858726104,79.96230975495929,81.42197583801855,6980500,23.97958755493164,24.070796727132972,23.349418399255224,23.581586482351486,9932300,136.03323364257812,136.24611820226917,132.11615254688596,133.10394002227855,11559000,48.371070861816406,48.603187839875794,46.78771627087833,47.62498938449902,11320300,97.22819519042969,97.83843429598767,93.70888798272014,96.07460009857195,3496000,105.22517395019531,105.34071481394965,101.13996383308378,102.3366397633272,2298000,33.08899688720703,33.48466649570831,32.28845760239268,32.45408690409724,8988100,81.55731201171875,81.75863702758475,79.11388192579842,80.01987591604652,5088200,54.88457107543945,55.1199251568875,50.78941149473086,51.335431096256805,38104700,77.01639556884766,77.25820423302493,74.34784917908128,74.8573802261336,4280400,35.647098541259766,36.02079592644294,34.79032638235153,34.94527594431887,11445200,103.19512939453125,103.26593384920987,98.24778460076944,98.67259782427226,6708000,75.29570007324219,75.84466526511761,73.74464321643005,74.07577077655031,36335200
2022-05-03,37.13563919067383,37.51992023653335,35.44130503601101,35.493705028115244,9096200,85.4468765258789,85.9651014867178,83.03712353891079,83.50352798054216,5748000,26.251506805419922,26.334424073497914,24.667793153040087,25.281378406392687,14685300,138.366455078125,139.1668901195472,135.6159771722059,135.87996494449905,8827200,53.286922454833984,53.44443094197952,49.21662397799948,50.48496764835001,22056300,100.94815826416016,101.466437198457,97.2031426969236,97.26165826620611,3326700,112.33096313476562,112.89215799078332,105.92667503716439,110.48229681086622,3555100,33.742305755615234,34.01835689293442,32.9969775132343,33.21781421092642,7055400,84.78773498535156,85.30021122721355,80.02900208961462,81.12717444184553,5831600,55.769508361816406,56.946278845899805,54.36679636465285,54.39503770708093,24723400,78.40679931640625,78.8040573353321,77.18048022466233,77.19774944774966,4292000,36.59502410888672,36.90491983262559,35.46481515262295,35.5377334297073,8876500,107.44328308105469,107.74419183162597,102.75259345121083,102.7879956722692,5823700,76.84675598144531,77.36086532890735,75.0430054765566,75.16499775046557,33908100
2022-05-04,39.476261138916016,39.53739667400192,36.8648875753622,38.41075038747016,10228600,89.70498657226562,89.99001266170927,85.60236107915742,87.2347736429323,7989800,27.171890258789062,27.196764336529856,25.65450983749118,26.848514596033723,11865400,142.7093048095703,142.96476890583287,139.20097106745828,140.47827855532745,9183200,56.15519332885742,56.2961249611849,53.021644924247994,54.28170008327518,15072000,104.30027770996094,104.47583080098141,100.53019121329254,102.95441957464907,3134600,117.59636688232422,117.90172220457899,112.69410932423168,115.74770032581138,2581900,35.03974914550781,35.15936760481303,33.355852033830594,34.50605382810061,10352600,88.17374420166016,88.35677640453495,85.05312019876479,86.07807260700508,5416300,57.9630012512207,58.23601283986587,55.42117652527853,57.068655048786844,27975500,83.05300903320312,83.29481772186897,78.5449834868703,79.22723319491612,5874800,38.828086853027344,38.91011816445078,36.86845537758765,37.634079791894905,11713700,113.48808288574219,113.8863461054412,107.78845963563883,108.80625167210574,8342100,79.90528106689453,80.06212921799442,77.47414469696616,77.98825401841138,46188400
2022-05-05,36.07012176513672,39.519928329872855,35.52863417723211,39.15311512467072,15617200,88.84127044677734,92.06290720770765,86.82882322155943,90.33548605430282,10593000,26.425636291503906,27.36259725936691,25.646216411594562,27.34601348752478,8602700,141.5767822265625,144.33577156419113,138.50272781097374,144.13139765247738,9807600,55.666114807128906,57.09196414807289,53.9667000246864,56.98419249404934,13010400,103.1717529296875,105.68793508269567,101.79245012392535,105.42043443497417,4289400,114.37769317626953,119.61832431103475,111.81102382791664,118.5124314324542,2854100,33.760711669921875,35.527422920988755,33.05218715606858,35.38019727591121,12199800,86.11469268798828,88.67708807839698,84.38507824315042,88.20121125750914,5020700,58.64081954956055,60.72134861702681,56.89919731821733,59.83641862769468,42153600,81.6280517578125,83.56253430994654,79.8490251676101,83.43299206753161,5448500,38.354129791259766,39.58459591391643,37.7525645579482,39.41142025631511,16281500,111.36402130126953,114.29348671697623,108.64696252010279,113.12524009857879,5801000,78.69406127929688,80.21026217185614,77.0210188958654,80.20154653967009,41013400
2022-05-06,38.524295806884766,38.57669579924419,35.92165735118381,36.66401945046606,9499800,93.01298522949219,93.03025653995749,88.7894414400019,89.97272059972492,9213100,26.989469528198242,27.279680782584613,26.226633441959432,27.238219772650154,10587400,145.34906005859375,145.58748971941895,140.86145002548758,143.2883391366378,10418100,57.7717170715332,57.82145393275623,54.74593362948163,56.876415621760856,14629700,110.52800750732422,110.63668380841958,104.5343181703996,105.24486602141687,7042600,117.95948028564453,118.5124393549088,113.56066633327768,116.76280432401902,2732200,34.368019104003906,34.46923739670702,33.38344690975129,34.340415391498105,9853200,87.78022766113281,87.85344053725193,84.22948695292598,87.16708553305465,4572200,61.13559341430664,61.173250938420324,57.85004805538082,59.52576837502883,30897900,83.21710205078125,83.3725514454482,80.39310581246409,82.84575108512097,4093600,39.22001647949219,39.73954699444696,37.83460061396794,38.80986337174283,12396000,114.3288803100586,114.40854376916049,110.03646620392605,113.53235375560064,4400100,79.8965835571289,80.00986020827246,77.85755729997851,79.27790649673396,29619300
2022-05-09,32.777530670166016,37.66839804946367,32.62032401641059,37.66839804946367,13347600,83.95265197753906,91.1214512521705,83.33078599713811,90.83642522599442,9750900,24.31125259399414,26.351010647068094,24.045918573126265,26.226633940960202,10663700,135.60748291015625,142.84555892105942,134.9517947392395,142.84555892105942,14110700,51.41342544555664,56.039139890620525,51.31394856563941,55.82360296143469,18682400,98.5907974243164,108.68895741038706,97.61274246194935,107.79449519942521,6977200,106.8675308227539,115.11222573357033,105.56356227524189,114.3859741753063,3314700,30.696577072143555,33.52147157212707,30.64136613851154,33.420253282203184,13821400,83.14962768554688,86.50819008159066,82.95744910783489,85.65710953345778,6756700,54.451515197753906,59.553989469703225,53.74545302122246,59.4127791891277,40093500,77.27547454833984,81.78349272865441,76.99912086768312,81.41214185257272,5173000,34.67184829711914,38.436165720665166,34.66273177394134,38.13538651755993,14845900,104.83245086669922,111.95698924696555,104.38108762940402,111.3374671061967,8179500,73.59651947021484,78.04054197870813,73.21311136463922,77.93598096670068,45851600
2022-05-10,32.64652633666992,34.480599464903186,31.546079794419928,33.37142070066472,11971800,84.64363098144531,87.68388911319674,82.89029967973522,85.40369386698609,7845900,24.560001373291016,25.273086070398914,23.962998318996114,25.1072531187178,10196700,136.91030883789062,139.8140571776241,134.4323295921905,138.12801520341566,11636000,52.85585021972656,54.364599207038815,50.998933740794904,52.64860487934409,12783500,99.94503021240234,104.54270232174491,98.37346458736954,100.67230064204082,5451400,107.15635681152344,112.02560745897772,103.16192990781501,109.45067712523252,3144900,31.561534881591797,32.29766328938639,30.714988090162294,31.285487167435964,9371600,83.93667602539062,86.72784997042592,82.1887545637673,84.14715440102015,6186400,55.92953872680664,56.70149975702769,53.57599812461613,55.82598236571538,30590200,77.35320281982422,79.91811414708695,75.85052995925925,78.07863541413315,4186100,34.535118103027344,35.683556300064474,33.687462497525495,35.063765029871,11063400,107.06273651123047,109.81519722492723,104.54038689882081,106.56711883364385,7048800,74.08448028564453,75.71395790365565,72.7774145973806,74.62473649676905,34483200
2022-05-11,33.450016021728516,35.45876309384839,33.231673876245125,33.528619327368006,10243300,85.54190063476562,88.86718520537222,85.33461193095555,86.12058516892954,6651600,24.526836395263672,25.745715122538474,24.493670434070214,24.999462808257665,11052100,138.93698120117188,142.59859820140363,138.38347355371045,139.29462569978398,9105500,53.61851501464844,56.594555083255514,53.40297808855787,54.23195945469367,12610000,101.3912124633789,105.48732172243712,101.08191221762443,101.11535059914269,4167300,105.87173461914062,112.51460784307565,105.64354739387684,109.09175432832588,2705600,31.920394897460938,33.355847818975064,31.83758023833249,32.2240498176442,9595100,84.15628051757812,87.48738983433311,83.80852980234403,85.25445279751919,6411000,56.57911682128906,59.71403474804205,55.49649025727712,56.42849036059096,36357100,78.76090240478516,80.29812735792193,77.81093666613681,78.8990825937928,2981700,34.97262191772461,36.39449681316282,34.872361040382046,35.018194095534604,11569100,107.4464111328125,110.19458542330722,106.94674555542544,109.27555474742762,5003800,75.6268310546875,77.50029344032822,75.18242680319116,75.31313471811134,33020600
2022-05-12,33.21420669555664,34.08757529302392,32.20109925576008,33.083203404918635,10293600,86.02555084228516,86.07737794498765,82.4584294151225,85.03228260685535,7244400,24.603008270263672,24.763812699566998,23.84976910363414,24.382960528653644,8705500,140.2569122314453,140.37612710185988,135.27540680269755,138.9881151871824,8936400,53.560489654541016,54.240254160909444,51.82791837311097,53.344952716045775,10767100,100.73916625976562,101.72557605830913,98.25642257492282,101.6837764926695,4056100,107.36764526367188,107.90853968229227,102.96442321160602,104.37581938369458,3362800,31.80078125,31.819184900375255,30.89902344243687,31.635151906760097,10336800,84.87008666992188,85.31851032348568,82.9025341570369,84.5314893183317,6985500,55.75067138671875,56.70150021759101,53.717212433557904,56.61677261157523,23862900,78.75224304199219,79.17540818975529,76.64504203152892,78.95086875697027,3910600,35.57417678833008,35.61063591426322,33.796837860759624,34.61714733265361,13434300,107.4375,108.42790667107876,104.40380136345088,107.66948371379982,3800100,75.97014617919922,76.0405653098911,73.41726631766794,75.66203477818632,29491500
2022-05-13,35.93912124633789,36.611612174364545,34.2797194802445,34.288451700816005,8755200,88.88446807861328,89.66180240876903,86.97566170195415,87.08794830622202,6549900,25.203907012939453,25.686318664198943,24.958468599907576,25.110809461201967,7622500,142.94773864746094,143.73115237019758,140.40164729692788,141.7811352659376,9229900,56.95102310180664,57.47328546322038,54.679615699037726,54.712775716002604,13287700,103.8906478881836,105.37862043596039,102.31908259526426,102.54478364492083,3881600,112.76813507080078,114.75423879743732,109.66644225851948,109.75096224958745,2781600,33.21781921386719,33.447859522855566,32.40807985352642,32.44488363526078,10121800,87.7436294555664,88.51235076301353,86.2702533497605,86.32516650298409,5834900,60.325958251953125,60.69311003450531,57.191040247912454,57.20986900486618,35184900,81.69715118408203,81.94759779107474,80.04766664747933,80.04766664747933,3329000,37.132774353027344,37.21480565445339,36.06636743448867,36.17574134407877,9798900,111.26531219482422,111.81851829625445,108.93650273334539,109.37371697158396,3800700,78.22372436523438,78.30294841070683,76.0141619759475,76.90326987792952,25798400
2022-05-16,37.03956985473633,37.886738638105356,36.0351944243166,36.1225333013656,9127800,91.53058624267578,92.91004877282589,89.04928261689484,89.43102367291496,7990600,25.864049911499023,26.177195210598068,25.280078732443354,25.30546780111409,7930700,147.32464599609375,148.99366688759514,143.79076702321538,143.90998187307662,13296300,58.84939956665039,59.37166200070091,57.03393423886871,57.11683113049703,12633200,105.62940979003906,107.40996659230736,104.14143717547803,104.14143717547803,3560100,110.96798706054688,114.2049069672647,110.81585364325883,112.48079701635282,3959200,34.57046127319336,34.76369431221753,33.31904128880206,33.32824486788147,12427800,88.28358459472656,89.61968857577018,87.02983988816045,87.02983988816045,5703500,63.75271224975586,64.7035447128695,60.73076682350857,60.85314835541971,38650700,83.8388900756836,84.61613696044799,81.80077895065354,81.80077895065354,4561900,38.408809661865234,38.809853094886265,37.187456753629036,37.24214544275017,10181600,114.01348114013672,115.30726108450195,111.5062217356041,111.96127823502522,4599100,80.06354522705078,80.97026284611069,78.32054926442964,78.32935417386697,26101200
2022-05-17,37.677127838134766,37.95660557528442,37.02210126700826,37.44131787273273,6472200,92.84932708740234,93.95984603192204,91.71278816367916,92.90138690333606,6577500,26.278751373291016,27.108160872458704,26.007923913502303,26.44801934278846,9510000,148.19320678710938,149.5726946517271,146.98402398090423,148.88295071941823,12827600,60.167476654052734,60.374722021702716,59.288751994470665,60.101156618494336,10782300,106.5155029296875,107.91152158777143,104.9606535865064,107.02542698189839,3496800,111.0947265625,113.13153678747159,109.42133676369703,113.13153678747159,2993400,34.855709075927734,35.297386053990195,34.54285411103308,35.06734574186579,12765400,89.81190490722656,90.49320286410266,88.08103033543703,90.06969294365551,5576300,63.95981979370117,65.11775771323934,63.187858786530484,64.83533715887097,28834800,84.3916015625,85.20339352434993,83.27754873893761,84.94430902071493,3747200,39.1470947265625,39.58459384681505,38.65490691242816,38.755167779411146,9936900,114.2633056640625,117.50222777396698,113.13905812217291,115.99429969949503,5185000,81.08470153808594,81.3840013035753,80.21320353813832,80.75018885027225,23120700
2022-05-18,35.327762603759766,37.97406855050169,34.74260387506428,37.91293301145489,8696400,90.6456527709961,93.78631902178353,89.15339943630859,93.45663776239859,8957000,25.974071502685547,26.549580666619356,25.54243962973519,26.51572642673666,8563300,144.28684997558594,149.49821644508089,142.33795213753666,149.48962262399314,13107500,57.96238327026367,60.66486465227826,57.033928065124975,60.51564773364858,13801800,102.46957397460938,107.74435576569692,100.92308553713865,107.17592242622617,4340700,108.48324584960938,111.77087251006009,106.82675580960614,111.64410541228132,3284800,33.125797271728516,35.2789742347963,32.56449847855806,35.19615960121155,9556300,88.57819366455078,90.41033603900662,87.02224974008392,90.20779331869349,6277700,60.533077239990234,64.67530364357192,59.52575839061494,64.48702323702261,28649800,82.4916763305664,85.13431626365424,81.44671342913769,84.80614163113054,4002600,37.488250732421875,39.66663376287925,36.93226105982453,39.50257112254119,9734900,111.2474594116211,115.43217232638621,109.46293167438459,114.60237346370698,5436900,79.79945373535156,81.79773822568406,79.07760567568609,81.43681755394016,25451200
2022-05-19,35.65090560913086,36.5941452863595,34.34958827458444,34.48059156421946,7227400,90.75846099853516,92.58039607642907,88.34656529721897,88.34656529721897,6784100,25.745561599731445,26.236436804404786,25.466270562835565,25.50858675068742,7915300,143.256591796875,145.64334205975877,139.79666198771844,141.3420431544185,10958700,57.62250518798828,59.16441126662125,55.95625062082811,56.22152444486029,10460700,101.73394775390625,104.15817627583041,99.96175812449964,100.52183668180383,4586600,109.71717071533203,111.66946144240973,105.38155532677071,105.49142229673754,2942600,33.1810188293457,33.779121587869845,31.975606223182208,32.205646555723085,8485600,88.16388702392578,89.97761886586936,86.56190661145578,86.77366506512591,7399700,60.212982177734375,61.879292953809376,59.149184406394774,59.337464782449864,27147600,82.32758331298828,83.26027962072475,79.92675905287574,80.48809783015372,4660600,37.2330322265625,37.752562650045036,36.467407895598676,36.494753981052554,12123900,110.8727035522461,112.83568122217149,106.35784401952542,108.41005351689233,5401700,80.23079681396484,81.25195128775698,78.34694935551957,78.34694935551957,24387400
2022-05-20,36.38454055786133,36.94349600277155,35.135623028048755,35.87798843527541,8298500,91.11416625976562,93.30917132478436,88.65889516429411,91.20960155038281,6717700,25.974071502685547,26.481873801112968,25.584755815329554,26.05024192816261,9061800,144.080810546875,146.8453092186325,140.8784331019698,144.99086477613528,9615000,57.96238327026367,59.91048847347633,56.47850566962037,58.45148562979359,12971600,102.02650451660156,104.6597110587648,100.47165522591831,102.73705241492684,3559800,110.10594177246094,113.19072853329725,107.50288293421453,110.50316258551445,3060100,33.76991653442383,34.46923749766467,32.9601737005636,33.74230931170079,9703100,88.90042877197266,89.7290381709892,86.99463066633314,88.82678006643552,5892900,59.553993225097656,61.54979476440474,57.86886078683939,60.636626991753744,23803400,81.83027648925781,83.67994499568037,79.81484054657682,83.26114974000035,3838800,37.479129791259766,38.34501507386844,36.85022539539499,37.72522372275492,9870700,109.7306137084961,112.32709802987245,107.16981395137233,111.55975055721328,5095700,80.86461639404297,82.38753648920151,79.57937510167321,80.92623732189024,28795000
2022-05-23,38.55923080444336,38.75136965974071,36.56794783234612,36.969699980631084,8510500,94.58450317382812,94.94021766542761,91.7648403158171,91.99909293691321,8646900,27.395917892456055,27.42131018867929,26.25336464647703,26.30414439614609,9299800,147.4291229248047,148.49372181240986,145.18832337855505,145.46305054611759,10216400,58.90742492675781,59.321915687738944,57.89606645802352,58.73333956610099,9610300,107.05887603759766,107.22606153978596,102.3358058793021,103.89065528498202,3344300,115.03314208984375,115.12610892390296,109.71716465847747,111.13700769217402,3308000,35.26978302001953,35.41700868221319,33.92634490359861,34.08277414413125,9574200,89.22266387939453,91.10083567184917,88.51373982830256,89.8855443227451,5440200,61.58744812011719,61.90753337358558,59.12093859996235,59.84582952891835,24517300,82.95576477050781,83.68864799802353,82.17052798636712,83.02556507499219,4220300,39.93094253540039,40.09500511510874,37.78901595673395,38.199172406004834,13288000,110.60503387451172,111.53298916122512,108.56174869618606,111.08685720458021,5266200,82.65164184570312,83.4263060089529,81.47203913919698,81.5688729991255,27239300
2022-05-24,38.09634780883789,38.82997776656523,37.61599561391066,37.91294115231548,7953400,94.98360443115234,95.4173987384172,92.22467237218076,93.65618829081416,6859100,27.590576171875,27.84447977429049,26.87119124108022,27.040459233184407,9214200,148.21896362304688,149.02599668700043,145.78928371147822,146.54480625651314,9782700,58.35200500488281,59.122958022821614,57.241172873996085,58.30226814070182,7960600,108.04529571533203,108.84780410441121,104.28356394961448,105.56255172952339,3127200,114.75425720214844,115.46417881559495,111.37366335227883,114.15420901552416,2542900,35.40780258178711,35.656246527192955,34.37722301983934,34.66247074556958,7852200,89.58173370361328,90.07889231864803,87.65751815413132,88.28357780825311,3941300,61.257972717285156,62.57595728280943,59.13978554561909,60.53308515658774,19892900,84.43026733398438,84.67456842689693,81.7517419238274,82.04838992267341,3076300,40.012977600097656,40.28641409976324,38.700476838608886,39.16532201728074,11259800,110.82809448242188,111.5240592118741,107.96392827644291,108.91865034510256,3677600,83.10060119628906,83.44391881516734,81.26956941815247,81.709720900425,24293300
2022-05-25,39.781944274902344,39.80814760184788,38.00027129791953,38.00027129791953,7895100,96.4758529663086,96.76215880268612,95.04433702277286,95.39136717928095,6707000,28.724666595458984,28.86008033907123,27.87832989075287,27.87832989075287,12640600,150.59710693359375,151.09506369745813,148.50225885814123,148.64820966991186,10174500,59.63692092895508,59.844166268491755,58.028695070270174,58.21107198100259,8740500,111.23860931396484,111.56462560125703,108.27101796503133,109.09859090292083,3879700,119.7997817993164,120.55196333498772,115.96281386246228,116.51215514619925,3404000,35.68384552001953,36.05191135567023,35.104146567553215,35.453805250271834,8889900,91.16529083251953,92.14121170227345,89.39759544367041,89.55410860301498,5486200,62.500633239746094,62.73598733604953,61.229722556194936,61.75691343353479,18245000,86.44570922851562,86.92557139524935,84.41282007765842,84.62221435665998,3422100,41.061153411865234,41.29813427277476,39.71219693500778,39.830687365462545,17205000,113.6208724975586,115.66416428634174,110.66748140765871,110.85485599449441,5677200,84.7731704711914,84.97563637358432,83.16221458053363,83.25904843513128,29947800
2022-05-26,40.03521728515625,40.95225366092062,39.808142912082324,40.2360916660085,9517700,98.16764068603516,99.42564137089003,97.32607877693327,97.71649095659858,6159000,29.325571060180664,30.281929308193092,28.96164598225783,29.06320549305624,11206100,151.61021423339844,152.76065953648822,150.2537137460378,151.52436773187088,11213900,61.187095642089844,62.5383389419226,59.943623937727914,60.101132377493485,12960200,111.78194427490234,114.0473354733142,111.17171139282206,112.71819338225153,3384200,123.75506591796875,125.02278843495318,121.10976036843398,121.51542796300572,3329200,36.953678131103516,37.349347775877334,36.02431675090675,36.097927830558916,10446700,91.58880615234375,92.39899810186257,90.92591863719336,91.85579587864886,4520600,64.63766479492188,65.34372721861126,62.820730537330306,62.86779705611323,22548600,86.0967025756836,87.79804334136145,85.92220847641728,87.15240718624821,3262700,42.555946350097656,42.91141767005198,41.38928194696812,41.47131325512155,16282900,114.31683349609375,115.95860923247368,112.59477090028923,115.2983291202956,4887400,85.07247924804688,85.7679194065382,84.68514378858875,85.03726632298898,24314800
2022-05-27,41.58981704711914,41.60728482111972,39.75574408834285,39.91295072271079,9157000,99.42565155029297,99.42565155029297,97.05713839537019,97.3000621426263,6788700,30.06188201904297,30.07034396607129,28.944717757230435,28.98703394940908,8413700,153.06114196777344,153.1212463040108,150.83751733301756,151.55011004653807,10512300,62.836795806884766,62.86166423819402,60.606833704967066,61.00474125516801,9335500,114.3984146118164,114.47364616400041,110.36082215729455,110.95433252065862,2941000,129.02032470703125,129.36683855707352,122.93526036884397,123.4085412879564,3007600,38.0578727722168,38.140687431455774,36.42918681394155,36.57641248479563,9138800,94.00096893310547,94.41527713050378,91.690071417376,91.78214458848457,5987400,66.70874786376953,67.10414091646625,63.77152693851873,64.56232022634727,20843900,88.75778198242188,89.22891738771999,86.03563006629486,86.11415041500344,3621300,43.94136428833008,44.13276952471808,42.045534537418455,42.164021506458056,13950700,117.60929107666016,118.74246993194436,114.38821816539618,114.6648177691971,4518900,85.90874481201172,86.20805124870262,83.89285736225249,84.46504879454953,25588800
2022-05-31,41.057071685791016,44.07019514244846,40.349644989005405,43.43263622718973,37978500,97.48225402832031,102.36677538338583,96.57996110480299,100.83982423821092,17278500,29.05474281311035,30.848975858395576,28.885474813701883,30.51890503523427,22122700,149.95323181152344,155.36205923752726,148.93156280768164,154.50351561753732,20547600,62.090721130371094,65.64705284023108,61.73425880072189,65.0584766819038,22040700,114.4903793334961,118.69515766336173,113.88013378264023,117.01490964022011,7746300,128.47946166992188,134.9617482641862,127.28779934674664,132.69674387642428,5259000,37.37497329711914,38.84228720441266,36.70130136136625,38.47315025753535,30406800,93.71556091308594,96.31186556774941,93.38411716787812,94.74672001197658,11267100,65.24957275390625,69.70247578428865,64.95773594874842,68.78930066596405,41019500,87.95508575439453,90.45038984161944,87.7369648142981,89.26381139497306,5541800,42.043190002441406,44.54053316491325,41.55835884876611,44.54053316491325,28706600,115.63740539550781,121.1248228638344,114.88789338186956,119.50089605162903,6325300,84.50908660888672,87.83663081952304,84.2537979371476,86.76266010261315,44888100
2022-06-01,41.58981704711914,42.76886680487867,40.611645024547606,41.947898085037835,9252600,100.42339324951172,101.7681583985797,99.06127923866985,99.21744547134112,7246600,29.782590866088867,30.527368154983247,28.91932694161284,29.51176334803976,11208100,151.37841796875,152.93237983107795,150.19362357632932,151.73041089809487,8824100,63.4005012512207,64.32895638605132,62.19018282252865,63.30102120479189,9911800,116.97311401367188,118.39422265460813,114.85818618436194,116.89788245186307,4390300,129.21475219726562,132.1727719140284,127.52445521625832,130.15286753756237,3194600,38.205528259277344,38.66694766569204,37.40265595746327,37.790250089433975,10391100,95.66738891601562,96.31185891820395,93.59586916358657,94.7006768885369,5366600,66.29452514648438,66.9252722583017,64.18575493107662,66.49222168082554,28856900,90.02288055419922,90.74704372027603,88.30408636871317,88.85374877737935,4086100,42.70184326171875,43.296450440307,42.0797938559839,43.03116394588445,15207500,118.26956176757812,119.25997506614864,114.95033955695608,116.28873517043709,3974000,86.12884521484375,86.89471126862071,85.05488116004108,85.40699699902996,25815400
2022-06-02,41.45881271362305,42.2710458605453,40.87365395981457,41.170599447201596,6671300,99.73797607421875,100.59688686089697,98.13293862624826,99.1306667541786,5042700,29.604856491088867,30.070341016430998,29.283247650744876,29.672564974747896,7584700,151.10369873046875,151.54155132316836,149.47247085930906,150.02193833067906,7441900,63.25957107543945,63.99736404422225,62.040967358008466,62.5134928460646,7514300,116.56350708007812,117.86757179093796,114.23959427371292,115.25944236921829,2619700,130.068359375,131.58962937563177,126.13842369464972,127.91324084471071,2084900,37.87329864501953,38.27011954199983,37.347280901645654,37.94712390566585,9015800,95.99881744384766,96.3302611379634,94.53494698166617,95.01369508194689,5154200,65.24015045166016,66.64285868433332,64.73178480344039,65.52257102349148,23447600,89.8658447265625,90.78195551502544,88.68799275319878,89.4732296209493,3031400,42.354225158691406,42.8756483943887,42.006608505026044,42.72928403857194,8155100,119.22428894042969,120.80359973609767,117.10962801418763,117.44869262729047,4476100,85.97918701171875,86.35771754665184,85.20452283807408,85.64467431049961,19089100
2022-06-03,42.1837158203125,42.34965803811893,41.31908250338427,41.3976858350721,5009400,102.47955322265625,102.73982579409014,99.87678779326868,100.16308695992848,5387100,29.774118423461914,29.833361720369897,29.27477975772495,29.587923359741083,5816800,152.47735595703125,153.0354040838223,151.10368089061836,151.10368089061836,8435300,63.848148345947266,64.12171374171402,63.06891008552665,63.41708077579713,7106800,119.10478210449219,119.76518214958722,116.84774562325778,117.10688510091356,2665200,130.7106475830078,131.6065027752972,129.34995821662287,129.8654992286306,1787700,38.71308517456055,38.85150887094565,37.60567800172793,37.90098611176992,6737600,97.24175262451172,97.72050081250376,95.99883503176535,96.13693776698126,5665400,66.17216491699219,67.13240656161648,65.315472476818,65.371962349399,23397800,91.13966369628906,91.47120516848476,89.6651638350444,90.04033216307904,2940200,43.42451858520508,43.66235936159454,42.38167208404845,42.45485251924459,8854400,120.83038330078125,121.63342903018844,118.87632305855148,119.40276913994761,4860400,87.22920989990234,87.73098899331569,86.18165403076289,86.18165403076289,21038200
2022-06-06,42.40205383300781,42.856206000871346,41.57235282117323,42.725199350504695,5524300,101.8375473022461,103.07819926278552,101.1781847332365,102.54029856802379,5608400,30.42580223083496,30.518899775891985,29.960317734067846,30.256534260596556,7963000,151.81626892089844,152.8207633778021,150.6829850616209,152.73490377621954,6734200,63.87302017211914,64.80147530358406,63.05232402246553,64.57765310571341,7709800,117.95952606201172,120.1496853772371,116.6638161577584,119.53945258242919,3225000,131.6825714111328,132.5699798188828,129.51899354960904,131.64031141153686,1561900,38.1317024230957,39.13759694794045,37.95636430238,38.85151562644023,7125900,100.71268463134766,101.55970434034653,97.41666490923056,97.4350823513631,7557300,65.531982421875,66.58637115421112,64.45876852576306,65.99327434995647,25654100,92.500732421875,93.32086934945067,91.35778073844165,91.50610139148563,3046000,43.195823669433594,43.909349481841005,42.884798971019826,43.71724691536233,6697000,123.74810791015625,125.1132708686242,120.83040054515618,120.83040054515618,4451200,87.00914764404297,87.83663463554868,86.85949774188782,87.30845416453232,20682100
2022-06-07,44.882423400878906,45.34530781218215,41.97410694496655,42.02650694223851,10390900,106.4617919921875,106.4617919921875,101.62064621200682,101.66402828791695,8559000,30.561216354370117,30.586605420251107,29.765657852573327,30.197291343658403,10103800,154.7095489501953,155.10448475719699,151.89352708395765,152.36572866830684,9668300,64.69371032714844,64.8346356496609,63.21812442172083,63.616031958770876,10469500,121.9887466430664,122.26460843831585,117.63350536625694,117.6585825516946,3354500,135.56178283691406,136.11958381271822,130.52470616554848,130.76979349955593,2588100,39.24832534790039,39.386752548919794,37.79946899739043,37.96558023047373,8768800,104.63478088378906,104.64398960634773,100.1418795659775,100.15108828853619,7723900,66.41693115234375,67.28303253298148,64.22342917496661,64.58116482807247,25630500,95.90342712402344,95.95578068360459,92.07322339810487,92.07322339810487,3477600,44.76008605957031,44.89730415001648,42.87564219739471,42.99456430980799,14735800,129.4496307373047,129.70838124276654,122.85580195273592,122.95395151305554,5637700,90.99691772460938,91.04973375206386,87.58133800407923,87.76620081634836,37810200
2022-06-08,44.690269470214844,45.37149924079201,44.41952733762921,45.196824855217436,7689200,105.72434997558594,107.65039777493173,105.41201754222305,106.47047671982216,7010900,30.28192710876465,30.933606777049228,29.943394354518613,30.6797064042351,7793600,155.50802612304688,156.59836720067145,154.75250346740873,155.3534814433312,8715200,64.60253143310547,65.2408444337764,63.9310584119984,65.15794754499964,9974100,121.82992553710938,123.7107909283993,121.16952565667965,122.88320556427522,3494800,135.48573303222656,137.11687609102236,134.2264702152499,136.52526191570263,2131500,39.65437316894531,40.595668901680085,39.017612323664636,39.28523634500435,10255100,103.91665649414062,105.27925243539154,103.54838485286835,105.01225567107407,6385400,64.9859619140625,66.83113688302596,64.35521475689131,66.4451599593973,29262700,96.19134521484375,97.09000252232867,94.96113978159062,95.75510328643176,3611100,45.34553909301758,45.583383295262706,43.98252201018454,44.824115982188744,15101200,128.28079223632812,130.9932686608206,127.42421285156513,128.869676097556,5828200,92.07087707519531,92.93357687220089,90.65359558526451,91.10254522855756,31613200
2022-06-09,43.703369140625,45.09202546218467,43.68590136739089,44.23612456353565,6461800,102.8613052368164,105.65494166770429,102.74852109849719,104.64854230492082,6643000,29.587928771972656,30.12958371622105,29.342490366448185,30.02802422130401,11239400,152.40870666503906,155.08735926287224,152.29709177334956,154.56364699467133,9764600,64.53621673583984,65.82114075446661,64.06369747359777,64.70201685174882,13712200,119.11314392089844,122.23955263642927,118.90415883540307,121.22807196567659,3006300,133.3897705078125,136.27172958176894,133.2545436718398,134.94484043367595,2012400,38.953025817871094,39.534415261222364,38.546978003661884,38.91611142012006,9186400,102.52642059326172,104.45983766961662,102.47118231297043,103.59440048267258,6594400,61.477294921875,64.92937615020595,61.44900029478855,64.1370978078308,25112700,94.46382141113281,96.32221623050428,94.39402776364187,95.73765366156206,2946100,44.037410736083984,44.97048468039299,44.00081877993045,44.632017809975345,11473800,127.95953369140625,130.27941101932964,126.47837276047139,127.6740027874301,4330800,90.08140563964844,92.05328243616515,89.93175574479118,91.04093266498128,26607000
2022-06-10,42.629127502441406,43.511228424680894,41.67715548492419,42.91733744136902,6434300,101.36038970947266,103.79831184554867,100.03298005361381,101.50787820030664,7298800,29.037811279296875,29.731807065782696,28.673886265832596,29.156297892328396,7557000,150.58856201171875,153.31015711007484,149.08611051405202,151.4213504613096,9529700,62.41252899169922,64.24125643250002,61.08102160351961,63.8704534884551,14759700,120.37539672851562,121.88009173870927,117.69202289738395,118.53633071847273,5527700,131.41212463378906,133.5672426595517,129.2147337144169,131.17548412197246,2074600,37.36574172973633,38.214751671638176,36.67361268217923,37.79024670068725,9898100,99.74597930908203,102.0937046204754,98.48465838207794,100.60220779655762,7420300,60.24171829223633,62.3639055198579,59.32682379632247,61.13775209989995,27407900,92.75375366210938,94.02757925272181,91.47120136938688,93.27724928433979,3015000,43.186668395996094,43.79957146850957,42.55547283439367,43.15007643861595,11294000,125.37196350097656,127.87923585277396,123.48036887536188,126.70144127201249,4770800,88.43522644042969,90.97930122407922,87.84542512323546,89.73807765679256,30950500
2022-06-13,39.79941177368164,40.64658048692002,38.340887629897246,40.58544494386542,9843000,96.96170043945312,98.92244584190509,94.02057571659968,97.56033205173159,9516900,27.556718826293945,28.394590190541102,26.96428260427532,28.318419773017023,10780600,143.6601104736328,147.66950774561585,140.85266907107254,147.3346762462526,14614900,58.3505744934082,60.23829274047802,56.63983505598152,59.21858463716545,15218700,110.95433044433594,116.67217065657384,108.79760336737996,115.5185691896026,5685400,124.91294860839844,127.16104667255655,120.13785193263921,126.34125161078417,3571800,34.634132385253906,35.972249092309795,33.92354622329526,35.815368216210466,12311100,94.0654067993164,97.40746309866798,93.25521495133218,96.42234067160918,8749100,56.43121337890625,58.28930030138577,55.1201726799056,57.88372720708955,34448400,88.50476837158203,90.9040990810074,87.3007363372224,90.13630899381602,4227500,40.5429573059082,41.67728346690781,39.83857788579083,41.4577352297592,12470100,117.43085479736328,121.04452638838403,115.50356146683663,120.50024485378715,6435900,84.37702178955078,86.06720154871621,82.67803712188149,85.847125849361,33421000
2022-06-14,40.17496109008789,41.62475303094296,39.29286014946505,40.69898098904282,7751900,96.72744750976562,100.7790911494146,95.4694467349177,98.92244552584987,7737700,26.329532623291016,28.166081529134374,26.02485092516523,28.106838224334133,15802900,143.8489990234375,147.91848776218188,142.3808835377149,145.41154173948738,10269300,59.488250732421875,61.04730488530295,58.25786688043128,60.26356647751627,11041500,111.2339859008789,115.34403872058657,109.36963697688132,114.0135634815576,4036500,126.45955657958984,130.38949139919873,124.43119272435551,128.2766204432927,2928600,33.84049987792969,35.62157918943661,33.24065672101006,35.289360151320835,10376300,94.5257568359375,98.28211475792594,93.18157137863906,96.39472707467573,8432800,58.562828063964844,60.47751146852796,57.440430177009645,58.270437065752255,31328400,90.85175323486328,93.97524743936029,89.2987328361258,91.54974307220627,4522800,39.536705017089844,41.540067517009184,38.887210005684956,41.20160064488057,13488800,119.34029388427734,123.63208096633517,117.51115020831142,120.63407378659157,5183500,84.59709930419922,86.85947727346999,83.86644635477894,85.75030056056661,31264000
2022-06-15,39.85181427001953,40.611644097698715,38.73390008095671,40.236095294350314,7478000,94.85346221923828,97.22197536534577,93.34385330546414,96.72745013336475,7681400,25.95714569091797,26.85426210765475,25.457806927295824,26.456484454540114,14675200,141.0243682861328,144.10654979406277,139.03255392842294,143.1879018456531,11565300,57.69324493408203,60.01075042181889,56.90950645741228,59.4882559608677,11457200,108.01377868652344,111.03064370504111,105.92909487522684,110.20863289434554,3821200,124.03398895263672,127.61742322752512,121.80279743323823,125.8510659613227,3256400,32.86228942871094,34.1542616049487,32.37318600316777,34.14503476612832,12875000,91.05481719970703,95.08737375271005,89.15822070902205,94.81117529039871,13175800,56.85565185546875,58.45908008189587,55.87473423282607,57.69509273924678,29608900,89.32489013671875,91.66314701548818,87.35308151737472,90.91281040581806,4747200,37.98158645629883,39.87517681050551,37.643119542397535,39.87517681050551,15091800,114.47746276855469,119.9202644692998,111.64898099050549,119.46521477499131,8490700,83.53194427490234,85.01085346213405,82.1058511141573,84.50027615216848,29620800
2022-06-16,36.47187423706055,38.716434786761035,35.94785436708634,38.471889293354266,9135100,88.85842895507812,92.14659077027898,87.73923878954726,91.10548702610785,11848400,24.230619430541992,25.52551518511045,24.069816617022532,25.41549212247823,18668800,133.4863739013672,137.830603027988,132.00109693404127,137.31548465625278,18125900,53.319480895996094,56.39544077941187,52.754850617686586,55.763393831685164,17448400,101.31905364990234,105.97146392473148,100.47162093228081,105.07318084758165,5865600,112.97941589355469,121.42245185427971,112.06666709947461,119.73215529408215,4887500,30.887413024902344,32.01327386727673,30.721301773997048,31.68105488581647,19974800,84.68372344970703,89.83029538584647,83.97479948271025,88.88200088056107,14308200,53.58277130126953,56.18598121641892,52.71503226422365,55.4314278785491,40604300,84.1947021484375,88.1906802832038,83.70611326087634,86.6987335102372,6847800,35.20065689086914,37.19487320265091,35.0542925509953,37.075951086003066,21591700,105.9474105834961,111.17607743421271,104.45733154642276,110.69425412494773,10800600,80.45088958740234,81.98261490697045,79.47375273280403,81.34880239679589,35696700
2022-06-17,34.25352478027344,36.541750061873664,33.3277526696907,36.48934673543549,16283100,81.3277587890625,88.78901990948707,80.52090107392782,88.0515708754594,24455100,22.461774826049805,24.16291002354721,22.360213720668657,24.09520315804611,44022200,127.39073944091797,133.4778121353192,125.16710093435395,132.9712744127286,35575100,48.8951530456543,53.07508948874586,47.65633997953064,52.83069722683246,32304400,94.63282012939453,101.01398813996164,92.84473638706095,100.675020189039,13623200,103.35319519042969,112.61602057422283,101.04593729765571,111.65255194593577,9385900,29.244760513305664,31.191949081080843,29.014050825545674,30.868956926357036,21819800,80.36576080322266,85.1256511897589,78.8374361859431,84.46276374246638,26759300,52.516963958740234,53.94118319356567,51.26251608079967,53.243222688390944,51530800,78.9685287475586,84.95376952339511,78.72423429246724,84.57860113692635,14918000,33.5174560546875,35.81355015129506,33.36194551287751,35.31041959932118,32283000,100.3261489868164,105.5101997518479,98.46131400947678,104.18072852786356,15530900,75.81168365478516,80.41566378677378,75.40674515082168,80.07234621349653,64610200
2022-06-21,35.24042510986328,35.93038717066039,34.09631426467118,34.77754077290081,9495000,86.13420867919922,86.84563117818496,83.27116982096834,83.30586754554415,10454900,23.33350372314453,23.52816078641974,22.605653608321646,22.952653157726846,17709700,132.72227478027344,133.94999915135872,130.01786721581766,130.54157942579957,13772000,51.03569793701172,51.58347016447811,49.839020416143924,50.26881424675253,14929500,99.70044708251953,100.31906926237531,97.03950922509057,97.07340730507408,4369000,111.7962417602539,112.74280394687977,107.33385874338542,107.54514586689602,4853800,30.961233139038086,31.385738033880816,29.936881769050384,30.186048603940616,14023000,84.1129150390625,85.49392830215018,82.40966675276037,82.84238536573265,11309200,54.582557678222656,55.403137874732074,53.2337919001378,54.62028624776217,31096600,83.74100494384766,84.36918774006087,81.6208688691225,81.76046282721755,5764900,35.51168441772461,35.92333524737085,34.40480378992137,34.660940532989514,18172900,103.92196655273438,105.82248600844957,102.1374389410997,104.55547303797277,8833500,80.53012084960938,81.45443496364075,77.92441807702292,77.97724082366675,35951500
2022-06-22,32.75132751464844,34.07884838970533,32.51551755674649,32.864866382891,9695000,80.73779296875,82.46429904793395,79.3496525330857,80.55560015711679,11284200,22.87647819519043,23.358889784486237,22.097848481898925,22.131701105472168,18051800,126.95281982421875,129.46835902543566,125.63066863303229,127.12453899998364,13735800,48.49906539916992,49.32493963931186,46.906307706413564,47.46250885649923,13909100,93.87010955810547,96.75985792911243,92.73455293756523,93.90400763914518,4686300,106.57320404052734,109.03258234904723,103.37009106850638,104.37581965321165,4888000,29.61389923095703,30.103002701446172,28.681831768846465,28.977139923143785,15917000,81.995361328125,83.89195771659652,80.50387144911176,80.67879502522257,9818400,52.60184860229492,53.73368037451418,51.21535441147678,51.89445419440714,37726100,78.9685287475586,82.0396695003885,78.94235529258805,80.26852804445161,5178900,34.322471618652344,35.054293334376034,33.01433877509572,33.361955398664925,17335000,100.94180297851562,102.99401247676616,97.92595373334885,98.80929300445234,8293700,77.34341430664062,79.01599118096844,77.05291273409448,77.06171764373539,29727200
2022-06-23,31.62468147277832,33.57229337531235,30.934719364287997,32.978402361882374,9729200,76.25236511230469,81.72684731775469,75.70578665149026,81.33643507705524,13554900,21.920122146606445,23.06267711554976,21.471564689044634,22.89340911486953,14880700,122.28235626220703,128.12045524780459,120.32487794061483,127.74269397515775,15713700,46.13100051879883,49.24067029124314,45.06915986447163,49.0974046471959,18060800,90.81936645507812,95.31923876342735,88.94654084952289,94.87009397405632,6254000,100.77548217773438,108.46633047088788,99.19505897259577,107.33383483614621,4647300,27.722074508666992,29.82614555104393,27.389852024007443,29.632350275109243,14893300,77.9167709350586,83.30272863716537,76.96847622213842,83.06335102226798,9130000,52.90367126464844,54.9786956331259,51.809568030068554,54.86550993444949,36861500,73.62892150878906,80.31215189714797,72.55576995606813,79.94570357172005,6160600,31.998929977416992,34.54201137936541,31.440914909599375,34.45968123018575,28165700,93.2683334350586,102.94047651613508,91.45703901975891,102.55680281185245,10350200,75.01060485839844,78.39097128651166,73.52289089637408,78.04765371314876,35757200
2022-06-24,31.834291458129883,33.08320903144489,31.668349264141433,32.253508056414745,9966400,78.87249755859375,79.86154821809032,76.66014356703845,78.08298860768885,12282400,22.30097198486328,22.918797377830785,21.920119830700234,21.996290261532845,23913400,124.29136657714844,126.28318101211734,122.42832844819655,124.66053405462141,11108300,45.31355667114258,47.62263324584444,45.07759348636474,47.11699693138985,34714100,93.71757507324219,95.98022519656237,91.4125636614201,92.65828424476953,11648700,101.16425323486328,106.32811008339807,99.76976363891033,102.72778281475978,8195200,28.561859130859375,29.004821294680948,27.703618838345594,28.146581002167167,22959700,78.88350677490234,81.04709360839986,77.84314559751994,79.08605658491645,20112500,54.25244140625,56.52553553820857,53.57334155006507,54.53539848032892,45335600,73.46312713623047,75.55708941191996,73.21011271319048,75.23427469316839,5269800,32.072120666503906,33.38939984238533,31.706208039513907,32.21848501937962,22910700,92.73297882080078,96.77493282470036,92.04593867662781,94.85656425567718,15070000,76.4983139038086,77.81876809069996,75.538780368922,76.54232501366526,26639000
2022-06-27,32.725128173828125,33.3364836343627,31.96529496149963,32.463114883156294,11187100,80.63861083984375,82.00254916208053,79.51947460536358,80.07030098206563,8986100,22.87647819519043,23.113451402979862,22.148628224388244,22.5040896503313,12194100,126.69528198242188,127.76846145397995,125.00395008721951,125.22716670118287,9242400,48.70132827758789,49.25752950137674,45.88661221423044,45.88661221423044,17746100,96.40392303466797,97.6242214385064,94.92938582920966,95.46327244219856,4957800,105.12799835205078,106.41262740128671,101.2741241002828,102.26294608099118,3281100,29.743091583251953,29.807690012154442,28.74642583404526,29.023278506709726,11575700,80.96420288085938,81.5534346182777,79.24253722747358,80.34734497908386,5225400,55.55404281616211,56.733033507523835,54.85607874375859,54.903237651814244,26793500,76.0805892944336,76.86582609318485,74.22220108449191,74.55374255217643,3796200,32.83138656616211,32.91371673754347,31.94405066234098,32.730760413406934,29428500,100.1476821899414,101.17378687208382,94.15166865309303,95.75774613883178,8892300,78.37337493896484,79.26248284862768,77.17616232283831,77.29940420542378,25478700
2022-06-28,33.86050796508789,34.803744514052816,33.118142503879504,33.965311285720105,9116600,83.25282287597656,84.87031492924639,81.79270882451632,83.04298776374308,8903000,23.435062408447266,23.55354902348074,22.868016785522816,23.21501468462862,10273100,128.72999572753906,130.66171832104877,127.15885977944464,129.53702859599184,9183300,50.108680725097656,50.976694043684354,48.92043260427217,49.87271756244655,18542000,100.25975036621094,101.63259352669236,98.07337913856712,99.74281595509495,4811000,109.70026397705078,111.07784708823085,106.31967040546796,108.81285558532207,3428400,30.629018783569336,31.00738255420054,30.139915341627965,30.509052273129438,11890300,81.65470886230469,84.10370193533693,80.67878809744849,82.41886415634401,5305600,58.20442199707031,59.39284684138086,56.74247399792168,57.506461397835594,39095200,77.52020263671875,79.65779244629658,76.27255024131567,77.71215018316917,3791400,33.81934356689453,34.51457330715759,33.361954569731665,33.672979227386456,13896200,103.72566223144531,106.33999532385559,100.88826319875236,101.56638556329273,8607800,80.54772186279297,82.07944715211278,79.53537210270245,80.21320915156963,33096900
2022-06-29,31.528615951538086,34.74261376947719,31.380144837751647,34.41946820939533,8867700,79.96539306640625,85.20257367473828,79.80801502901791,84.71295607865872,7990100,22.605653762817383,24.010574249527743,22.394069575830656,23.85823337661582,7935400,126.18875885009766,130.5930925545091,125.42465542363362,130.18099521560467,9082900,47.041141510009766,51.398052944068986,46.87259503485783,50.97668836356746,12722000,95.94633483886719,102.83596061439556,95.72600051849423,102.02242596847846,4806400,103.3700942993164,112.08357186558814,103.17571378653156,110.86655615852708,3422600,29.696949005126953,31.28423266129775,29.5677521531782,31.081207025178177,9285300,77.77867126464844,83.13700252691791,77.46563793428247,82.59380031582869,5066300,55.74268341064453,59.213632602839745,55.139040698609605,58.59112560630443,31710700,73.79469299316406,79.19536403706047,73.48059824330451,78.76784877173327,4246300,33.0966682434082,34.42309703829217,32.88626972264195,34.322470900186325,12475300,97.12291717529297,105.98309733799194,96.71247662767486,104.86776754312768,5579200,77.57229614257812,82.04422989576955,77.25538655239109,81.85056889392486,25400900
2022-06-30,30.48056983947754,31.54607741861529,30.11375324247413,30.65524091919248,8202300,78.52274322509766,80.1839539588642,76.79159190200686,77.42984230426939,12748900,21.8270206451416,22.791843806443783,21.58158226803343,22.072457407990893,12047800,124.29994201660156,126.99576841082914,123.12374147049557,124.10248065565246,10685000,46.442806243896484,47.799600756162704,45.541086266444424,46.097287404076134,11855000,93.59046936035156,97.03104404987374,92.64981854709035,93.72605523020448,5585800,102.38973236083984,104.78150393667825,100.20924788997719,100.7670489421391,2875400,28.94022560119629,30.019945317499072,28.663372902508748,28.99559543686366,10977100,75.68873596191406,77.7878750875862,74.86012656383375,76.49892791548315,6762600,55.535179138183594,56.41234850994964,54.21470811027938,54.65800976641756,27244400,71.53495788574219,73.4806000418545,70.57522686280232,72.13697394712895,4829100,32.712459564208984,33.791897877425384,32.30995850268466,32.34655045998718,15332400,94.82978820800781,98.05086082037506,93.81260809962153,94.93686230636554,6085100,75.3891372680664,77.11453008774984,74.53524240936771,75.82928870317477,39948100
2022-07-01,30.873586654663086,31.19673551893889,29.48493008858751,30.760051106105536,5861200,79.54570770263672,80.70854927339819,77.21126614446436,80.37630977754323,6005000,22.284048080444336,22.317902327594204,21.505418152850282,22.06400031674826,9541200,125.78522491455078,126.17158003568949,122.31671434733633,125.86250379898036,7684600,46.442806243896484,47.18440883232435,44.968030159216994,46.71247932791449,9604300,94.5904312133789,95.54802774483045,91.31086465193331,94.80228936802376,2781600,102.4404296875,103.99550598862294,98.15552785451402,102.9728708213136,2392300,29.004819869995117,29.281670768741186,27.722074673536532,29.106332687617048,8517500,77.77867126464844,78.30345603172958,74.64837308197282,76.41606840012018,5971900,57.006561279296875,57.22349515250367,53.837437063846224,56.035074021458975,28036800,73.61148071289062,73.90812209080148,70.36583902514265,71.8752326838537,4093300,32.611839294433594,32.968602180149304,31.20308024195498,32.89541826020692,10823800,96.34664154052734,97.9616367298738,93.39324393513715,96.17710925172494,4355400,77.0705337524414,77.36102865102094,74.57046962921893,76.3574837238355,26327900
2022-07-05,28.585355758666992,30.008947603175084,28.05260034455824,29.781869886520354,8289400,74.00249481201172,78.120544024284,72.62106666753216,78.120544024284,13483600,21.666221618652344,22.063999319121592,21.006078357412584,21.750855618440923,14569100,122.4798355102539,124.0938886015236,119.68956875580231,123.32978530662568,11513100,43.72922134399414,45.26298835954833,42.54940229382163,45.01859609949396,14834300,88.827880859375,92.80234164270186,86.81946336058945,92.55658542395953,5660500,96.4652328491211,99.85427956250338,93.83682094582052,99.09364475242167,4823400,26.660808563232422,28.21117780756381,26.144019401846982,27.97123954259109,17819200,75.25602722167969,77.64058085711187,73.16609654357471,76.02018971280181,7247300,55.75211715698242,56.167120620556986,53.49788733798524,55.704958244893504,39977000,70.13899230957031,72.86114494434858,68.16717649098365,72.46852312758318,5205700,30.489553451538086,32.154449188970155,29.91324231485737,31.587284297175877,17642100,92.42959594726562,95.05285347550011,89.50297202028858,93.90183245407951,5314100,74.65850067138672,76.32227292422168,73.07395918668549,76.00536328404556,34591100
2022-07-06,27.956533432006836,29.065712192327165,26.80368856444207,28.08754008283395,9824300,72.86588287353516,74.92054182500202,70.3303582169409,73.18938392921105,12130900,21.429243087768555,22.106313356357134,20.684467568006024,21.32768359674862,13620100,120.86576843261719,122.99495291846544,117.44876853107802,121.62129100192999,12421200,42.979190826416016,44.36126625235535,41.175750784531424,43.08874652669371,16175300,85.51443481445312,88.65840928038553,82.76874827705699,86.82795158878811,6749800,93.20297241210938,97.11601396213992,89.79702510339256,94.93552935799858,4696800,26.217845916748047,26.95611613298953,25.221180244734526,26.245531709922744,14351300,73.0187759399414,75.98335234769068,71.46283903013658,74.49186244569792,8348500,55.75211715698242,56.62928659421483,53.4695891123364,55.25222621245006,30682700,69.38864135742188,70.56649325471425,66.89333694802016,69.78126309420179,4624400,29.94068145751953,30.754833263066118,28.934425377917865,30.087045787846996,13030900,90.75215148925781,93.18803469095614,87.69168634221766,91.7871807786044,5496200,73.31163024902344,75.02822506980945,71.31334546273236,73.73417862963836,33375700
2022-07-07,30.13995933532715,30.59411156406166,28.821173759524168,28.98711265147722,8409400,75.49760437011719,76.2495208378151,74.91181099916658,75.357716502229,8072400,22.32636070251465,22.521019363958892,21.95397372901065,22.00475347735045,9495900,123.21818542480469,124.74639203791871,122.84042413161495,123.7161423021606,12741800,45.229278564453125,45.71806308615345,44.13373115188381,44.49610499665969,12692900,89.03974914550781,89.82786177631213,87.15844760969117,87.5143677744678,4605300,98.29075622558594,99.6429923034402,96.45677939552681,96.45677939552681,3716200,27.583648681640625,27.869729951172094,27.131457921633828,27.186827751792272,9223500,76.81196594238281,77.55771093407085,74.8048928441803,75.17316449071421,6299900,57.978050231933594,58.609987546444856,57.39326822979557,57.39326822979557,25249700,72.01482391357422,72.72153376219963,70.86314539971009,71.44770803145023,3711300,31.4500675201416,31.953194704672807,30.901198645524918,31.04756298083583,10077500,94.88333129882812,95.8915937716282,93.17911094343438,93.24156913850257,4351400,75.65323638916016,76.37508452727106,75.08984304800913,75.1602621785192,23817400
2022-07-08,30.43689727783203,31.074459348428956,29.8080740914213,30.978388260211965,7607300,75.59376525878906,76.81781554597259,74.02873043974877,76.52928812038998,5615500,22.26711654663086,22.70721198685744,22.004752640220758,22.5464075732633,8432600,122.57427978515625,124.8751704641008,121.13191965031785,124.38580739894347,7915500,45.911895751953125,46.30797958509419,44.512965124511446,45.911895751953125,10976700,89.42109680175781,90.63292583685728,87.41268541495133,90.22616175628318,2494000,98.31610870361328,100.23459261321274,96.04265758799849,99.96414540023022,2328100,27.537508010864258,28.220408463980938,27.316026925543323,28.155810034117568,6284000,76.6646499633789,78.4231436356202,75.94652415819867,77.78787525833138,3825500,57.22349548339844,59.63806992617461,57.01599555017148,59.59091101398641,25463700,71.55239868164062,73.08796538509506,70.53158757126438,72.91347128677806,2219400,31.395185470581055,32.218487192027034,30.99268434543061,31.93490471250638,11027700,95.49900817871094,97.08723689889148,93.72340484847429,96.65895402088712,3675200,75.7764663696289,76.85043685644371,74.7641168099505,76.54232550458441,17673800
2022-07-11,29.877944946289062,30.56790707704975,29.27532169187386,29.851744949204154,5910100,74.79814147949219,75.71617424808522,73.60906474732974,74.83310843878711,4685700,22.334823608398438,23.079600762098018,22.0809232598812,22.45331183673099,8462500,121.49248504638672,122.64294328390525,120.13598475464653,121.83591030397959,7056800,44.93431854248047,46.3669587570639,44.04102447579748,45.69277607218835,8938200,87.87876892089844,88.77705198465463,86.49745593931455,87.81097921820236,3406400,96.67652130126953,98.0372106896095,94.3946232868202,96.74413471822352,1796900,27.09454345703125,27.48213576229471,26.790006771479607,27.10377205479646,7612600,76.99607849121094,77.41958831755491,75.33886704345569,75.7531681493456,4046500,56.138824462890625,56.58212614003225,55.34654252820892,56.19541731465155,17894700,71.33428955078125,71.70073121188129,69.5718682457347,70.3832785847558,2444000,30.526147842407227,31.075016861301663,30.26086481402361,30.754842394546092,8918700,96.17711639404297,97.16752976256038,93.53601634714077,94.48181380241834,2940100,75.3891372680664,75.81168560088871,74.26235066877746,74.97539384447607,15603800
2022-07-12,28.323347091674805,29.214183561827316,28.192340454555808,28.594092586956712,11259600,72.96206665039062,73.47791938087968,71.35331961203045,72.18392168740624,5573100,22.292505264282227,22.385602803049533,21.7085325820981,21.835482744070593,9036100,119.26887512207031,119.86985302090527,117.84368960459338,118.90828838276934,8653900,43.762935638427734,44.327562762885805,42.69266897239142,43.15616947443679,9733000,84.31107330322266,86.04831283764548,83.06534626195531,84.70089154991207,3873600,93.31282043457031,94.91015009509124,91.1914965430755,93.25365386761754,2649200,26.393186569213867,26.61466764093422,25.80256861778451,26.024051449679952,10269900,76.18589782714844,76.82116617157695,74.6207522826742,75.03505344909483,4458200,54.110958099365234,54.752329350994664,52.752762059558655,54.158117009456824,25927800,70.24368286132812,70.78461863616016,68.95240371985905,69.33629877801658,2565200,29.94068145751953,30.35233222706581,29.355224136209664,29.42840455657295,10281400,93.56278228759766,94.52642882203418,90.95737363443153,93.18803312668318,3152500,74.3855972290039,74.8697665246581,72.94190096800745,73.75177804784872,21013000
2022-07-13,28.73383140563965,29.49366123762917,27.703254412921638,28.03513378414791,8134600,72.66481018066406,74.48339924478444,72.0090695088404,72.0090695088404,5535300,22.96957778930664,23.30811376466194,22.13170464024652,22.207875073275545,9065000,118.47042846679688,120.82282939540852,117.74066121355999,118.14417772765546,9414600,44.319129943847656,45.62535959588865,43.18987265700591,43.23200847518332,8522700,84.226318359375,86.65845203992994,82.81110759067657,83.20940191291558,3719700,93.4649429321289,96.04264770304128,91.97748663780293,91.97748663780293,1872500,26.116336822509766,27.094547198605397,25.84871449106211,25.940998721282963,8662100,75.4401626586914,77.40119920339157,74.86013252177348,75.16395716261644,4485900,54.714603424072266,55.84643531086004,53.54504656618726,53.64879833219201,19295500,69.49334716796875,71.0201940633129,68.44636244581824,69.18797912020476,3591300,29.538185119628906,30.58103157527911,29.29119461861679,29.43755897222381,9137200,91.35889434814453,94.4372018837899,90.70754555486013,92.11731725327411,3118800,74.6849136352539,75.9789602989841,73.32925273782016,73.39967188327269,19928600
2022-07-14,27.580982208251953,27.80805825968501,26.58534246919961,27.362640043314613,9817700,71.35331726074219,71.49320511268903,68.4593176998518,69.79702738605748,8890200,22.26711654663086,22.597188933930312,21.58158432021651,22.199409680000542,8973900,116.7104263305664,116.89930698232727,113.79137004902168,115.31099598352084,10150200,43.33313751220703,43.383702425710105,41.72352473539854,42.64209976811692,10458500,81.22068786621094,81.68178169023409,78.69321567548013,80.85352092381602,5584500,90.185791015625,91.19151974216908,87.65034564622995,89.58573638529136,3025100,25.23041343688965,25.30424047195762,24.289117419641524,25.06430216794288,11050500,74.28010559082031,74.35376132254717,71.7390390398211,73.09243325746412,4935700,53.978904724121094,54.441070618375534,52.733890949305305,53.39412639910004,24478800,68.53362274169922,68.56851624491425,66.09066481210711,67.31214377690317,4199000,28.659992218017578,28.760618347744042,28.03794295207292,28.358115573638603,14827800,89.92235565185547,90.01158068126088,86.48714096399682,88.71780073629898,5118100,73.18839263916016,73.33804254086868,71.03165292387193,72.05280093596552,26343000
2022-07-15,27.939064025878906,28.419417801993283,27.441244142091247,28.183607857309056,6938400,72.47246551513672,73.39050521256263,71.53694233314428,73.32930301077022,5899000,22.783382415771484,22.808773096107412,22.04706882861991,22.664895802721887,6229100,118.17850494384766,119.30320790846967,117.13108084878529,119.30320790846967,7051900,44.420257568359375,44.6309398788313,43.29100025563957,44.49610332871954,8048500,83.06504821777344,83.42367453965456,81.39999278435663,83.3639034860077,3799200,92.239501953125,92.78884973900678,90.51539832948133,92.1549883971365,1941300,25.710289001464844,25.867171664639102,25.091986947798684,25.774887434505665,10278700,77.7234115600586,77.79706727405396,75.2007630613788,75.95571656934263,4706300,55.374839782714844,55.4408629805717,53.856299036018264,54.75233277578274,18944500,71.22957611083984,71.31682315856924,69.10071353232274,69.84233007933024,2792200,29.547330856323242,29.602218796581433,28.669144749800523,29.327786074493257,10672600,93.3218765258789,93.38434153300581,90.49340164235504,91.95671387012153,2791900,74.42080688476562,74.7201066426278,72.9771106871501,74.6496875159519,17243700
2022-07-18,28.6464900970459,29.4761909531661,28.419415721549147,28.89103557639266,6085600,74.37847137451172,75.53257458208256,74.01125823358882,74.0899439049844,7057600,23.20655059814453,23.72281646209911,23.06267330561255,23.071136865674315,8408900,119.83553314208984,122.03340295332434,119.40626128519757,120.67690231350424,7943900,46.029876708984375,46.93159686633609,45.423113756268684,45.71806774614733,11090500,84.98628234863281,86.48056543849701,84.2519484233064,85.17413612225918,3301700,95.09608459472656,96.7103209549032,94.50448335946122,95.3158249598122,2007800,26.623891830444336,26.99302688885526,26.27321220482286,26.43009482466935,12646600,78.46917724609375,80.58672671639947,78.04566032783588,79.18730302403208,4032200,56.63872146606445,58.336467622971675,56.19542333939088,56.63872146606445,20112500,72.19805145263672,73.56785107496351,71.83160976790528,72.88731461574092,2709600,30.306596755981445,30.709097828210158,30.096198230298175,30.37063093816326,11493100,94.85653686523438,97.66716844012828,94.41040508532839,95.42758499891958,3145000,75.7940902709961,77.41385135423607,75.48598555075945,76.2166386845915,19395800
2022-07-19,29.991483688354492,30.122490336480162,28.42815279081132,28.646494983262464,8108800,77.35990905761719,77.56099911063501,74.21234877044851,74.67574440811502,6674800,23.815916061401367,23.909013622156802,22.986506418745233,23.05421329540575,5838200,124.15399169921875,124.49740390234616,119.69814827684377,119.92995871913948,9152100,48.21253967285156,48.372660287968365,45.58322531015347,45.72648773972433,10525600,88.4786376953125,88.53840875758782,84.72158181278017,84.74719705167571,3920900,98.49359130859375,98.93306562163367,94.53829669935317,95.17215797360345,1652800,27.186830520629883,27.666707124676424,26.43933157674896,26.660812680114592,16731900,80.88134002685547,81.27723076673772,78.38631030311258,78.42313816545006,4302600,59.251365661621094,59.34568349327561,56.553833939564086,56.7047446290081,21616400,74.51886749267578,74.75443526232169,71.97993565797161,71.97993565797161,2767400,31.303699493408203,31.413471859546462,30.260853291093248,30.260853291093248,10867200,97.0247573852539,97.74749564522536,93.83937609906245,94.0089083883967,2933300,77.70433807373047,77.92441381018921,75.92612907826245,76.07577896717156,18248900
2022-07-20,30.567899703979492,30.655235227621908,29.327717943746496,29.677063369952833,7540100,79.30963134765625,79.75553678056546,76.25825391657601,76.72164282876858,7720500,24.467594146728516,24.586080769516037,23.392746138055745,23.578941247303757,7577700,125.79383850097656,126.42915251490582,123.04650102095401,124.05957639469983,7856600,48.6086311340332,48.81088438596119,46.80519076634751,47.454092777901636,8032000,90.14369201660156,90.71578739187564,86.44640725181766,87.59913858672189,3088700,100.3782730102539,100.93607405138789,96.22859770351569,97.24277320816034,1655900,27.002256393432617,27.46367567200766,26.46701010069256,26.69771973998008,13300300,81.74678039550781,82.17949901447699,79.85019106899281,80.41179667483729,3132000,59.939884185791016,60.14738769244704,57.72338319339668,57.817701006607265,17643100,75.77523040771484,76.16785218266064,73.82959490936946,74.42288426696645,3590900,31.23051643371582,31.33114255939598,30.42551091787526,30.69079734201373,9984500,97.506591796875,97.98841508959487,95.28485673108304,96.04327963710337,2720600,78.55824279785156,78.9191702743982,76.80644159781275,77.09694321803136,16584400
2022-07-21,29.178651809692383,29.81849566305237,28.442392533682018,29.45036435325806,6646800,77.75334930419922,77.86700860723428,75.95225058397561,76.37192083405763,8016700,23.748205184936523,23.993643580404843,23.054209412488035,23.968252900586364,6499300,124.8322525024414,124.89235685141487,121.48393721165452,122.87477385546791,6724200,47.361385345458984,47.41194704392464,45.66749772220501,47.024292353488505,8150400,88.42737579345703,88.4615316072153,86.49762117527969,87.2319548846942,4264100,98.01185607910156,98.5442972232102,95.18905721129624,97.25967455654813,1392500,25.968677520751953,26.22707296122098,25.20272155669816,26.08864752389558,11546500,79.59239959716797,80.47625431878036,76.98689309274253,79.40826729428036,4713700,58.477943420410156,58.54396661707752,56.79906168002109,58.19498634926511,16640500,74.3443374633789,74.43158450463883,71.13359708674652,73.68124796806282,3628000,30.763980865478516,30.773127108789996,29.510732666165726,30.169373851813287,14583000,92.92926788330078,94.28550574365394,89.4851293763999,93.29509246896612,4933800,77.24658966064453,77.29060749791992,75.01061919387071,76.5247414561096,21375700
2022-07-22,28.407337188720703,29.923680310103467,28.223273170515725,29.16112698926935,5329800,77.05389404296875,78.85499952838914,76.5380479437701,77.99816216108755,6243500,23.45198631286621,24.05288613576244,23.40120656907154,23.832838426973606,7057200,123.79341888427734,125.60494662531804,123.1323365635237,124.96961956767997,5889500,46.51022720336914,48.27153150434255,46.2742640367482,47.51307709102222,6315800,86.24148559570312,89.44352095197922,85.52423280288492,88.48717738033069,2274000,95.86518859863281,99.30494251991442,95.20597384166533,98.56966104977403,1710400,25.341154098510742,26.670042541778244,25.267327060561183,26.217851714315263,10616400,78.8558578491211,80.81689413215953,78.3863113781244,79.72128804123278,3950000,57.591346740722656,59.42113925750099,56.97827005521728,58.47794657087399,14198400,73.75106048583984,75.10341314731208,73.34099200178606,74.2134758720201,2706700,32.08125686645508,33.38024314488486,31.880004635667284,32.39228145512697,19748000,92.81327819824219,95.05286225963688,92.36714629479327,93.51816742258339,3855300,76.65677642822266,77.88039689454247,76.26063610238181,77.07051985655113,15479500
2022-07-25,30.177865982055664,30.344399616757272,28.52128312462236,29.248775679980863,7567200,80.48123168945312,80.55991735898976,76.75662324233822,78.21673736618325,5815100,24.450666427612305,24.467593548813777,23.392745566407076,23.824377471489903,5270400,127.47657012939453,127.58818500707423,123.78482944811199,125.0898195936593,6210900,48.85300827026367,48.92885401989479,46.577638996086534,47.20968583809371,8473200,90.06684875488281,90.48524619593148,86.51472125459169,87.58206631868532,3279500,101.40936279296875,102.35593139768038,96.63427266279646,98.80631041396121,2881300,26.227073669433594,26.328586480961683,25.295006451350638,25.75642576167834,9141700,81.75598907470703,81.98615795495768,79.51874727770291,79.91463803270189,3206500,60.75104522705078,60.798200544430834,57.62907249852659,58.32703667925332,19564400,76.11548614501953,76.28998690190653,73.90810315845413,74.80676042272164,2756600,33.0875129699707,33.16984311558315,32.02637080963281,32.61183156154384,13120000,97.54228973388672,97.68505522612533,93.49141079196659,94.46398198740036,3740200,79.20966339111328,79.34170346232911,76.95608324380348,77.60751227063496,17536400
2022-07-26,29.660734176635742,30.896597961346433,28.994596230771645,30.668709631955334,6634600,79.64189147949219,82.34354666148232,78.66265629268052,81.69655103154756,7127000,24.92461395263672,25.415489124671492,24.662248439770952,24.983857257393833,9306800,126.48063659667969,129.36533022343107,125.8023798853653,128.35225516646497,6112800,47.83330535888672,49.88113745995929,46.990576205021675,49.721020078037306,9777700,88.58964538574219,92.07346143765847,87.42837336843677,91.33058688532763,2865400,99.96414947509766,103.94479757593454,98.20623929506795,103.27712958117411,1921700,25.87639617919922,26.845376042213058,25.562630902377116,26.58698059066103,8695000,80.98261260986328,82.90682797363549,80.42100001738883,82.6950695272122,3338700,58.54396057128906,62.29787004039686,58.27043387163151,62.052637965533535,20190800,74.98999786376953,77.25846161096239,74.46650879000376,77.00544044972858,1870000,32.56610107421875,33.947418048895436,32.062973784539864,33.6638355632647,17232100,96.03434753417969,99.50525307005604,95.32945833590682,99.13050391880182,2853100,78.90153503417969,80.35403595117174,78.34694670566003,80.22198919214026,15141200
2022-07-27,30.844005584716797,30.98424532270267,29.16989224969457,29.809736263228814,7023000,81.54790496826172,81.8888962459561,79.81675337355516,80.4724940289371,6237800,25.440881729125977,25.525515725235035,24.755349427735123,25.051567606987213,5672300,128.14622497558594,128.95325813093373,125.91401926752842,127.35636636193449,6223000,50.209815979003906,50.521624936899556,48.035572723186675,48.37266574749793,9145900,92.380859375,92.83341267562187,88.9311990733993,89.32398130628917,3430800,104.1983413696289,104.72233567053516,100.20078681690455,100.42052719444203,2038800,26.660808563232422,26.82691980515008,25.627230240461543,26.254760816517113,7809800,82.84237670898438,83.52367454747257,80.660373452607,81.64549586303305,3051800,59.2136344909668,59.4211380290933,58.02521331350251,59.07215774969422,16625100,77.07523345947266,77.48530200501993,74.6322822503889,75.46986609263402,2277100,33.23388671875,33.499169689077696,32.51121125464083,32.96860025882114,11075300,99.4874038696289,100.34397621609891,95.90942447908867,97.01583638311533,4220500,80.60933685302734,80.98786737134489,78.69908115843381,79.47374529807472,18047000
2022-07-28,31.220897674560547,31.816917342813795,30.423283610218522,31.203367290955594,6664500,82.23860931396484,83.28779823802111,80.9621017929871,82.37850383872092,4656100,25.237754821777344,25.728629939850656,24.865366300193134,25.559363604046055,4723400,129.1164093017578,130.04363823340913,127.09024528822485,129.3739750772731,6574300,50.87556076049805,51.49075268899359,49.73787762960681,50.799715004121516,7631300,91.69773864746094,93.90928076719108,89.92167509057188,93.27740786752157,2766200,104.46880340576172,106.13374693151647,103.0827604239902,105.37311201518547,1874700,26.43010139465332,27.103775023911428,25.793343920675113,26.900749371186283,8007800,82.48331451416016,84.61928841326564,81.24961271815607,83.82750692285836,3800800,59.08158493041992,60.93024159550848,58.10066374559952,59.71352585452329,14559400,76.78731536865234,78.59335690394789,75.64435685185876,77.86046691438736,3257100,32.66672134399414,33.75530939072399,32.236778059535496,33.517465157992625,10292800,97.71179962158203,103.14568228303862,96.0075726882618,102.61032542491672,6920500,81.55126953125,82.08825489952243,80.11637805646077,81.14633095645388,20353100
2022-07-29,32.5794677734375,32.81612291591405,31.755559877969077,32.01850892175019,7681800,85.18506622314453,85.61348149917517,83.41019626619432,84.09216534615179,7394800,25.889436721801758,26.033314008364677,25.27161139125586,25.27161139125586,7020700,140.6123046875,141.3678274352762,133.84697524691217,134.39644276338424,17143700,52.96553421020508,53.20150059574524,51.473906206604035,51.98796836941612,11209400,94.96807861328125,95.2669338752849,92.38936974786427,93.72995464990021,6394800,108.19590759277344,108.74524892391585,105.3224015887714,106.89437821307925,2478300,27.03917121887207,27.1683698242966,26.45778365507421,26.937660166251018,9664200,84.38911437988281,84.66531279794725,82.81475319287186,83.5144684955216,6740900,62.01491928100586,62.15639962350637,60.270014246137364,60.36433207580799,19570700,77.65107727050781,78.0611458222612,75.69671494235793,77.05778787453957,4750400,33.87422561645508,34.02973967907971,32.73075320445375,33.16984619191015,12313200,98.8360595703125,99.92462251135703,96.75709005968031,97.98841167093923,6066700,85.3277587890625,85.84713426670059,82.83650001621027,83.14460468228185,29825800
2022-08-01,31.56273078918457,31.895801379897474,30.765116750283262,31.764328522421973,7217200,83.14790344238281,83.98725057657052,81.9063695566388,83.33151000262343,5598900,25.026174545288086,25.440879311122114,24.476056044253518,25.42395380491634,7914600,137.80482482910156,138.9638638981937,136.63720504036007,138.3800474536553,8017800,51.8868408203125,52.94025240626128,50.69016680175807,52.06381319521021,16319200,91.85997772216797,93.40549113153477,90.7413957800194,93.07248002691493,3623100,106.42108154296875,107.58739042399685,103.53067565584499,106.33656799529274,2799800,26.014822006225586,26.402414309183783,25.46111846483173,26.34704272292187,11263300,83.15541076660156,83.50526492741776,81.32326849085378,82.87920530729636,4470900,61.524452209472656,62.005475221095516,59.95874914767538,61.46785576411447,16725700,76.33361053466797,76.95307327232281,74.72824343818617,76.46448444409332,2910900,33.297916412353516,33.64552949616725,32.36484255083101,33.1515520903265,12620600,98.72898864746094,99.03235506518241,95.23131626261824,97.28351887276106,3960500,83.17101287841797,83.93687202876539,82.07063436016941,83.44390460176682,20793200
2022-08-02,31.49262046813965,31.93963364495612,30.826479120296863,31.510150855564934,5119800,82.8069076538086,83.8036326574676,82.12493861662476,83.1478921724005,4653000,24.865371704101562,25.195444117032864,24.45066691200449,24.899225947175196,6760300,136.6286163330078,138.62902432252227,135.9074429145652,138.13106750493057,5928300,51.09467697143555,52.4177616793209,49.65360746435857,51.67615901533031,15073700,91.52696990966797,92.62847072401357,90.69870915290414,92.15029573732785,3082700,107.79022979736328,108.99879229068871,104.28286257984091,105.3477513898967,3512000,26.393186569213867,26.799236080788724,25.82102581380498,26.060964081545798,7424000,86.19364166259766,87.38131388429545,83.43161520028553,83.64336662884608,6764600,61.36412048339844,62.07151507438501,60.317179511054064,61.59991868039396,16296800,76.37724304199219,77.45912123735646,75.19066438003499,76.44704335305416,2455900,33.56319808959961,34.01144077191591,33.23388099457605,33.38939155420379,9987500,100.81688690185547,102.56572316845373,99.04128380990322,99.37142387327867,4282400,82.81009674072266,83.80483663841441,82.59002100720143,83.35588697767953,16722500
2022-08-03,30.177865982055664,31.851979223706856,29.60814019750037,31.738033398080017,8401600,79.84297180175781,83.65501086167119,79.06482685641448,83.36648340898306,6783300,24.27293586730957,24.71303132156211,23.46045182759265,24.543763342462185,12653400,133.38331604003906,137.3326213018881,132.51619183834782,136.77456017774972,8751400,47.782752990722656,51.5413249788116,47.74061716775896,51.44019836074729,19943200,88.4700927734375,92.69677636246806,87.1636635373574,92.69677636246806,5654900,102.58412170410156,109.53124979248571,102.00942047125066,109.37066951555094,2596600,26.23630714416504,26.90997904003644,25.950227611428954,26.89152184175016,11012700,85.32819366455078,88.84517330077422,84.8126177045376,86.99461383830456,6162000,57.52531814575195,61.30751888131238,57.0725825323935,60.996263596877725,32476600,74.6060791015625,78.3839282636255,74.03023669491391,77.63359844534472,3539700,32.5112190246582,33.88338636514021,32.355704911477204,33.76446421854321,11558500,97.03657531738281,102.66201460379061,95.97449210542936,102.16698006678152,5096200,80.12516784667969,83.11819908143492,79.92270193860728,83.11819908143492,23580800
2022-08-04,26.890989303588867,29.678256361648998,26.73321921776823,29.029645637322137,12166800,78.58396911621094,81.31185303891067,78.05937785006788,81.08452771105073,7810500,23.18115997314453,24.239080769498468,23.121916666830156,24.052887290473425,9844400,129.76031494140625,133.45205605890237,129.40830882431422,133.34903499061758,10640000,45.92032241821289,47.69847859683769,45.79391173332746,47.614206950085574,15371400,85.23390197753906,88.12854109359382,85.02897356181185,87.67598785635766,5765900,98.41752624511719,102.31366079169804,98.03721205340851,101.26567860621401,3202700,25.165815353393555,26.171709820380563,25.045845319619666,26.024055748178377,11034300,83.01731872558594,85.26376947952633,82.64904707382887,84.70215679104123,4368600,54.19584274291992,57.25178817018732,54.00720351442297,56.60098301177253,37999100,72.11079406738281,74.20475671225789,71.92757325122825,74.073882798855,2989700,31.05670928955078,32.36484191882286,30.91949121362969,32.29165801443811,11744100,93.90434265136719,97.03658367014239,93.67032243415096,96.30752887330526,5451800,76.75362396240234,79.52657315663022,76.08459177360228,79.50016514010298,31821500
2022-08-05,27.828847885131836,28.62646197423813,26.4264489171925,26.5491599344477,8250100,81.18067932128906,81.67904187593848,76.9402250691966,77.13257669915565,5848000,23.638185501098633,23.968256314456866,22.817237826886704,22.87648275490159,6835700,131.90664672851562,133.08284734463473,127.94017923156653,128.47247210595563,7170200,47.7406120300293,48.12826670318841,44.774204763070024,45.08601367715393,11507500,91.3732681274414,92.18444768205423,83.1589790628442,83.44075969259428,5736700,102.57566833496094,103.96171125870845,96.65117597374119,97.09910361461472,2479600,25.645694732666016,26.024058553492505,24.630571556717268,24.78745424536549,8575900,83.06333923339844,84.53641853101146,81.65470693554984,81.99535235250639,3833300,55.65779113769531,56.30859630394923,53.601634676093,53.68651855204536,20987500,73.07926177978516,73.71617137279334,71.11617277774472,71.29066691531624,1796200,31.706205368041992,32.13615214508897,30.581028845813744,30.65420927128492,6863400,94.4983901977539,96.7395704575429,92.43722813973092,92.73425302240062,3680500,77.86277770996094,78.95435798587505,75.95252230137702,76.02294813521222,17408000
2022-08-08,28.232032775878906,28.670282288116375,27.5395994158741,27.644780034398348,7015100,81.86265563964844,82.78944024101568,81.18068647013001,81.32931940799152,4788100,23.545085906982422,23.841304064408014,23.49430615876232,23.60432921561572,5782300,131.70916748046875,133.05707402471296,131.48593777608332,131.86369902934965,5966900,48.473785400390625,48.79402340597379,47.395093021277056,47.64791114578719,8478100,91.52696990966797,92.8931701975768,91.0573355070008,91.42450244511599,3128500,104.07157897949219,105.34775493660463,102.09393471363572,102.60102249093448,2461600,25.839481353759766,26.19938785221685,25.70105591282819,25.737968542328286,5707100,83.2198486328125,84.5087955943797,82.81474921009816,83.45001748222822,4418300,56.629276275634766,57.15746175157944,55.02584837081621,55.02584837081621,18132800,73.1141586303711,73.99536263871697,72.65173653933319,73.28865276004717,1680200,31.697053909301758,32.16358907753885,31.559835835914082,31.733642371217986,6053100,95.75847625732422,96.57754350586355,94.12935125276785,94.56138114037812,2959600,78.3029556274414,78.87515396791218,77.66033814545348,78.00365580650006,14458500
2022-08-09,28.64398956298828,29.616904055060218,28.468689082182593,28.836820426232396,6347400,83.50638580322266,85.05393076438274,82.938075919664,83.32277922617239,7477700,23.807451248168945,24.399887598490825,23.731282428407916,23.968255677129317,6762600,133.42628479003906,135.47820378944002,132.73086646183967,133.88131192084452,5842200,49.75474166870117,51.01883569555989,49.24910212910327,49.552485209910536,10416800,92.42354583740234,94.49846498949788,92.02222303416316,93.07249348763074,2565600,105.2547836303711,107.86628911914909,104.4011819318513,106.04922519817985,2718000,26.125564575195312,26.753095208157514,25.8671708511581,26.34704566444517,6534300,85.9450454711914,86.41459188260225,84.42592968664738,84.42592968664738,4302900,58.864654541015625,59.911598983066774,57.9214618686084,58.1572600367102,22286800,74.62354278564453,74.8940106496376,73.67253858223437,74.0826070576584,2062300,32.008087158203125,32.35570032264505,31.697062465554055,32.23678168251563,7616100,99.61079406738281,99.75480863411366,96.37954448002512,96.66756674649432,3535800,79.74664306640625,80.64455585954464,79.18324970122003,79.27128537142556,19083400
2022-08-10,29.11730194091797,29.520490735107085,27.942791310367248,28.942001447572633,5988100,83.91732025146484,84.20584106969048,81.4517356586039,83.4014674681702,5625500,23.97671890258789,24.00210958499245,23.265795937851927,23.790525407731963,5724100,133.77825927734375,134.33630733231303,131.2970558966409,133.93279082475013,6145800,50.60589599609375,51.010405691700754,48.81931070347349,50.142395504133056,8669200,93.06394958496094,93.63605149394775,90.10953921086536,92.3637714791297,2718500,106.52250671386719,107.53668222995131,102.63482530491714,105.10265712256701,2571400,26.217845916748047,26.51315400324464,25.33192165725827,26.088649068949547,7760100,87.6299057006836,88.13628010083166,85.19932262836798,86.72764050338274,4373800,59.28909683227539,59.7889878383462,57.82714878958157,58.459086204954495,14200100,74.71080017089844,75.33898969615977,72.9920123365063,75.12959540658082,2191600,31.944047927856445,32.26422234008812,30.937793465645676,32.00808560198385,13302600,100.59186553955078,101.59993994971184,96.5235436594263,99.88981175619094,4384600,80.50369262695312,80.80299908717926,78.5142130294864,79.82586239025791,18302000
2022-08-11,30.5372314453125,30.66870765922905,29.75714771314115,29.800972003253662,7353500,87.746826171875,88.5861732451919,85.26375190992543,85.78834966746889,6481600,24.823055267333984,24.93307832770938,24.37449623662997,24.433741161418876,6810700,137.0407257080078,138.36289019271214,135.32363850214244,135.7443295837003,7888600,54.322322845458984,54.676267562368615,52.046953388267774,52.08066332742776,14134900,96.94908142089844,97.59802900229121,94.72046454894839,95.95858213800648,3264400,112.21878814697266,113.54567714324797,108.75367502329749,108.87200816319002,2690000,27.28834342956543,27.45445469759913,26.77155418693031,26.808466824173713,8372000,89.03852844238281,89.61855148961791,87.51941243387556,88.76233000168853,4476100,61.95832443237305,62.401626107417286,60.515240900242475,60.552962271916094,21762300,77.06649780273438,77.30206550643963,75.22555640082605,75.93226616846515,2803200,33.74616622924805,34.1303748763372,32.55695530277536,32.56610154907667,13140900,102.68903350830078,103.35509058011273,99.90781913660048,101.81597094718258,3752300,82.83251190185547,83.81914283177548,81.2770135433337,81.6325506001338,18797900
2022-08-12,30.414514541625977,30.756348600614132,29.792201083284557,30.23921408113564,6904700,89.83646392822266,90.02007049929017,86.86377181692804,87.2135014777636,6683800,24.805744171142578,24.926916155169955,24.372985198651122,24.73650280157772,6268500,137.2382049560547,137.28971547797371,134.91154594680108,135.8645299033117,7244700,55.24090576171875,55.45158807746975,53.66499972527619,54.03580265844245,8712000,97.76026153564453,97.98227111999233,95.54018523583713,96.18913282070777,2323800,112.51461029052734,112.78505107184914,109.97916509792253,111.23842795684727,2517200,27.26988410949707,27.325255701317776,26.577755053315162,27.076088818650238,8558300,89.73823547363281,89.99602347070052,88.59659990482032,88.84517918079388,3605000,61.996063232421875,62.316745316495364,61.109459736000396,61.35469186828521,11746100,78.52355194091797,78.55845209611904,76.47321608265435,76.68261035733676,2795200,33.974857330322266,34.057187497100166,33.1607053975194,33.47173008428019,6642800,103.6791000366211,103.79610670348407,101.0778974194274,101.9329614574839,2413100,83.55248260498047,83.57025674510774,81.87254493341638,82.2014241679652,15058200
2022-08-15,29.424076080322266,29.78344059664171,28.372276435813507,28.845586777379282,5921600,88.50151062011719,89.10750705189561,85.67354290640074,86.41127186636098,6585900,24.537431716918945,24.727845052247623,23.57670636186596,23.99215453940724,4479400,134.62820434570312,135.4695733089017,131.73491693836667,133.228774246447,8975200,53.57229232788086,54.271759072247676,51.7435715977285,53.083511087813925,11134200,95.8731918334961,96.35136028687202,92.23567841651844,93.54211410873184,2975300,110.6549301147461,111.2258033634122,105.72463415244329,108.29357367017579,2960700,26.27322006225586,26.43010272902066,25.664146593680826,26.162480391701486,8387700,88.19149017333984,88.48610599620062,86.35934824443055,86.98540774603408,3352300,60.68501281738281,61.505593029265675,58.911813191738354,59.80784694611942,16684700,77.7906723022461,78.04368679041167,75.20811394835108,76.15039821343242,3082700,32.712459564208984,32.95945004159929,32.0446720466431,32.694167075158845,7639400,100.76289367675781,100.92490664778627,97.66665570498199,99.87182576959792,3822600,82.05919647216797,82.42363073532393,79.69484272666018,80.46814320853962,20755200
2022-08-16,29.11730194091797,30.318104803428508,28.924471063880215,29.93244639293181,6611300,87.9131088256836,89.62570590118384,86.88555460070594,88.8879700239047,6924400,25.25581169128418,25.515466391746475,24.797086626233515,25.186570327771282,8628000,134.28482055664062,135.58121680141036,133.77828292792302,135.14336423934992,7218400,53.580718994140625,55.16504742515907,52.687424969603995,54.330747396599996,9355800,95.98419952392578,97.62363979907754,94.04589745195905,96.74414860504997,3105500,108.63091278076172,112.24647206576668,107.1258760605653,111.43340314146019,2159800,26.033281326293945,26.854609043324757,25.6641461636721,26.540843715052365,9049900,89.52536010742188,90.4423793920601,88.78432999707596,89.5346249272226,3697500,59.90216064453125,61.95832440528669,59.449428626766526,61.1000156823229,16662200,77.96517181396484,79.39604506055618,77.04906093911775,78.15711936157278,3420100,32.54780197143555,33.49002216744787,32.28251552162203,32.91371106706703,9698300,101.98695373535156,103.21104977556416,100.49284075117458,101.87894970456212,3353100,81.2947769165039,82.56584139237852,81.14367300923337,81.80142461491917,14038200
2022-08-17,29.47666358947754,29.757143014202033,28.749167782888186,28.959529023220796,6803000,89.01968383789062,90.18776140094673,87.6232587232852,87.9130836886514,5346500,25.402950286865234,25.749157111131748,24.97884672078321,25.4289147669075,6235800,135.39231872558594,136.80032966008153,133.5121062062794,134.47368391544038,6741100,54.05265808105469,54.97123638338262,53.22678373306336,53.69028421620294,8144500,97.0771713256836,97.76880884948008,95.40357503018173,96.0269009056988,2539400,108.78658294677734,111.01819955379028,107.77457605919854,108.71739080169952,1905600,26.02405548095703,26.180938151082866,25.350381803254695,25.77488857660858,12248100,91.35014343261719,92.09116649632679,88.81211982852261,89.00663864775841,3652200,59.39284133911133,61.12831233232061,59.22306637708096,59.82670908741365,14889800,79.27062225341797,79.8616000005836,76.80967753435408,77.1448574365732,3063900,32.38314437866211,32.76734948480559,31.880013659281843,32.22763029550785,7703300,105.98329162597656,107.13538066128115,101.2669245625763,101.32992921710101,4093900,81.9525375366211,82.85028418218727,80.81480270495898,81.12590101339245,13678000
2022-08-18,31.992212295532227,32.06233381780984,30.06391389941464,30.06391389941464,8864800,92.11113739013672,92.3131384519742,89.77498877797959,90.15263769316924,5966500,26.467538833618164,26.545435581152326,25.766469756655205,25.766469756655205,6216800,137.76612854003906,138.3205885816121,136.0940765085114,136.14605507188227,6477500,57.238162994384766,57.28873111604517,54.77739539068634,54.8111053286222,12516300,101.60269927978516,101.63685510014153,97.99080759497332,98.21281065545485,5001300,112.5059585571289,113.37092320863916,109.85051074180211,110.04945551527837,2334700,27.528278350830078,27.53750694905117,26.5223840270074,26.64235404370651,11030400,93.36018371582031,93.86963577662276,92.16527627090278,92.35053028083321,3837600,61.194339752197266,61.57161827119013,59.9587596185851,59.98705424821145,16818000,78.22977447509766,79.89686458604845,76.43919670626701,79.64106680056226,5466000,33.965702056884766,34.05717844472298,32.90455990579913,32.968594075205985,10758700,106.91936492919922,109.9345994321564,106.6673463128793,107.26138921320593,4531900,83.89024353027344,84.71688004600611,82.74361824835815,82.79695423034488,17770400
2022-08-19,31.68544578552246,32.412938345392966,31.255959728467662,31.518908806209062,9014900,92.3395004272461,92.82254215568058,90.9255128591421,91.85645869881161,7067100,26.225191116333008,26.6752608103531,26.104019141344654,26.25981262395502,5710200,136.61387634277344,138.3898853419439,136.55322587802718,137.28096535813745,6834200,57.735389709472656,58.90678299446631,56.76624966870779,57.12019445348688,13972800,101.39778137207031,101.79910415961946,100.2023535940355,101.37216613278969,3827600,112.78273010253906,113.82068495008096,110.92306155062285,111.27768699470056,1786900,27.122228622436523,27.435993918852283,27.00226036683055,27.269882672493925,8623200,93.04522705078125,94.03635067023227,92.71176423797658,92.95260006211022,3237600,67.24021911621094,68.37204765741404,60.213431666599895,60.47752811114311,79948100,78.00927734375,78.7325652434503,77.49768165797869,78.09748187208923,3167500,33.9565544128418,34.3682051626334,33.490019222811796,33.71871369607372,12893900,106.70335388183594,107.52241441503091,105.74027878144612,106.44233262903968,2667500,83.62360382080078,84.61911855441129,83.37472513739816,83.69471395361168,16128600
2022-08-22,32.24640655517578,32.30776123204091,30.221692187889154,31.185843319559552,8267100,92.42730712890625,92.83130254436232,90.05602765106617,91.04845073465157,6701700,26.467538833618164,26.753159690961922,25.80108961620123,26.147296465883898,7382700,135.92941284179688,136.65715208691313,133.7808827193741,135.74748794504134,9147000,57.659542083740234,57.88708261468719,55.20720295479832,56.78310276540078,12662200,101.52584838867188,102.14917416333454,98.7763668785872,100.47557813862132,2943600,113.46605682373047,113.82069549898807,108.34547426190029,111.58044021574008,1885900,26.937660217285156,27.196053908273736,25.940994563047035,26.771548981549635,9124200,93.01744842529297,93.79553075081279,91.2853016662789,92.62841079602651,5837000,65.10858917236328,66.38189784379888,63.448568050290206,64.70301603447011,47928800,77.82404327392578,78.89133350999728,76.10402474439653,77.40947460173811,2694600,33.77360534667969,34.23099439085207,33.014341347946306,33.58150278563164,9126300,107.22537994384766,107.75642502920891,103.96712962248147,106.70334435187206,2774200,83.56135559082031,83.98800267899763,81.6503138086445,83.03692701737057,16019900
2022-08-23,33.9994010925293,34.99860953746596,32.9914257841367,33.19302017709948,9826800,95.24649810791016,97.20500448406226,93.7446868663526,94.17503549328516,8253000,26.23384666442871,27.610020235341445,25.411605663172477,27.047433939567316,10820400,140.3391571044922,140.6423697625428,137.49754806454612,137.83542190711995,10354800,59.7326545715332,61.06416850005876,58.88150254933038,58.99105505122878,15997300,103.98501586914062,105.82939111411746,103.59223369983408,103.81424327885317,3191600,116.87400817871094,120.31657666136998,115.99175382233169,116.31178648896072,3278200,28.811023712158203,29.364727286726634,27.491365843667385,27.528278476545207,18146900,95.86114501953125,96.1853430596984,94.13825592951467,94.37909178806194,3550300,69.59818267822266,70.58853058864746,66.46678354032947,66.74973700217008,59618700,80.62897491455078,80.8847659708494,78.42382854970131,78.59141509732048,3128000,36.00565719604492,36.188613466311125,34.35905774285031,34.496272328349505,15983600,109.90760040283203,111.23970078942783,108.63849780446132,108.6745014455845,3179400,87.10791015625,87.47234446403324,84.8413240671614,84.93021511491769,23764700
2022-08-24,35.33168411254883,35.66475140265058,34.008168442268584,34.22729324324142,10305400,97.06446838378906,97.27525381910168,94.71075129374607,94.94788323333898,6286100,27.064746856689453,27.12533284942143,26.034780027712372,26.346367019870527,6437300,141.3787841796875,141.5174024949942,139.19559198140277,140.05327793557146,9468100,61.05573654174805,61.31698700250251,59.791642564241755,60.18772637258271,12851700,105.79524230957031,106.37587827543531,103.02868577318164,104.59127397015843,3551600,118.19742584228516,119.38243650492974,116.25991328143174,116.5972490003885,3554400,29.217071533203125,29.401639967368006,28.62645536015557,28.746423610240218,10129100,97.05604553222656,97.20425437834156,95.74072382439633,96.22238844029657,3601400,70.6545639038086,71.39025300943601,68.92851965076657,69.93773548468936,39632300,81.47575378417969,81.76682800227225,80.17030411952929,80.62897835153062,3200700,36.508785247802734,36.68259178968238,35.80440585765782,35.80440585765782,11498400,109.9166030883789,111.86075164111907,108.96252376558762,110.26763000577634,3423800,87.62342834472656,87.97008165106259,86.53902291201045,87.11678068304826,17050300
2022-08-25,35.41056823730469,35.88387525375719,34.595423731776734,35.48945329730994,6662300,98.43457794189453,98.48727096706617,97.17867613785158,97.88127437544333,5241000,27.05609130859375,27.45422877309264,26.744504318398462,27.34171216599127,4878200,142.6175994873047,142.8601748423475,140.87625214159772,142.0111610996977,8050700,62.12599182128906,62.22711520090848,60.92088892122505,61.94901947744213,11149700,106.92236328125,107.46884344873665,105.21461112921486,106.83697697655974,2904900,117.87738800048828,119.48622286687709,116.06095685516374,119.33053555641068,2759900,29.410871505737305,29.84460508116404,29.134018826808894,29.48469853474984,8741700,98.1583251953125,98.22316479830371,96.95415306320525,97.30614553686041,2869300,70.24898529052734,71.77695263785208,69.3529480376756,71.2110385389915,22784600,82.74591827392578,83.11638801455547,81.51985731144876,81.722733758212,2766000,36.74662780761719,37.41441876799338,36.60941321174879,36.70088960899439,12737900,111.03267669677734,112.53579250302967,110.04260070504792,110.66364456452827,4014700,88.07675170898438,88.76117473478749,87.19678602867168,87.92564779264026,15305700
2022-08-26,35.217735290527344,36.20818024305685,34.83207687723867,35.463153976840246,6616500,98.46968841552734,100.34036412665856,97.91638496394766,98.90881473555649,6508800,26.718538284301758,27.45422717821131,26.709882907205316,27.168606337406178,4940500,141.56936645507812,143.92582469473527,140.7463417743187,142.23644224236162,7765800,61.325408935546875,63.09514562657517,61.165294739040846,62.361968813734464,10589300,106.36732482910156,108.84356634041039,105.81230416913566,107.03334701523808,2532600,115.84469604492188,119.02777245750117,115.4122137691804,117.27189547385572,2587000,28.700281143188477,29.724630804088807,28.67259535120605,29.3370402773846,5724400,96.64848327636719,98.92714846794918,96.35207263577729,98.21390572631945,3545300,69.37181854248047,71.07899484414206,68.9662454370263,70.16409687165321,20581100,81.30815887451172,83.5750491197104,81.2728757243267,83.01053217589559,2750000,36.060543060302734,36.83810636728019,35.85929429569272,36.51793200925391,8944200,109.70057678222656,112.44579422155499,109.19653956070742,111.22169794044383,3077100,86.99235534667969,88.80562273781915,86.5923660033998,87.79232047037073,15531400
2022-08-29,36.25200271606445,37.373920475708196,34.84960217293111,34.998608756146794,9132000,99.61140441894531,101.41182485930317,98.2676790651676,98.44332689813822,6479700,27.272470474243164,27.68791868903853,26.484849281293613,26.5800551320731,6143700,142.62628173828125,144.53223676019056,141.7685960297072,141.9851821280916,8462600,62.47995376586914,63.432235620877776,60.710223409089544,61.02203558456843,11902000,108.0750961303711,110.22686100438769,105.74401154517535,106.30757288989253,2675600,120.45497131347656,122.62604101217646,114.8413592328872,115.8793141637965,3585500,29.438552856445312,29.816918325821312,28.534171393485735,28.764881058129,9402700,97.25983428955078,98.85304413434517,95.6666244447564,96.15755390616665,4563300,70.98467254638672,72.74843799003656,68.68328044700719,69.04169102150564,29995000,82.2078628540039,83.28397547543433,80.98180187832784,81.29934352824415,2576400,36.93873596191406,37.35953299694621,35.731229302499436,35.95077406442878,11663700,111.08668518066406,112.85982493642884,108.94452013817737,109.50256624855265,3336000,88.99227905273438,90.2722272811558,87.23234091418293,87.26789597350493,23059200
2022-08-30,34.46393585205078,35.629680972710396,33.990625652223066,35.27031656400666,10661000,97.04690551757812,97.93394245773477,95.64170279589216,97.6353331103255,7746900,26.311744689941406,26.86567728662321,26.05208997179125,26.831055777086156,6673700,139.15225219726562,140.832962676636,137.5408508656327,140.6250484527919,8814300,59.90121078491211,61.3675582260769,59.21017289383303,61.156875863802604,11606400,104.0533447265625,106.39296347628239,103.19092801944468,105.47077570121925,3297000,115.96582794189453,117.75629807381749,113.69961136944573,117.42760725223242,2509300,28.008155822753906,28.949451750307425,27.72207630914751,28.783340497189133,9635300,94.01783752441406,96.17608120504151,93.74921428344874,95.6851517555827,6281700,67.91930389404297,69.66420883557647,67.13645227727218,69.32465891013345,26152900,79.51757049560547,81.13173907181125,78.80309857605509,81.0964559263149,2836400,35.38361358642578,36.31668757222556,34.97196278539629,36.25265339091,12149300,106.23530578613281,109.61056970901846,105.33523540669664,108.84551125989611,4032700,85.60572814941406,87.65899033568245,85.17019056263209,87.42788585269385,17086800
2022-08-31,34.279884338378906,35.27909289407061,33.15796642933266,33.45597294829135,8810800,96.124755859375,98.2413480941835,94.016954728301,94.71955287181353,6775700,26.753158569335938,26.882985926168367,25.602019810624753,25.91360678769811,7409900,136.93441772460938,139.83667726050962,135.27969645823796,136.5445653202238,13582700,59.51353073120117,61.081007355089696,57.75222358736397,58.434832093746394,11430500,103.57515716552734,105.61592020081537,100.39019694951239,101.03914450702085,3538100,115.282470703125,117.52272565269556,111.84856048697206,112.76542077068441,2777500,27.805130004882812,28.59877187149929,27.131458158193336,27.28834081182275,11257000,93.3231430053711,95.33317823556342,91.84108954225667,92.31349651290164,6636100,66.96665954589844,68.28713032825436,65.5990334617361,66.34414911576428,21579100,78.90896606445312,80.3467192420902,77.23305328262514,77.46239041603069,2841700,34.89878845214844,35.82271286500337,34.12122491676584,34.55117177174679,12383000,105.41625213623047,107.02737904376309,102.92305317826938,103.68811167692088,4688000,84.96576690673828,86.07683723524842,83.18805438112206,83.57915330681686,18340900
2022-09-01,33.23684310913086,33.692623026481215,32.26393195063262,33.66632912434247,7941600,94.43849182128906,95.67683108311132,92.87520341741254,94.65805494993543,6717300,26.16460609436035,26.554089815258926,25.870329872091297,26.4069517041244,5575900,134.75120544433594,135.91211701535423,132.74995194664962,135.56557131528655,8244400,57.440433502197266,58.08933224921359,56.05835150309018,57.74381014205821,13493900,101.36360931396484,102.27725628447021,100.01448380176252,102.08086847173372,2685500,112.70490264892578,113.54391946080766,110.54249090661452,112.87789294864791,2306300,26.706954956054688,27.426768082524543,26.467016660506303,27.177602948071673,8294800,89.62724304199219,92.6932408624015,88.53422762439523,91.63727765334855,7520000,64.51438903808594,65.95747287249213,63.98619617616687,65.30666753697953,21504300,76.14810943603516,77.95632526430515,74.44573631738615,77.40945331907118,4004200,33.709564208984375,34.606049621562434,33.32535916610871,34.349909436711236,10516700,99.58379364013672,104.24615882715906,98.73772522308481,103.77812521650873,4500700,83.43692779541016,84.50355244434617,82.03253347521157,83.92579460057493,16423000
2022-09-02,34.0081672668457,35.042436559176416,33.71015741407958,34.648011262341996,7531000,96.83612823486328,98.36428579880194,95.7295281434769,96.29160924057008,6096400,26.060745239257812,26.796434154528445,25.84436575809717,26.56274556951672,5663500,136.7524871826172,137.86140710590672,135.77351364902245,137.09036101519183,7526600,59.27758026123047,60.03603797324457,58.36743743632834,59.51354988347969,10100000,103.76300048828125,105.24020871844188,103.00305142924768,104.4631784926006,2355800,115.7928237915039,117.61789989358734,114.38294026120793,116.54535207892222,1756400,27.69439125061035,28.10966763428279,27.242200471851348,27.68516265183871,9110400,91.8225326538086,92.79513370473121,90.9425656587729,91.11856188457455,4207500,64.86334991455078,66.87235469538057,64.39175362924625,66.59882798638536,22793000,78.02691650390625,79.30590573384625,77.3565499671644,77.8681456591404,2641600,34.82559585571289,35.33787275776731,34.29502646572877,34.85303807720836,11375100,102.44599914550781,103.47207871685677,100.96988443349734,102.06797127543005,3772200,84.96576690673828,86.03239849096907,84.53911969819404,85.64129956527427,18206800
2022-09-06,33.14919662475586,34.52529998288616,33.00019337849227,34.13087470810194,6038700,95.4045639038086,98.08323663155815,94.92152906309835,97.48602468080749,7270900,25.238502502441406,26.19057254790384,25.16926113463565,26.121331180098085,7277500,136.1200714111328,138.60648962313215,134.89853546336448,138.51984986768954,8550000,58.60338592529297,60.3225541646754,58.09774972065418,60.01917115598949,12545000,102.72982788085938,105.41953880384716,102.31997101547609,104.96698552914764,2395900,115.91390228271484,118.4828482224788,114.7029571117171,117.88602053166116,2783300,27.351566314697266,28.11133175112081,27.064336538690046,28.000145746337118,7688700,91.20193481445312,92.87850683241102,90.36827768202014,92.58209619276674,4122700,63.08073043823242,65.56133205122742,62.79777692226416,65.07086777663207,21676400,76.52742004394531,78.6972837900245,76.20987835138989,78.67082310390727,2556200,34.33393478393555,35.40916605196615,34.13175310725982,35.142657984922074,10785100,101.50994110107422,103.51710116374201,100.51086238322955,103.50809853676357,2637600,84.39688110351562,85.85460451527567,84.00578904423143,85.47240291548968,19201500
2022-09-07,32.14122772216797,32.40418018699954,31.571505183385035,32.07110951683784,6496000,93.76226806640625,94.42095764717331,92.00576251769408,92.93670831433971,6890900,25.186574935913086,25.35967755094407,24.398953662783846,24.797091163115276,8516800,134.37872314453125,134.99383368065455,132.22152014357965,133.46905859138923,9442100,57.60898208618164,58.291590840222696,55.780260838000615,56.80839173093632,10785200,100.05717468261719,101.49168640444724,98.67389342831669,99.90347676547269,3785500,113.80341339111328,114.7375636647203,111.63234351901659,112.3243179276597,2227000,26.573274612426758,26.943891753116002,26.276780899875362,26.65666368998708,9500100,91.09078979492188,91.56319674139672,88.58982514556185,89.84957229150278,4176200,61.71310043334961,62.26015394220575,60.74161307561614,61.59048796936024,22488400,76.13928985595703,76.5273977514853,74.11937507266032,75.04553919441739,2633200,34.05823516845703,34.168514490924636,33.07490273763947,33.488451073322096,11759900,101.36592102050781,101.88795658261066,98.4406925061918,99.87180100627047,3052800,83.67691802978516,84.07690058763352,82.04142595692555,82.83250739369004,16274700
2022-09-08,32.36911392211914,32.94760322818259,32.149989134313614,32.298992385103496,7890200,95.13231658935547,95.89639872519955,93.62172112108549,94.27162613631725,7147200,25.203882217407227,25.437570798018903,24.996156466661112,25.32505419630546,6202700,135.1064453125,135.4789803854904,132.87994643955182,134.79456071021258,9232500,58.072479248046875,58.67923894428798,57.28031164725347,58.04719196821179,11289100,101.02204895019531,101.52583908538124,99.48507634077527,101.2611331440236,3505400,114.33966827392578,114.68564882155374,112.4194458784733,113.89852789764147,1653600,26.323102951049805,26.943887219976972,26.276776478973506,26.7771090929157,7873100,91.19267272949219,91.69286702395418,90.15523899311529,91.44277341021684,4040100,60.939674377441406,62.43934715529392,60.392620943160374,62.250711513950066,22052700,75.79529571533203,76.6508936334784,74.97498094871028,76.45683966487947,2477400,35.07832336425781,35.390784351119436,34.159320874160834,34.36150254381138,14681800,100.74488067626953,102.14898831021306,100.2318408202523,101.76195776149885,2714200,84.36134338378906,84.81465515341245,83.30360235846553,84.13912933856543,18759200
2022-09-09,33.38585662841797,33.56115714746029,32.69342141716941,33.44721130854589,6043600,98.33793640136719,98.7331473578253,96.49360743700433,96.65169315969457,6085000,25.766468048095703,25.94822601306016,25.4721918326676,25.70588205977422,4956100,138.58914184570312,139.17824980768825,136.47525898094418,137.23764643233108,8261100,59.06391906738281,59.443247882977545,58.23628359136421,59.08115859549354,9021200,105.33415222167969,105.96601868763588,103.14823157325343,103.2165367075987,2839400,116.78755187988281,118.04174820975989,115.90528408164346,117.15948041152052,1732300,27.481285095214844,27.62026629218756,26.879032063505207,27.045810206769186,7863200,92.6376724243164,93.1471244259508,91.74844055934872,92.81366159321459,3571700,62.00762939453125,62.26280164914616,60.760105372032754,61.950926051393786,21708300,77.64762115478516,77.98280774556962,76.69499620661884,77.1272097863595,2474400,36.438453674316406,36.640631857890554,35.528639578224556,35.887050023264294,9628600,101.9959716796875,103.15706325400126,101.20391224464038,103.10306123049561,2594400,85.77461242675781,86.21904047041977,84.72576197245824,85.79238656467344,17158000
2022-09-12,35.059959411621094,35.7348640315242,34.192223945009026,34.83207114662,9459100,100.46332550048828,101.35914700396671,99.08446903385325,99.19863947230053,6208600,26.562744140625,26.64064088172008,25.974191719392994,26.043433083605915,6587700,140.78099060058594,142.53966899484683,139.69805990365836,141.04955529832495,8920800,61.374393463134766,61.70199706120151,59.70187669006248,60.055349442087426,11044600,107.93846130371094,109.01434030362402,106.62349156703849,107.04188895589358,3460200,118.8201904296875,120.82691476440688,117.90333000715005,119.20943508307431,2061400,28.055742263793945,28.222518635749626,27.53687654912596,27.888964124596505,11434200,92.57283020019531,94.12898768656815,91.79474792351566,93.76773747249824,3233900,63.13228988647461,64.08682975288612,62.07378187987948,63.321305825636365,26349100,78.9971694946289,80.32907992277524,78.36208619830555,78.70609525845849,2454500,36.897953033447266,37.20122204579932,36.383310353868794,36.78767020557702,8935200,102.83304595947266,104.66919044878372,102.05898484534174,103.69711274262038,2516400,86.76124572753906,88.16564001354381,86.1123777812548,86.79680078582913,16118900
2022-09-13,34.279884338378906,35.72610601608775,33.902989413887596,34.76195823094852,7741400,98.65413665771484,100.46333524533458,98.20622586252871,99.15474047567452,6977400,26.01746940612793,26.73584924663914,25.930917279989753,26.190573658404283,4887200,138.10397338867188,140.9195928805612,137.52352418743723,139.8366623067576,10308300,59.54669952392578,61.589928741316015,59.11563900715277,60.69332207713276,11480400,104.94990539550781,108.50202627314881,104.6168877522518,106.23071943344436,3020800,116.51939392089844,121.34588505802799,116.04366072327797,117.49679500148618,1939500,27.008745193481445,28.342968452891572,26.85123271308413,27.50907957847586,7105700,90.45166015625,92.40612052649813,90.00704059826965,91.01669412491822,4777400,61.752464294433594,63.11340253028822,60.977487179127046,62.026542534181985,25446400,75.99817657470703,78.87368293070371,75.865866431187,77.61233879101646,3004000,35.354026794433594,36.82442937125202,35.13346465505269,36.36492812778173,11124100,100.20484924316406,103.37309434469718,99.75481399841833,101.03291244541792,2936900,84.73467254638672,86.91236776469648,84.36135452863682,85.8724075232066,18229100
2022-09-14,36.58507537841797,37.005794562130454,34.709364420278895,34.7794859560204,8571900,103.37910461425781,103.97631660332635,99.64653135771317,99.84853238806748,9457900,27.895641326904297,28.103367074203526,26.441571000875943,26.55408925156672,10368700,141.44805908203125,141.70796505544578,138.91833492748813,139.4294749696043,11160800,62.21928405761719,63.18486214827709,60.641600717708975,60.70195551474643,12215600,109.54865264892578,110.7934209539737,106.23790121579245,106.41942978954853,3271800,121.24210357666016,122.0724755175707,118.20608215188714,118.46557420831634,2149300,28.16692352294922,28.40782505764529,27.268176917047448,27.37009727290698,7892400,91.0722427368164,92.80439636358454,89.97922733246278,91.51686216697131,5021400,63.51032257080078,64.06793185624753,62.149391928473776,62.584134362459785,28407000,75.85704803466797,78.37973644953563,74.89560728395888,76.58915836917004,3872100,36.980655670166016,37.17364532001708,35.82271075962823,35.82271075962823,9958200,98.63870239257812,103.6521006327251,97.42360884235391,100.70886686110198,5043600,86.8145980834961,87.60567969254083,85.46353941522605,85.49909448300102,22655700
2022-09-15,36.365943908691406,37.32132792425892,36.01534298159979,36.269528486562294,9221600,101.49087524414062,102.94877787597942,100.67410000232954,101.12201073507396,9997500,26.631988525390625,27.497506501639826,26.571402531188305,26.874332502199906,7457900,139.15225219726562,140.08790586266875,138.25125971541533,139.20423075322665,9665000,59.90017318725586,61.14162302117622,59.701882452536175,60.512278340795135,11230300,105.9439697265625,108.76199823920352,105.80566509875597,107.50858410858773,3534000,116.45020294189453,119.50352730737734,116.16476300425978,117.96389118193954,1963300,27.24038314819336,27.83337229008956,27.082870655895555,27.39789564049116,6846800,89.05294036865234,89.81249294186941,87.78392878480793,89.81249294186941,6585000,61.516178131103516,62.508529927143414,61.440576074940594,62.18720135958552,24382100,72.21414184570312,74.34872209702544,71.58788103128575,74.15466812334647,5077600,36.42006301879883,36.79685383075924,35.978942324726816,36.17193197106164,9945700,94.65141296386719,96.77557293394598,93.10329067240909,96.69456988862191,6351600,84.29023742675781,85.81018075741942,83.59693065643162,85.52574703673598,21092300
2022-09-16,35.46315002441406,36.26953087233643,34.2535837678982,36.24323362774889,12193300,99.35672760009766,101.56114379898145,97.66169958591054,101.49966637672748,14608000,24.87498664855957,26.181919001791673,24.658607152676996,26.052091634431036,21408900,135.53961181640625,139.60277015917376,134.81188551544273,139.0656407302773,43741600,57.60693359375,59.460495337141644,56.39996269729994,59.27082763631149,30970300,104.9844970703125,106.3070739115394,102.5641091032279,106.16876263596876,5704200,114.71160888671875,115.21328997288327,111.36419987886853,114.65971311889366,5496100,26.1192684173584,26.88829964768683,25.63746525041381,26.795644920621804,16844900,88.59907531738281,89.21968396647765,86.64461530678174,88.87695630637207,18821700,60.8735237121582,61.46893049005121,59.550386723317345,61.431125855034644,57451400,71.20858764648438,72.27587765361946,69.69144590755765,72.27587765361946,6839900,35.26213073730469,36.190325378017086,34.591259222760044,36.1168034831929,16890300,94.0213623046875,94.24637992657321,91.00612754481752,93.66133273627179,10339900,82.85028076171875,84.74354191610885,81.7747656361459,84.50355373992079,37874700
2022-09-19,35.45438766479492,35.85757643015304,34.192226877825426,34.26234840758087,6049600,99.12837982177734,99.66411447866587,96.11597293982064,96.43214443242815,6600600,25.048093795776367,25.143299662375735,24.11333433174025,24.15660957557226,6827000,135.92941284179688,135.97273269986025,132.37740920980113,132.49002497752824,6813800,56.81377410888672,57.5638151547024,55.36541059399916,55.45162137682771,10530200,104.10277557373047,104.81160430398452,101.14644159596678,101.33661628372538,2339200,113.24982452392578,114.65107634603959,109.42668864213383,109.60833044154647,1987500,26.28604507446289,26.406494975713073,25.164926298633535,25.248315371515133,7382800,89.201171875,89.34010885232608,85.45898283428497,86.04253934001748,4202000,61.12869644165039,61.3744229658437,59.00223437695082,59.16289866909775,19677400,72.26705932617188,72.46111328942297,69.28570376501946,69.32098018599888,3124400,35.81351852416992,35.86865641508076,34.085793326085124,34.15931168253802,7377600,94.21038055419922,94.35439513489176,90.99712904267342,91.11414260623441,3491600,82.84138488769531,83.09915396760555,80.88590420197922,80.894794661682,15342100
2022-09-20,34.7093620300293,35.31414853162537,34.087048489283696,35.28785128574383,6625400,98.42576599121094,99.1020175269551,97.090825023019,98.8473301762131,5655400,25.030780792236328,25.065400654027023,24.546091171254503,24.840367425276042,6294700,135.39231872558594,135.8861414407085,133.71160826406216,135.18439128458147,8955200,56.141326904296875,56.563764390353896,55.03780968935718,56.33961106863591,7976800,103.41122436523438,104.15463085284728,101.49220521760469,103.75699589820094,2361600,113.12873840332031,113.98505829171565,110.23975918951575,112.35027537628108,2355600,25.59113121032715,26.072932467695267,25.220512411555877,26.035871648162985,8066200,90.03482055664062,90.37754825149555,88.36751325269546,88.36751325269546,3929900,60.75065231323242,61.261004032134366,59.777206468297656,60.58053507359844,20264200,73.4049301147461,73.96062470356236,71.31444845850056,71.56142383130779,3482700,35.38159942626953,35.611350071894655,34.95885907969129,35.574589127222644,9360500,96.6855697631836,97.459630928943,92.96828113561277,93.58933196713882,4195800,82.16587829589844,82.60141598279169,81.45479054545463,82.42364743589843,14712500
2022-09-21,33.683860778808594,35.6472168961355,33.657566875677034,35.27032535812778,5803800,97.56510162353516,100.90246498780093,97.53875511127335,100.27012189136849,5818000,24.823055267333984,25.67126246886962,24.71053700846721,25.636642609033725,6621400,134.2920379638672,137.55815998710833,134.24005941601905,137.15097706980976,6877000,55.589569091796875,57.71038611959787,55.555083459947056,57.63279180357034,9389300,102.20966339111328,106.22059695267635,102.17508558169808,105.36481760353945,2540900,111.40746307373047,116.20802010321543,111.35556730016546,115.62848210290012,1969000,25.090805053710938,26.295311239787587,25.063008104589056,26.02661446724396,6740100,87.6913070678711,91.90590221404833,87.63573228773242,91.71138341657671,4218800,59.238502502441406,62.338410207440866,58.89826802647842,62.026527402725414,18597200,71.68490600585938,74.89560579420525,71.62316216740506,74.84267769726321,2872300,34.536109924316406,36.23626286601387,34.50853746998672,35.94218239507934,9153000,94.98443603515625,99.19676612871719,94.93043400414673,98.61171894714069,4301300,80.84146118164062,83.44580987741747,80.77035784612379,83.17026665102549,17332400
2022-09-22,32.52688217163086,34.6480083910384,32.51811530821716,34.20975884055796,7355900,96.66048431396484,99.98906265461227,96.54631388189505,99.41819709319135,4971600,24.269121170043945,25.333707723359705,24.25181041693858,25.264466361782524,7763900,134.18807983398438,137.12498673906444,134.05813346536556,136.53587890883767,6981100,54.417083740234375,56.98620426272885,54.356735525413406,56.77929703726584,8909800,102.30475616455078,104.79430581463612,102.15780541299523,104.12004838770923,3313400,109.4526138305664,114.60780170399457,109.409362963846,113.98502617849284,1569600,24.942554473876953,25.85056680290103,24.840634109535287,25.591135718746564,6881700,88.9047622680664,89.90514385163873,88.1174150299294,88.9047622680664,3163100,58.48242950439453,60.74120043709119,58.35956625018779,59.720500586310905,20343200,72.56697082519531,73.55487905361028,71.5702468545223,72.50522698151777,2963900,35.13346481323242,35.60215804688341,34.775054402626544,35.013993507791696,12875000,96.83856964111328,98.56671000306619,95.88449722833134,96.75756660243954,3026800,80.50369262695312,82.3614053081761,80.45924711163144,81.95252555523055,16139400
2022-09-23,28.81052589416504,30.835240118180426,28.16191840075018,30.703763909299067,17295100,88.34342956542969,92.45365217581413,87.47396133069525,92.29556643308642,10157300,22.81505584716797,23.775779739918974,22.434227450928624,23.29974548275327,10208100,125.42070007324219,130.10761388762293,124.45905712564644,129.73509208869174,13919700,49.73576736450195,51.94279866603955,48.96848007637902,51.934178901684405,17563200,94.32611083984375,98.31111283396612,93.25421849521244,98.12093817298177,5139300,99.64393615722656,104.77317736794247,98.3118962548738,104.6953337083529,3556600,22.774442672729492,23.886295751151945,22.32043649975882,23.886295751151945,15514000,84.70867919921875,86.09810536694998,83.39335745651006,85.86653433899477,8268000,55.5053825378418,56.77180892384352,54.85326883062944,56.41267211446289,29654900,67.02763366699219,70.0883782015857,66.63070997379621,70.02663436643135,5632400,32.16508102416992,33.50682356266355,31.595300570484998,33.31383391789028,17421000,90.52008819580078,93.51732455210914,89.6110150852613,93.01328041210093,5809100,76.21942138671875,77.77491978236607,75.41944942695602,77.77491978236607,27738800
2022-09-26,27.907730102539062,29.58184316730095,27.89896491135626,28.915705355300737,10152000,87.12265014648438,90.21410287005402,87.05239503499863,87.9042943787456,8719000,21.914913177490234,22.84101707538274,21.906257800304537,22.486154864991114,8998800,122.11992645263672,125.66327228255444,122.05927599238176,124.38108612485823,9444000,47.57183074951172,50.140950594978484,47.55458793714521,49.442631493420635,13363800,90.9202651977539,94.98306200059615,90.8424634811664,93.49625583015997,4465400,96.19271850585938,100.1629097044985,95.9851288363904,98.74436819800675,2549500,21.597732543945312,22.78370908275337,21.588466895137223,22.774443433945283,11477600,82.9394760131836,86.1999928119216,82.80979680946591,84.10659591362939,5627300,54.702056884765625,55.977932696150155,54.27676374588795,55.10844770577668,25390700,65.4134750366211,67.60097679772456,65.289980630029,66.15440109873153,4717500,31.11742401123047,32.48673572023763,31.062282601298485,32.11913683783963,12006400,88.1078872680664,91.47414850229276,87.96387958084941,89.49399645086359,4691700,74.64613342285156,76.63716905898002,74.56613285269204,75.46387935429658,22043400
2022-09-27,28.64398956298828,29.283833475887263,28.030439551957652,28.77546575948719,10516700,86.73623657226562,90.0911615425913,86.52545110463262,89.02847660361898,8779000,22.079362869262695,22.711190569882753,21.94953550830363,22.339017591180827,11048200,122.17192077636719,124.55436845723582,121.68676990918037,123.27216891467673,10121000,48.42534255981445,49.33919214658319,47.70116396381385,48.59776744450889,10695500,91.15367126464844,92.93439237554159,90.66959506889363,92.49353350009716,4404200,98.16482543945312,99.94665690909486,96.64249257497167,98.36377019061064,3214900,22.01467514038086,22.58913115643068,21.8015705462734,22.162921968215755,12769100,86.00547790527344,86.6724035929051,84.43079775046625,84.69015616965926,3748600,55.31636428833008,56.20475517446042,54.503582671337796,55.64714943293654,28187500,67.23050689697266,68.30661945495196,66.49839665119028,66.63070678578286,4147800,31.227706909179688,32.44079002117152,31.117427582375864,31.797487521002136,12712500,91.06012725830078,92.55424752573916,89.37699988432239,90.10605476323313,3256400,76.21051788330078,77.29492337857235,75.38388146325225,76.09496903500093,17307300
2022-09-28,30.388225555419922,30.537232157572756,28.81929453389207,28.871882345822055,10422700,91.76081848144531,92.15280861889455,87.7162145987725,88.0458432867992,9207500,23.074708938598633,23.16991644352954,22.174571108609694,22.174571108609694,7296800,126.29573822021484,126.86752893521097,122.5011439362594,123.09026524790231,8279800,51.77037048339844,51.89106690907093,48.520173599123495,48.92537156136482,11734500,96.58226776123047,97.13549957507534,91.43893187980186,91.62910655238167,4199100,103.27680206298828,104.04662023406243,98.4243488368219,98.81358037081384,2517900,22.922691345214844,23.089469497024115,22.088802353410372,22.357499112359395,11711400,92.7117691040039,93.15638856674163,86.2370454383587,86.47788127513276,5233500,58.03822326660156,58.2177898314067,55.410863060859576,55.722742210810345,22343900,71.79956817626953,71.95833898635495,67.23050456333677,67.35399222345066,5401100,32.56944274902344,32.75324392426977,31.337979432303587,31.622871429221195,12205400,97.92767333984375,98.32369969106924,90.9161233069826,91.06013101643015,4073900,78.98374938964844,79.37484822291601,76.37051042451236,76.54828570392195,19543300
2022-09-29,30.633638381958008,30.71252341968373,29.14358952690442,30.046382358093616,9094300,92.34879302978516,92.73186560567935,88.9901654783744,90.50466153064367,5929800,22.477502822875977,22.910261841304546,21.811055189137903,22.771779087474975,6171100,125.42070007324219,125.9751600382021,123.25483876959125,125.19544203726677,8197600,52.56351852416992,52.9773362103235,50.1926857695794,50.99445856423028,12286900,97.6541519165039,97.92212171692479,93.7901687921636,95.6486849766391,2966500,104.58287811279297,104.86831142951503,100.29264767789334,102.48101376713925,1725600,22.830036163330078,22.88563005764888,22.061004964338608,22.579870707862916,9360800,91.42422485351562,92.44314287233571,90.09038074458122,92.16525485502372,2767700,58.699798583984375,59.654342094877215,57.225450403288015,57.85866536229954,30091400,71.12037658691406,71.80838789059779,69.98252027989454,71.20858782324422,3118000,33.0565185546875,33.093275987571936,31.52178267241925,32.302936841957575,12191700,96.52355194091797,97.45062339422815,95.08344061213555,97.19860477006527,3152900,78.82376098632812,79.42818341913542,77.44603128786864,78.37933292636494,17896000
2022-09-30,29.967500686645508,30.738820770653668,29.599372698292033,29.923676403781304,7705300,91.1728286743164,92.58933409241462,89.97905047507408,91.25301156060658,7172000,22.607330322265625,23.040089311467273,22.088019205054742,22.183225060104824,7829800,124.46772003173828,125.74124757901113,123.44543980705329,124.77960459881263,9402700,51.8393440246582,53.14976852570534,51.218615763969794,52.55490284630192,9686600,96.58226776123047,98.2246709988705,95.00901355403849,96.2710740415623,3329300,104.19364166259766,105.24889959870914,102.05717790656153,103.15568671513266,2004000,22.811506271362305,23.11726561630813,22.227782760948195,22.5613390526134,9344900,92.0077896118164,93.49910738793075,90.80361760863562,91.19265518492999,5011700,58.076045989990234,58.80376904031062,57.09314704369397,57.4617332472429,19494900,71.19976806640625,71.82602883669038,70.00899035587803,70.40591401619652,3259300,32.9921875,33.64467836139633,32.41321500749259,32.59701618828878,15329800,96.17253875732422,98.23370118079588,95.02945215815541,95.66850143699699,3718500,77.60603332519531,79.14375754836675,77.60603332519531,78.37045020634162,21357600
2022-10-03,32.69342041015625,32.772305474116536,31.387438437854986,31.510147794331164,12897200,97.97023010253906,98.74529258205915,94.90559586595765,95.26194979063457,7701900,23.68056869506836,23.784429911678014,23.178568412536965,23.386292496600547,7813600,131.45045471191406,131.97892541555296,128.47889925428646,129.05934851576382,9597400,56.32237243652344,56.80515814254906,54.24465745066243,54.57226438598765,13020200,103.67053985595703,104.32750501525165,100.75742384524074,101.068617520957,4243300,112.03022003173828,113.31036395957081,108.65685673143126,109.33152807166141,2517000,24.442224502563477,24.571941835418503,23.96042307289722,24.080872988503277,10265100,95.21275329589844,96.29650410847009,92.8229383756218,94.86076784575201,3777800,60.542720794677734,61.459463150495196,59.9189624890721,60.221392287955624,25451400,74.60452270507812,75.2131386013267,72.61106825915938,73.76656294452154,3891800,35.19778823852539,35.40915835194196,34.297166383470405,34.53610895043915,13978200,101.08690643310547,101.41093233289665,97.08159582039819,99.00774596527229,3970400,81.70367431640625,82.09477328167173,79.74819305295041,80.0326268145701,23881300
2022-10-04,34.32370376586914,34.58665282059273,33.25437382060409,33.85916032440485,10280200,103.00372314453125,103.20862208659219,99.52928387890205,100.19744501471972,7582900,24.736501693725586,24.79708768302586,24.009466520433474,24.277776609125155,5903800,136.56190490722656,136.7784910594137,133.0965264722325,133.78959158373561,9520200,59.54669952392578,59.563939050513646,57.43450562272261,57.822457456833725,14620700,108.20012664794922,108.38165519207548,105.00175527898523,106.35890290463222,3360400,117.89468383789062,118.35311404420503,113.49201695927167,115.46413529542393,2452800,26.05440902709961,26.137796332334442,24.664593508811212,24.979616733760775,17512000,99.77931213378906,99.85341654876883,96.37985160018438,96.88930355245184,5011100,62.536888122558594,63.4536307475618,61.17595723321628,61.582348070779645,25152300,79.70281219482422,79.78219423520345,75.40718457555394,76.28042739716211,5402400,35.95137023925781,36.61305303999833,35.46430012522142,35.99731965470575,16268000,105.83026885986328,105.91127189173135,102.35599690858619,103.01304439037663,4324800,84.68132019042969,84.76132076816286,82.40585067657857,82.87694333860861,22133700
2022-10-05,35.51573944091797,35.875103892719565,33.82409612440409,34.271109137687716,11925400,103.2799072265625,104.46478142099787,101.34669572841264,103.56498907515194,10073000,24.918262481689453,25.195227960540475,24.052744534857773,24.736502854415676,7993800,137.34156799316406,138.38117856357755,134.11010728684556,135.0110995893731,10633100,61.10714340209961,61.65028392424727,58.546649167900696,59.48635804358119,15689500,108.98675537109375,110.1018649219126,106.4453425996907,108.11368387563856,3967700,120.55011749267578,121.4929389797371,116.51939230636563,116.52803720136143,3323900,27.09213638305664,27.30524100053554,25.81350691094147,25.943222457712665,14897500,99.64965057373047,100.53888250987632,97.08383952018583,99.36249768161964,4493400,64.02069091796875,64.41763603528844,62.035994173361686,62.44238504286915,25491400,81.68744659423828,82.73709847026387,78.90013821841582,79.03244835288868,5443400,38.20293426513672,38.54296421405982,35.96056939076812,35.96056939076812,28104400,106.289306640625,107.53140814543937,103.10306357547219,105.19122655808215,4207200,88.10343933105469,88.87673997574304,85.02799733168636,85.1079911439912,34857700
2022-10-06,36.98826217651367,37.12850189682853,35.13884856615119,35.22649713750597,8897800,104.8122329711914,105.44475816019204,102.16631324461507,102.26431077499849,6388900,24.978849411010742,25.402953022768816,24.753814538290115,24.762469916184507,7091200,139.84535217285156,140.29585509342263,136.18937668299043,136.31066440552453,9498300,62.279632568359375,62.56413413802622,60.44331681202937,60.46055634164737,11199500,110.24018096923828,111.0786747443049,107.7592840498623,107.88030309007365,5045700,123.11042022705078,123.8283424703994,119.3737666035948,119.49486112667088,2422400,27.62026596069336,27.84263622662921,26.795642670276017,26.795642670276017,13545400,99.90901184082031,100.39994132363833,98.3806415362258,99.03830245349026,2396900,66.629150390625,66.94103325063244,63.803320357536386,63.88837538635794,23475300,82.34898376464844,82.71944672704718,80.75246000080686,81.07000160559791,3237500,39.04841995239258,39.37006944310331,37.881286291401956,38.02832655940065,16403000,107.30638885498047,107.48640017923937,105.06521559309559,105.33523257948391,2858000,90.7166519165039,90.82331709043218,87.40122244208182,87.52566175428119,29124700
2022-10-07,37.268741607666016,38.31177431826884,36.751607012215494,36.95320140114316,10920100,105.578369140625,108.1173800724203,104.51821797386854,105.24874053664627,9373500,25.273128509521484,25.714541276061816,24.75381733313644,24.88364471452152,8529900,138.64112854003906,142.0198672717287,137.80077320073192,140.78965949712966,9972500,62.107200622558594,63.684883707185904,61.36577600062866,62.503775512376215,12020900,110.17102813720703,112.65193830948579,109.1596518776713,110.70698092035865,3655700,123.1968994140625,124.62409889723054,121.33723083703059,123.25745327015696,2081000,28.176189422607422,28.83403626694071,27.212585042442953,27.796306705675846,17472200,98.96419525146484,100.98349498232001,97.91749670547084,100.27952411614095,3114900,65.96756744384766,68.08457609272578,65.26819265667294,66.96936482750961,29085000,81.5904312133789,83.35454864501953,81.02591417361982,82.82531476144213,3283500,39.140316009521484,39.627386205154714,38.30402388769199,39.08517459831693,15953800,102.4100112915039,108.1704633530499,101.55494713927895,107.81043381164221,4557800,89.80113220214844,91.83661351901502,89.04560586078007,90.83220855050733,24507600
2022-10-10,36.085472106933594,37.91735565233015,35.962762748302694,37.040856412304606,10050700,104.05497741699219,107.2977860162342,102.85228177535019,105.66747099715779,5883200,24.64129638671875,25.801090616242252,24.494158263545035,25.428917619341412,4226300,136.13735961914062,139.8886324886546,135.5309211779717,139.48144955971975,5904500,60.65022277832031,63.33142013368232,60.27089393754383,61.97789016469431,9829700,106.92943572998047,111.71836056637824,106.62688811262052,110.17103147678719,2674300,121.36320495605469,124.73657548329942,119.3910863332473,122.00328363824532,1731300,27.379364013671875,28.639463936887147,27.21258764198905,28.111334341787146,9532600,98.24168395996094,100.62223368283485,97.34318730185527,99.46437862176803,2751500,62.026527404785156,66.42121671070616,61.9887227729551,65.30600530845628,24069200,80.3643569946289,82.80765627688157,80.09092099090374,82.17257975818825,2786000,38.71757125854492,39.53548281598976,38.22130913187642,38.901372435723914,10380600,99.78180694580078,103.86812746170206,99.63779238297091,103.31908395814973,3494700,87.85454559326172,90.6899991071719,87.74788718690283,90.21001593425252,16786100
2022-10-11,35.480682373046875,36.40977260195092,34.93725387940573,35.14761178629582,7325300,102.96809387207031,105.2220231649912,100.85670209649452,101.65849687183261,7602400,24.926916122436523,25.030779002069647,24.07870893366979,24.260468560316642,6876600,136.16336059570312,138.554466606104,133.5123485969316,134.06680853641737,7533300,59.11563491821289,60.857116391437145,58.52939239285264,59.20184570011212,11718900,106.06500244140625,108.33844564641372,104.2237785660767,104.83751985785322,3017700,120.55011749267578,122.75577996139877,117.6611387665212,117.9898295527433,2605500,27.388626098632812,28.241046212150067,26.582534221701106,26.795638808270038,10885500,95.80558013916016,97.54699198284477,95.04602733779912,96.69481216999834,3213400,60.51437759399414,61.85640956364211,59.28575591348237,60.63724444886783,22465500,79.6851806640625,81.12294066888265,78.18568354827374,79.49113340062456,2939500,38.37753677368164,38.86461040535534,37.77099536006234,37.92722758326809,10474800,98.72872161865234,100.93389129032556,97.27960776572696,98.54870342347999,2874900,87.10791015625,88.67229901295991,85.99683987364477,86.41460338493391,17804100
2022-10-12,35.71733474731445,36.18187815383751,34.236052620377855,35.147609051950475,7373700,103.6095199584961,104.53603072641349,101.55157909565203,102.23756164889551,6221600,25.792434692382812,25.948228190192086,24.71053723631232,25.01346885418096,6851100,136.57054138183594,137.58416282288698,134.73389534020853,135.27102468007297,4942000,59.831199645996094,60.46054430240546,57.882804314005206,58.667337593387785,7419800,106.72196197509766,107.84571766346666,103.90393324837234,105.20057138339384,2540600,122.10707092285156,123.37857014819164,118.53476231848518,120.32524566783472,2969900,27.610998153686523,27.833370169481313,26.777109279801802,27.18478895243673,8909200,97.22279357910156,98.04718599240255,94.14753016610554,95.4628520989017,3051900,61.53508377075195,62.24390441881575,59.32356320458296,60.164696463445615,17647100,81.9785385131836,82.67536570037716,78.52968573310105,79.28825676070043,2838800,38.616485595703125,38.90137763368331,37.86290382372078,38.13860387347007,11271700,103.68811798095703,104.78620508043856,96.73957954768365,98.10768367469797,4252300,87.49010467529297,87.9167585797165,86.42348008638479,86.6634682453873,12635800
2022-10-13,36.69024658203125,37.0320806375593,34.81453936400075,34.884657541340225,10394200,109.34680938720703,109.94370524507323,101.94358521527694,102.00594665751521,7999100,26.36367416381836,26.580053636538516,25.40295042751504,25.446225661721325,6937000,143.18939208984375,143.80450239048034,135.45294344478214,135.45294344478214,10227500,62.28824996948242,62.99518901399606,58.6414747934488,58.693206532533644,10697100,110.075927734375,110.92307412680701,105.04497214897006,105.04497214897006,2803800,125.66207122802734,127.58229392809841,119.84950735726852,120.20414605374876,2637200,28.82477569580078,29.213924128905084,27.240385015575445,27.342305390296683,14018900,101.02979278564453,102.07649113239975,95.71292475236996,96.13901453247348,3243900,64.26640319824219,64.72949731999645,60.16469437932092,60.16469437932092,22618700,85.47146606445312,86.35352452388076,80.98178500658898,81.11409512141753,3690000,40.610713958740234,40.73937723689553,38.39591836051847,38.42349081583826,16364400,108.78252410888672,109.9886153152103,101.65396720499209,102.08599721111065,4495600,90.54779052734375,91.06332200926235,86.57460192150779,86.70793171809034,22019100
2022-10-14,34.99861145019531,36.97073454463796,34.77071979798885,36.19941435372052,7625000,105.08838653564453,109.56061571069888,104.26877714313365,107.8768433326571,7646000,24.5980167388916,26.389638378796484,24.56339523336482,26.04343157774988,6411000,138.7364044189453,143.3453633952014,138.55446626172778,142.11514260126262,7327900,58.64146041870117,62.693432574087815,58.589735269757746,61.39162818017449,9071800,104.84127044677734,110.6846267308087,104.78040242857352,108.63249549691396,3230200,120.54147338867188,126.85571793335312,120.30792923912298,124.83170383276419,3216900,27.249649047851562,28.713587967946825,27.23111775041246,28.324439557934575,11190100,96.42617797851562,101.80789366079136,96.03714033410645,100.41846744476956,3055600,63.018882751464844,65.26820439476894,62.54633564241382,63.69935174217779,17836000,83.00171661376953,86.00071733336036,82.84294578950963,85.11865869404384,3905200,38.74513626098633,40.52799943484803,38.68080638138463,40.01336039803441,11504700,102.71603393554688,109.62857470829124,102.26599874687079,107.9724416431274,3737800,88.16564178466797,90.87664891476464,88.03231200876031,89.88113438838018,15222000
2022-10-17,35.14760971069336,36.62012834628062,34.8320728689919,35.37550133054149,7270300,105.44474792480469,108.18866491541591,105.14184464296167,106.70979818000913,6667000,25.030780792236328,25.39429842068384,24.511469658619223,24.771126050850068,5751100,139.7500457763672,142.86889163450294,139.56812081260819,141.46540438865708,5890400,60.17605209350586,60.59848956752771,59.15874898849085,59.83982540923885,7969400,105.12820434570312,107.76292996040023,104.91081765625134,106.65860849699592,3558100,120.62797546386719,125.0306423489907,120.25603380257758,123.07581380007736,1925100,27.78704071044922,28.444887546553478,27.416423645791255,27.935287536312405,7869200,97.60255432128906,99.67742864490418,97.08383044014536,98.1490585266351,2340600,63.661556243896484,65.58954959075946,63.576494002602246,64.34202533225961,14839400,84.20133209228516,86.43293977562635,83.38983961281102,84.47476816634014,3667600,39.38844299316406,39.893893606480454,38.79109003742548,39.51710276683923,10330300,103.95814514160156,106.82937230009311,103.81413056213184,104.85821566230807,3712400,89.43670654296875,90.63666096622109,89.33004136569343,89.83668909024149,14283200
2022-10-18,34.902198791503906,35.892643849671394,34.15717578940415,35.36674230973699,7240600,105.02603149414062,106.9414282974189,103.07499861116334,106.53162357621076,6826200,25.48084831237793,25.878985767631058,25.14329519722371,25.30774406610169,5931500,140.97158813476562,141.48272825351063,137.7141373418067,140.65970356378463,5631200,60.15018081665039,61.36577461496895,58.986318752330575,60.995062312374785,7943300,107.81513214111328,109.05858463341637,105.54561390946836,107.84121749000987,4018000,122.69522857666016,123.49099439105483,119.8667907592979,122.34058993813188,1645600,28.222518920898438,28.620932975841793,27.434958226884955,28.157661147720084,8804700,100.18690490722656,100.61299480157831,98.26948978216201,99.03830738298676,2755300,64.05848693847656,64.51213534987116,62.24390771389196,64.03013526473256,15683800,84.77466583251953,85.82431788401719,82.88706067190004,84.64235567592816,2756500,39.84794998168945,40.40854208196461,39.11274866399925,39.90308788944346,9734500,105.93827056884766,107.39638691327843,104.02112331995926,105.06520815431517,4929400,89.59671020507812,90.9744332851595,88.20120620289076,90.25446191286818,14065400
2022-10-19,36.734073638916016,36.76036753945959,34.90219056112951,35.01613636944899,7881900,107.89468383789062,108.33121397021841,105.2042172824937,105.49820987640116,5500400,26.069400787353516,26.104020646126866,25.35967469778877,25.558745076402186,6075300,145.5458984375,146.59418126062624,141.72531543086683,141.72531543086683,9766800,62.0209846496582,62.43479903163363,60.081212468313204,60.44330169690696,8977700,113.10197448730469,113.84977210254912,108.09337572606634,108.69336522502577,4718800,126.31078338623047,127.26224975496396,122.31465103417538,122.31465103417538,2078800,29.61233139038086,29.714251747708314,28.500480176433317,28.685787828470446,12343400,100.84455871582031,102.04872387971737,99.62186391127054,100.23320778005179,3627200,64.7011489868164,65.19260201568312,63.727703100653066,63.88836738641861,17116000,86.39764404296875,87.20032066294117,84.32480751418439,85.08337850882313,3343500,41.78704071044922,41.92488896853916,40.28906580033652,40.436106045728714,16869400,111.5727310180664,111.96876420945792,106.39732598344148,106.52333529579468,4692900,92.25437927246094,92.43214778728624,89.97890973181322,89.9966838707221,20921700
2022-10-20,36.601806640625,38.03025833142928,36.40782199013928,37.210222370885575,7131500,108.5182876586914,111.2800261106045,108.4915622976669,109.13299814980446,6456100,25.69722557067871,26.441569803216087,25.52412133938483,26.225190339520886,5742500,146.37759399414062,148.85534015613032,145.49391877317888,146.67214799467123,8871500,61.79682540893555,63.23656571083541,61.36576496567496,62.874476517087004,7704000,114.42366790771484,116.7888364239229,113.68456103904488,113.9628091342406,3902400,126.79517364501953,128.84514898214812,125.91291914378856,127.93693339717359,1743200,29.334369659423828,30.14046158596241,28.982283875913964,30.121930290187777,11097400,101.2799072265625,103.38257623899115,100.6037237435078,101.51147826785278,2733100,65.06973266601562,66.61024078975619,64.53102927336612,65.63678773030516,15403000,86.21240997314453,88.11765987422208,85.97425710029654,87.1209292996576,3033400,41.98921585083008,42.485477958145374,41.57566760044973,42.27410783963309,15915700,112.00477600097656,114.27295065536687,110.4836546478977,112.53581430353488,4177600,92.37882232666016,93.32989816046658,91.91662010055376,92.72547569159856,17649000
2022-10-21,38.083168029785156,38.09198750296954,36.601812717295424,36.9545176445143,8542500,110.90584564208984,111.1463874741897,108.30447306792834,109.28444144346732,5886200,25.679914474487305,26.173259380989855,25.143292685316997,25.93956916711677,7452800,150.04220581054688,150.60532444682556,146.28227385969933,146.5421666337554,7971300,64.0469741821289,64.12456192016005,62.01236795924215,62.4865371720825,11214800,117.38884735107422,118.14534901039053,114.44977418637524,115.2149798075358,4237200,131.7514190673828,131.83790761158588,126.76056944574734,127.25359242281208,2486500,31.391298294067383,31.641465491292493,29.575271911210105,29.630864032624014,17571100,103.16951751708984,103.39183078286277,99.7885863038862,101.72451662449899,3074900,67.34741973876953,67.7254588890914,65.36272321270106,65.99593464345438,16716000,88.59395599365234,88.80564814483257,86.23003899516135,86.6710682357039,3260100,46.32691192626953,46.44638322266162,43.00012414213458,43.16554485845716,35351400,114.97498321533203,115.47902727487647,111.70773035590635,112.6528069589344,3401900,94.09431457519531,94.57429772013735,92.36104775854437,92.84102412205202,22814100
2022-10-24,38.58576965332031,39.16773041795176,37.8803631755312,38.180161349047,7901100,111.48490905761719,112.60742163756912,110.64747828244346,110.94147080524526,5734900,26.207887649536133,26.372334893573065,25.515472205786722,25.78378399502641,5580500,149.99021911621094,151.32438375497995,148.67337184852727,149.0805547982757,7007700,64.86597442626953,65.40911480076733,63.75383768022699,64.27111548021735,8530900,117.09318542480469,118.64966849373602,116.87579870595641,117.23231610924333,4000900,132.56448364257812,134.77014624181695,130.41073001132466,130.86916024117536,2026600,32.03987503051758,32.19738572456078,31.289373544092406,31.57660329347354,17108500,103.24362182617188,104.02170412155344,102.18765854935783,103.30846142853812,2691300,66.94102478027344,68.17909589088964,66.44012600148967,66.92211885815144,12902800,88.55868530273438,89.44074390788198,88.13529421125136,88.47048078813424,1996100,47.92597579956055,48.25681371349398,45.637658317463334,46.00526067389944,27296600,116.3071060180664,116.95515784842065,114.15593816658043,115.37102504800568,4596000,94.75205993652344,95.71202616253133,93.43655669178725,93.91653980479119,17024200
2022-10-25,39.855506896972656,40.03185936715378,38.24188633573421,38.603407385965895,8117800,110.41584777832031,111.79670993130976,109.47150883063895,110.76329099594828,7000800,26.09536361694336,26.242501721816573,25.723190666332037,26.233846344959993,5928600,151.54965209960938,151.610302565933,149.15854580097104,149.9295919538173,7280600,65.0987777709961,65.33154761563449,63.77111024972949,64.52115153159123,6541000,114.78018951416016,116.75406467015273,114.64105882734293,116.3975472607708,4173200,132.65098571777344,133.9051818817444,131.2497471399327,132.22714826722148,1711100,32.41049575805664,33.457491049766894,31.585872492752,32.290044096483456,21453900,103.22509765625,103.59560562575774,101.5485187061854,102.5766945756384,3139200,67.1867446899414,67.64039308850552,66.35506437148668,66.93157242296557,12413500,88.39990997314453,88.84976172309213,86.97097268308475,87.89713686305228,2627300,48.220054626464844,48.413044279394065,47.06210969745801,47.68703157850899,18932500,114.1289291381836,115.7490586003156,111.91474991760579,114.80398193623991,4396400,94.1120834350586,95.4009288764232,93.39211214875307,94.58318287451642,15719800
2022-10-26,40.63145446777344,41.522029536853566,39.89077680725746,40.058309798648594,8074400,112.75888061523438,114.19319369707696,110.98602818506615,111.11075106174812,8139100,26.19922637939453,26.450225703813942,25.904950170872237,26.181915625753376,5239100,153.42092895507812,154.62514716060545,151.7575492681217,151.88750886171673,6865300,66.31434631347656,67.3144098392851,65.40912320214431,65.40912320214431,7803200,116.78014373779297,117.87576798405917,114.91061006329528,115.78886086691445,3848500,134.39822387695312,136.23194487981127,132.78073085812954,133.38621672735798,1690100,33.80030822753906,34.39329553310381,32.771844323113825,33.0683379758962,17036000,104.78125,105.74458622068792,102.34511852514,103.84570116895918,2476300,68.5382308959961,69.2659574963789,67.57423794685535,67.6687459284579,12722000,90.1993179321289,90.83440122629122,88.54986586143364,88.80566367322533,3171700,47.953548431396484,49.52504178968168,47.91678749178702,48.64280027335134,18232500,114.0749282836914,115.83906556289232,112.72482259243628,114.9299993416819,3306600,95.23204803466797,95.84536095251728,94.21875255909434,94.44985705851259,17383800
2022-10-27,40.322837829589844,41.8835516308394,40.19057600052071,41.671927995227776,8040800,112.82124328613281,115.32461836288174,112.46488929305393,113.76557559043782,8948500,26.08670997619629,26.90895267300531,26.052090117310296,26.5194689427601,6441000,154.12269592285156,157.15490196128383,153.75883278456402,155.84672640081882,9177400,66.00398254394531,67.95237787186929,65.81431486899767,67.67649941125308,7410900,116.84101867675781,119.12793138643427,116.58016520801657,118.25838444200774,3300500,132.64230346679688,137.2093146993563,132.34820552356905,137.12281297517575,2421100,33.60573959350586,34.70832529687195,33.42969756726598,34.42109901903235,14543000,105.2721939086914,107.18960179552586,105.01283548024804,106.13363844144237,2518700,67.92394256591797,70.09765553377935,67.81998159674866,69.54949900734093,12754100,91.34597778320312,93.46291956797431,91.2489508080564,91.73408568379003,3394200,47.49404525756836,49.25852821793716,47.32862454181928,48.707128169250915,18298200,115.45203399658203,118.7462812211294,115.07399920985439,116.31609388912467,3488600,95.59647369384766,97.40085044323934,95.48091806384106,96.3608904617821,18214000
2022-10-28,40.0671272277832,40.95770568983651,38.8326666620307,40.82544049609993,7177100,113.29341125488281,114.91482228923451,110.47822893788262,114.4782854121919,7293200,26.052091598510742,26.657953195639873,25.359676222134468,26.32040171079872,5753000,155.92469787597656,158.41977456168607,152.93581164085265,157.2155560928356,10773900,65.52983093261719,67.26268972102217,63.67626913106373,66.88336088492136,7861200,116.2497329711914,118.89314984076654,114.18891096143173,118.5453363707444,3016600,133.0488739013672,135.47942254936237,129.5630540857182,134.76150027852842,2005400,33.30924606323242,33.957827347303976,32.51241793147168,33.78178178571556,10736500,105.19808197021484,106.42077666485174,104.05874945005955,106.15215343543323,2552700,67.89556121826172,69.25649912052853,66.01482585257084,68.50987386639584,13814400,91.9104995727539,93.55112903829942,90.58741172825415,92.19275804373093,3561000,46.36367416381836,47.52161570481111,45.738752219245725,46.90588574791179,15772800,113.39087677001953,116.80214455315513,112.56280674836943,115.74005429493049,3505100,98.39636993408203,98.84968845483293,96.103126294581,97.29419024226158,28169400
2022-10-31,40.08476257324219,40.8518953105308,38.88556981778023,39.546889055250254,5944300,112.33126068115234,115.8057071701975,111.86800522741208,111.87691594677845,7121000,26.943574905395508,27.0993684112177,26.155953648934066,26.155953648934066,7012700,156.7217254638672,159.26878058288963,154.26131008850805,154.26131008850805,13281000,66.68505859375,67.47820834181091,64.45216834220567,64.69356117183627,8429600,118.71056365966797,120.79747121398375,115.09324484850158,115.2149809013661,4138000,135.8945770263672,137.4255679308704,131.1459170335748,131.31892049719283,2053300,33.74471664428711,34.07827291004339,32.79037785519372,33.01274987719237,9793700,105.24439239501953,106.63381841839883,103.76233231649265,103.9475933598016,3158500,68.61384582519531,70.05983897342979,67.19620435273055,67.29071234212871,13646400,91.98989868164062,92.91605623913858,90.56096122633494,90.56096122633494,3581600,47.815704345703125,48.17411480020912,45.959318665658756,45.959318665658756,16663800,113.00384521484375,115.40703161447314,111.2217027422581,112.4187980620408,4265100,98.49415588378906,100.36075937691886,97.27642719860482,97.3297564019166,26401800
2022-11-01,40.3757438659668,41.06351478317546,40.26111425855085,40.940069066101444,5803900,113.83684539794922,115.20881062188532,113.04396134808576,114.69209768243428,5875600,26.61467742919922,27.255160525329014,26.606022051446107,27.229194392069676,6588100,157.8653106689453,159.84057525684622,157.58807405761993,159.29477394040518,9185600,66.64196014404297,67.90927256909413,66.24537867080547,67.84030788360478,10730300,118.5279541015625,120.78878169763675,117.606236368285,120.51052027795724,3887500,137.20932006835938,139.13818716860953,136.24920896495044,138.39431718580343,1773700,33.818843841552734,34.51375159172163,33.76324994912513,34.467425115273755,9626600,110.41307067871094,111.00589198452245,104.45706315911531,105.448186942299,5767300,69.74795532226562,70.40006542159769,69.1430956069595,69.95586999087364,13011800,94.71544647216797,97.00880412930839,93.78928901485153,94.38026663945908,5810800,47.374568939208984,48.65198160429039,47.32861952430909,48.431423010484664,11932200,117.0091552734375,117.7562153744153,113.14785232537497,114.30894399789663,3974000,99.47188568115234,100.0585271588387,98.35192513829017,99.88075865806917,22213100
2022-11-02,39.00901794433594,40.508005488262135,38.80621042314529,40.12884886565205,7690800,112.70541381835938,115.63641459605282,112.0639780887031,113.21321597152291,7680400,26.554092407226562,27.4888517777814,26.398298903659995,26.71854128886289,7712600,154.64251708984375,158.45442818974456,154.44326152554936,156.74772820408856,8087500,58.14144515991211,65.05565302060508,57.41726006456827,65.04702996849842,36589400,117.9018783569336,120.6148741070335,116.83233922746514,117.74536626062661,5641000,133.9224853515625,137.1574580632438,132.87587226303467,136.4049298035105,1988900,33.16100311279297,34.328446733738765,33.031287547630555,33.59647629091192,10202400,106.27257537841797,110.37601412663759,106.24478091980916,110.30190970432078,3994900,67.19620513916016,69.50223760205063,67.06389251035472,69.36992497324518,16178400,91.06370544433594,94.2743974154255,90.86083578510066,94.12444910563049,3682200,46.99778366088867,48.13734821543025,46.59342385416285,47.117254958266145,11892300,113.255859375,116.85614095258633,112.61681021901748,116.37910474227488,4053600,97.42752838134766,99.64077841502196,97.16086880943935,99.1785761760068,20654200
2022-11-03,41.69838333129883,42.218621268533816,37.94208816044454,38.047901660781,9835000,119.21778869628906,121.26680561228626,114.29120067509169,115.47607489854167,13209100,26.493505477905273,26.770470962998612,26.01746960591215,26.285781364085267,7092100,156.92100524902344,157.83932843111387,153.6982022051103,154.18335307720565,6607800,60.97783279418945,61.460618541006994,57.374166067321084,58.26214981341584,18048600,120.32791137695312,120.84963158683735,116.53668613823363,117.05840634811786,5368000,137.1228790283203,139.04310208498606,132.8586085779509,133.36893468083795,2226700,34.152400970458984,34.22652262770911,32.66992894613593,32.85523839098678,8436500,109.48677062988281,110.1722259072665,104.9294548521283,105.69827230090421,3042000,68.197998046875,68.61383457413902,66.06208322632864,66.6196853196924,12815300,90.95787048339844,91.68115814875607,89.58185471474903,90.47273564035346,3073700,47.60432434082031,47.90759682016338,46.40962190384474,46.510712730292425,15764600,116.74816131591797,117.86424004862764,111.74376420693841,112.50882282877537,3218900,98.75192260742188,99.39190015738275,96.27201299204083,96.51200796399348,17103700
2022-11-04,43.19738006591797,44.28194336223322,42.033454951904176,43.09156655141595,8846700,117.88145446777344,123.37819205815633,115.5027887415949,122.05077364085851,10663700,25.03943634033203,25.55874747747358,24.061400062727277,24.883642834105107,22514200,158.90492248535156,160.62028106536923,156.46183762524998,160.1351302119799,7491900,61.624412536621094,64.02110788610551,60.50365259540574,62.857245840973455,14218400,123.6756820678711,131.19727255024102,121.71920106518742,124.53653848561686,8057500,139.57936096191406,140.80760935372035,136.35304605955264,140.54813048090668,2899900,35.65339660644531,35.977688980791825,34.82877338409312,35.02334668801106,12184700,108.9773178100586,112.06184533359712,107.8009331315623,111.45049448014494,2748400,69.24705505371094,71.60034501370838,68.62329657539033,70.38117252142585,16034400,91.27542114257812,93.33943490643877,90.31397382973005,92.73963482701751,3059200,48.79901885986328,49.65369124660675,47.9994878710668,49.02876942606925,16764500,115.8570556640625,119.95237847201764,115.02899259647772,119.13331116362991,3204000,99.82743072509766,100.88517169976201,98.48526283886116,100.44074363060007,17541500
2022-11-07,43.647071838378906,44.5993732021289,43.21500843512706,43.32963805046224,6503200,120.21556091308594,121.53406182694455,118.13980522921908,118.26452810493849,6882400,25.541433334350586,26.086708882998952,25.38563984878123,25.57605319178579,13708500,160.8022003173828,161.4692892719561,157.76999462124505,158.10786844146855,7578000,62.107200622558594,62.8400021923838,60.75367085042353,61.84856167910897,9347000,126.90164947509766,127.20598286384634,122.89303859563917,124.15387867640914,4494800,141.41307067871094,143.29868721783458,139.76962997935811,140.7297412368724,3424400,36.635536193847656,36.75598432162766,35.866503279874635,35.866503279874635,9744300,110.69094848632812,111.5060759394344,108.98658915701864,109.38488453044458,4505800,71.7988052368164,71.93111784375503,69.76685132955005,69.98422616123281,17469200,92.99542999267578,93.4540974618661,91.61942085553241,91.61942085553241,3226700,50.37051773071289,50.64621772179011,48.53251311591065,48.70712229225926,19928100,118.61128234863281,119.64635786857994,115.94708151785417,116.18109488972449,3767900,101.00961303710938,101.32071133545881,99.6674383425912,99.91632376270503,16008000
2022-11-08,43.2414665222168,43.79697232633957,42.27152950634614,43.320824974754906,6744700,119.77011108398438,120.51844828178491,117.80125698691913,119.64538821768427,5039800,25.212539672851562,25.446229938872,24.48550604108461,25.325057942051615,12896500,160.56829833984375,161.35667506583408,159.2861120863815,160.55098096650715,6308200,62.06407928466797,62.49513971755001,60.68468721493747,62.236507404296916,8450300,128.91900634765625,129.7537771302299,125.65820578300077,126.0842885000124,3982500,141.46498107910156,143.9128327942573,139.2593184270843,140.8681533169695,2653400,36.47801971435547,37.05247927814421,36.08887310774044,36.579940073559385,9019000,110.32041931152344,110.81134868445145,108.67163497716679,110.6260947174172,2108700,70.72139739990234,71.590882292607,69.95586623066578,71.590882292607,16029700,92.71318054199219,93.26887504068813,91.39891510436794,92.854306419463,2488600,50.2602424621582,50.65541379402183,49.79155275765647,50.370525279689524,15249600,119.03430938720703,119.80837047398037,116.58611682131851,118.64728571081248,3736900,101.32960510253906,101.91625343980023,100.08520508709817,100.86740287011305,14661000
2022-11-09,40.164119720458984,42.53605346172374,39.90840881627952,42.342065415291934,7833200,111.59182739257812,118.10417629298496,111.2621987647065,118.00617877650656,7069500,23.143949508666992,24.90095152050053,23.126638753670928,24.805744018866633,16882200,154.14866638183594,159.24277613462974,153.53356920627309,159.06950988317686,8021700,57.55521011352539,60.98644862490238,57.52072447805145,60.762301860515386,9463400,121.40615844726562,127.31908121488696,121.22356099160471,126.74517696062473,5018600,136.27516174316406,140.59132621865993,135.53993662735613,139.6917689318664,2815400,34.1060676574707,35.97768595984324,33.96708471806604,35.96841854549201,9982200,107.31927490234375,110.60758623851439,107.18959569550195,109.7090895432628,2882400,64.20024871826172,69.02022765290603,63.45362344170264,68.66109445590779,24783400,91.81346893310547,95.71217274065184,91.05490479036618,94.0186152527159,4702300,48.77145767211914,49.70884055204056,48.514138118864004,49.70884055204056,21809000,115.2090072631836,120.20440055928248,114.54295711270106,118.4222650736956,4125900,96.79644012451172,100.68962778241314,96.50311595524553,100.52963339748928,19522800
2022-11-10,41.44267272949219,41.77774208912532,40.23466384919742,41.18696181388681,6225700,115.33353424072266,115.60970535291511,111.86799867405882,114.12193475959437,7543900,23.82771110534668,23.966193853110816,23.291089219627214,23.80174497107419,16655600,157.0682373046875,157.960570950396,154.2439461912637,157.8739312254401,6981500,59.4691162109375,60.107083981519416,57.62417101067178,59.09840387584356,8089800,123.7452392578125,124.65826631908911,120.9192113294352,124.65826631908911,2988100,138.63653564453125,138.8008810428416,135.68700296515448,138.0224181225765,2117600,35.032615661621094,35.28278286399465,34.18019369044268,34.86583752670539,7807000,110.39453887939453,110.62610990346886,107.90283239891895,109.70909062689083,2875400,66.61024475097656,66.6574951363544,63.84111835834856,65.69350219078449,18619500,93.70990753173828,93.85104014358411,92.00753409639461,93.64816369644906,3457300,48.79901885986328,49.77316252263417,48.201669491157,49.43313266624965,13088700,119.2143325805664,119.34935139324244,115.38903303250075,117.65721449239918,2916300,98.21861267089844,98.39638120297772,95.61426366547151,97.9430694117451,20146700
2022-11-11,42.994564056396484,43.47071468708468,42.41260329565872,42.58895575483694,5962700,119.34249877929688,120.13538281743793,116.31349334389468,116.88365699386382,8662000,24.623985290527344,24.74515727010341,24.000811336491793,24.30374293627636,14002600,161.53863525390625,162.0930953217201,159.31212307543188,159.45074139722803,8428300,61.90029525756836,62.926214854889274,60.581244499649884,60.73642655484843,9500400,127.91901397705078,128.8146460054552,125.64080589721388,126.35382728286801,3072000,142.15692138671875,143.99928680376723,141.11030853054228,141.8541785312606,2691200,35.89430236816406,36.93203026107322,35.597805149992226,36.12593827945079,8436700,112.29342651367188,113.64580047525257,111.01514991047527,111.821019635665,3390200,70.24884796142578,70.61743409291456,67.14894038865049,67.25290131912126,20663600,98.1731185913086,99.42564010808233,94.78601028461725,94.78601028461725,5586800,50.37971115112305,50.78407094397037,49.782358190454204,49.80073865909034,14725000,120.57347106933594,122.56261952721488,119.4393732535067,121.00550113851511,4438000,101.28515625,101.77402984830795,99.9874270761867,100.06742765656178,20518900
2022-11-14,41.627838134765625,43.16210014768863,41.60138644332254,42.5095970617311,5478600,118.96691131591797,121.33676467052722,118.29619655755008,118.3856306502898,6163400,24.34701919555664,25.134642048459213,24.27777782562333,24.90095180586761,13114300,161.61659240722656,164.328242093795,161.29603590686534,161.4086649382925,9722400,61.64165496826172,62.87448833072541,61.32266781242789,61.51233549549332,6600600,127.11038970947266,130.47554603535323,126.99735760798355,127.58864327188317,2992200,141.4822998046875,144.0944840188281,140.9979084262218,141.23145261962117,1865000,35.254981994628906,36.04254614675895,35.00481480756288,35.58853824405027,8572900,111.64501190185547,114.04409119067957,111.53386234222513,112.21931053889506,2839000,69.25650024414062,71.61923569029987,69.19979690079164,69.70069566169798,15592000,97.25577545166016,100.14010388521865,97.22931477247828,97.9084968799126,3977400,49.69046401977539,51.50090003473311,49.50666282186783,50.19591468473401,9089200,123.12962341308594,126.1808612705886,120.83444133369397,120.87043810380166,4593700,101.58084869384766,102.71878054279887,100.79235402431287,100.91779511518854,20858300
2022-11-15,43.2414665222168,43.400183427293015,41.02824932567843,41.83946943647287,5814400,119.91483306884766,120.58554771764969,117.96529570627744,119.46768996964629,8300600,24.666324615478516,24.666324615478516,24.302671630121615,24.5155415465447,12253500,162.91610717773438,163.25398104815238,160.50767021026863,162.1103998132793,7747300,63.469337463378906,63.779701486375174,61.572667703128374,62.288229566006436,8500600,128.084228515625,128.2668258880711,126.16252451633474,127.69293516358255,2786000,144.4750213623047,146.13575164130378,140.61728703040467,142.01852531617962,3313800,36.05181121826172,36.301978413592295,34.96775690631256,35.61633459663257,8484700,111.8500747680664,113.1736322794585,110.163005082577,112.67030608965385,3580700,70.3433609008789,70.73084576960036,68.10348507318392,69.47387597597064,17099100,98.00553131103516,98.51712691270589,96.41782314363395,97.65270652610455,3785700,50.24186325073242,50.54513574796398,49.240153925942145,50.03968509162758,9513400,126.64892578125,127.02695374222637,123.21964564827725,124.47074309078926,4765800,102.26180267333984,102.620208684843,101.13283296574012,101.96612403717387,19373800
2022-11-16,41.82182312011719,42.950473387822925,41.79537143060631,42.39496772623576,5831800,115.57756805419922,119.38722283675328,115.4434169197559,118.56448106592723,7365600,23.433454513549805,24.391370070465776,23.41571492929917,24.222847403564483,12232900,160.2650604248047,162.71681674129957,159.1301381203514,161.6078837121256,7941100,61.50370788574219,62.969317506076024,61.15024170232701,62.23651598463967,8881400,124.73651123046875,127.69297891400228,124.28434308720195,126.65821588817724,2505300,139.39820861816406,143.92264745507248,139.09132663238734,143.17733778512098,3438600,35.06967544555664,35.894302256129684,34.86583824770933,35.59780503888328,5940900,111.71957397460938,112.35339129489964,110.11638856968484,110.66632175450692,2758500,67.98062133789062,69.93696590658749,67.97116837761301,69.16198900523163,13155000,95.81655883789062,98.41485170163827,95.55850822768524,96.88434837978023,3021700,48.69793701171875,50.18671986593848,48.34871513035804,49.763979618126776,13414600,122.84210968017578,125.92380691994336,122.08980999092985,124.66393486935307,4649700,101.1686782836914,102.37829263921432,100.22786332049229,101.6435633625538,13591000
2022-11-17,41.38976287841797,41.46030520722214,40.15530239713528,40.86952497623899,5377900,117.32140350341797,117.48236846225637,113.60116980317078,114.101967869411,5735800,23.770498275756836,23.78823786009713,23.01658455043288,23.22058469512666,8382700,160.71905517578125,160.8412810983033,157.38402596317826,158.46659461362333,6550500,61.20197677612305,61.22783935745968,59.107022180847004,60.34847870470308,8337800,125.64083862304688,125.76257466051264,121.7800481945141,123.09305926062578,2745200,141.8533172607422,141.96730925002515,136.35559867996153,137.17105616292014,2038000,34.717594146728516,34.74538932715543,33.74472041798114,34.282117469460026,7607200,112.2229232788086,112.30680743158663,109.75289907483454,110.16301834060388,3196800,67.53643798828125,67.56478966367537,65.93922630977063,66.87487486076063,11624400,97.64070892333984,97.76528414648682,94.14368892765005,94.34834531331701,2446000,48.550899505615234,48.5784684563715,47.25510272861454,47.788125814675766,9868200,124.99929809570312,125.07181040418445,120.59427562520092,120.62146601209282,2897600,101.30307006835938,101.42851114641824,99.23328544436197,99.71713253231448,12425900
2022-11-18,40.86071014404297,41.03706260792185,39.07955664978891,40.04949015565752,6158800,114.99626159667969,115.54177673595846,113.12720667442402,114.83529662724895,5727200,23.593107223510742,23.75276009717142,23.158497562845472,23.238323999675814,13218900,159.75869750976562,160.12537524304597,156.8427136508931,157.98641513809807,7661500,60.020877838134766,60.21053896924918,58.27938940253081,59.503599877484085,10216600,122.62352752685547,122.81482893747454,120.35400921745165,122.48439681581705,3567300,136.97816467285156,137.53933444049184,133.40946585630934,137.2061352918064,3815400,34.01341247558594,34.05973894564909,32.75331269676294,33.80957530041147,9446600,112.94994354248047,113.5557995869239,109.95795464621443,110.62905628859875,3783500,67.33796691894531,67.46082657859742,64.75785638227438,65.24930944187697,16252800,96.98224639892578,97.25809739549159,95.11361098791178,96.0746258126075,3696400,49.11149215698242,49.267724404379244,46.75884800930959,47.65027804713787,12140200,124.73643493652344,125.34370993996367,120.84805761200631,121.90852415505644,3388300,100.42498779296875,100.78339382167411,98.21183791444153,99.36769376810246,15415000
2022-11-21,39.91722869873047,40.1817557151674,37.95090661290319,39.89959311581554,7778300,112.22398376464844,113.67272999961509,108.93300996966695,111.82155766636693,6573200,23.397972106933594,23.513277696865362,22.919015240629808,23.327015471490824,10680100,158.2308807373047,158.63247448516734,153.49897245064807,156.91257259398594,8432900,57.925907135009766,58.66733165772383,56.05509972632297,58.27937329446516,15267300,121.61483001708984,122.84089433099358,116.87580206369603,119.61486949258223,4734700,131.51551818847656,133.43576146202687,124.63240876333813,133.19902738816972,4481900,33.47602081298828,33.50381598958441,30.946557242725532,32.994217723250145,14297100,112.13903045654297,112.58643393218684,108.6716766318233,111.82212529102453,5107400,65.76909637451172,66.14713546475316,63.10393124352862,65.31545523461872,21673000,97.01782989501953,97.23138645911244,94.23267402504034,95.64749559681191,3047200,48.036258697509766,48.42223804549619,44.90246046919108,47.089687291595894,18814400,123.23184967041016,124.27418468052603,119.71507889350464,122.8874196742325,3927500,99.430419921875,99.63649878569301,96.3033409878945,98.55232544379207,20973000
2022-11-22,42.13043975830078,42.26270494061872,40.32283466060109,40.71080737114729,5732300,116.23931884765625,116.74906854209576,113.09143436092529,114.46863595601458,5604200,24.39137077331543,24.40911035807724,23.610847652934897,23.761630739930446,9380400,162.29052734375,162.87546659015646,159.83727011035293,160.42220935675942,9018000,59.11563491821289,60.71918045589058,58.26213699572671,58.736299584903016,14037100,125.49301147460938,125.73648353835615,122.24090138280245,123.47565635415613,3386300,132.7869110107422,134.84744997101788,131.34891279692695,133.6286588835729,2863300,34.69906234741211,35.06967770752845,33.96709197454304,34.467426421908,14076500,118.00183868408203,118.67294033433299,113.55580091802476,113.70493066739336,4314000,68.77449798583984,68.87845891897238,66.25109834088711,66.69529374418138,15944400,99.91864776611328,100.41694857963901,98.37035110348731,98.61950151025017,3494100,49.295291900634766,49.414763203264414,47.631899674580154,48.725511351173395,8969800,128.6882781982422,128.8514343600886,124.6730074063546,125.53406864907696,3134400,102.30660247802734,102.56644665655092,99.84257063302286,100.54145857165999,17719100
2022-11-23,41.24868392944336,42.13044290776335,40.84307560669062,41.26631951264699,5235200,113.34183502197266,115.55966787721415,112.50121060426467,114.10197695385368,7482600,24.426847457885742,24.746151492415798,24.178498371704816,24.213975845879382,6538500,160.8500213623047,161.6444832041925,159.40076161116065,159.95078492769005,5831200,58.451812744140625,58.90873587109734,57.51209733236572,58.193173785221525,9888800,124.04085540771484,124.77997555277679,122.171334948886,123.13653250305488,2342000,131.51551818847656,132.03284381862014,128.80610781803523,130.42824597687937,2309800,33.87445068359375,34.550827394853826,33.39264736848693,33.82812065495112,7527400,117.06975555419922,118.70090264582964,115.83940488953317,116.28680836361036,3941400,67.215087890625,68.273588556142,66.26054093147555,67.33794751487393,12375500,98.51274108886719,99.5182431011304,97.39155722792991,98.30808469155917,2662300,47.25510025024414,48.60603485790541,46.92426234137224,48.20167507658476,10463200,126.17760467529297,128.2894652487814,124.9902311287128,126.54921125657799,2878200,101.79589080810547,102.10053150787778,100.44291121340491,100.64003488315257,11546700
2022-11-25,40.94007110595703,41.61902594733682,40.64908901808983,41.61902594733682,2876300,113.4044189453125,114.26293278853176,113.12719243570275,113.47596347129615,2547800,24.488933563232422,24.78162990618286,24.4357148159762,24.55102040995832,3050900,160.3785400390625,161.77541890241775,160.03805264784296,161.41746686195964,2796400,58.92597961425781,59.57257048034871,58.589752890087546,59.01219041424412,3520500,124.03216552734375,126.00604064564443,123.85825880625931,124.27563759050841,1430800,130.9280548095703,133.18149738590324,130.71761112605674,132.66417171569304,984100,33.689125061035156,34.08753908232717,33.466753047146234,33.69838894164237,2930400,116.69692993164062,118.95257892498506,116.57576155509751,117.64765972409067,1588500,66.42121124267578,67.36630532913502,66.28889864741114,67.27179736258823,5426500,98.57501220703125,99.49153272843598,98.19238640996677,98.80636907681993,1409400,46.71289825439453,47.34700871050387,46.43719470279228,46.997786782666296,4951900,125.44342803955078,127.78189833079867,125.33466648238434,126.44045508127621,998200,101.4374771118164,102.691894777096,101.30307399838888,102.0378032709628,7136000
2022-11-28,39.64388656616211,40.10240168141386,38.576958909872175,39.52926031008208,7228500,110.7484130859375,111.83944347314075,108.42327005016797,109.7289272408473,5648600,24.080930709838867,24.347019360774212,23.681800271045294,23.859191013262564,6490100,155.71653747558594,158.43171198183,155.36732428676126,157.39278476087708,9365500,57.35691452026367,58.49491408515119,56.19305237531583,56.93447703186729,9713600,118.8235855102539,121.68440240837342,118.74532946906405,120.18008989871218,3581300,126.02656555175781,128.14848906765258,125.16727730665644,125.93011387470159,3470000,33.244380950927734,33.84663209040599,32.12326065733113,32.31783747374622,8653200,113.63967895507812,116.19359422127458,113.26684393485911,114.18028937883386,3413400,64.4837875366211,65.6178978172588,63.6426469723764,64.4081782617793,13366300,95.9411392211914,97.96104336309918,95.74537621058063,96.3237650722468,3598700,45.839839935302734,46.712892902003595,45.10463872860787,45.4998065288122,15397500,122.21670532226562,125.23496298736356,121.99918220930638,122.64270652555726,3393000,98.39102935791016,99.8694498312985,98.22079180630179,99.15264466931004,23015500
2022-11-29,41.08115005493164,41.477942259409076,40.41101472575913,40.47273758382857,7090500,111.11506652832031,113.42232669009762,110.81995042842406,112.51909566747392,4909700,24.896934509277344,24.97676094066911,24.382498446830287,24.48893425259922,6698500,158.04754638671875,158.76345063731708,156.84273841455436,157.3752971087518,6985400,58.193172454833984,58.76217552046292,57.3569139612373,58.365594038530254,10032100,122.85826110839844,123.14521314359219,120.20615399217027,120.893090123769,3974900,128.66583251953125,129.99860234741396,127.29796867616339,128.50799641557464,2099200,34.430362701416016,34.61567214266578,33.66133329178237,33.75398624516544,8222100,115.08441925048828,116.17495588664269,113.86339141571217,114.36671054683191,2921500,65.31544494628906,66.14712504541929,64.85235091919908,65.58952306327959,12701700,96.96443939208984,98.16570436186998,96.46613849531363,97.0979147862522,3854100,46.91507339477539,47.22753436149986,45.88579165380138,46.501521599740634,10809300,122.5429916381836,124.49172358998646,122.15325354600809,123.25904202797403,4075800,99.04513549804688,100.17411216963332,98.37312671382132,99.10785604446684,14453200
2022-11-30,41.310401916503906,42.015811706875624,40.560908218787915,41.857094840406305,9011400,110.45328521728516,113.28817069892082,109.49639930172611,113.26134320585517,8484500,24.755020141601562,25.1896297535588,24.320410529644327,25.083195644206647,10701200,160.03805541992188,160.06424573342133,156.81651364324568,159.63646173184736,10936700,59.07253646850586,59.382900599059695,57.68452751139733,59.22771853378278,13844800,123.41478729248047,125.55387854166784,121.98004018984598,124.24086747641913,4615000,129.78817749023438,131.0508128574621,126.73680422631973,130.59485822388694,2796600,35.10674285888672,35.143805457940815,34.20799427148678,34.977027296681364,13149100,113.53715515136719,116.44525992939232,112.21359751526553,116.05378633751496,7568400,65.67459106445312,66.65748985469077,64.88071543223977,66.53463020984714,13850000,96.4928207397461,98.21018674197953,95.21146797033344,98.02332392791348,3987300,47.374568939208984,47.696221854939495,46.39123673634564,47.402141392721425,19230300,121.11091613769531,124.1382464712254,119.83292636438418,123.9478999180077,8274300,99.76193237304688,100.26370353821827,98.36415640698475,99.94113880204604,23158100
2022-12-01,41.1957893371582,42.39498234183694,40.984165657184896,41.88356041069395,5264900,110.05084991455078,112.11665553204308,109.89882290863896,111.49065114197866,5285100,24.329280853271484,25.136413249108383,24.302671479481145,25.00336976363609,8213800,159.32220458984375,161.12067761634134,158.40550342267554,160.86748676020662,5217400,58.86563491821289,60.4605578344957,58.7449384755188,59.9605325336757,7640300,122.20609283447266,125.92776508335547,121.9800154589447,124.78864771019967,2956900,126.87706756591797,131.3576612519936,126.526341555548,130.82279538960861,2171600,35.10674285888672,36.01475532880818,35.08821155935967,35.62560864219212,6426200,112.064453125,114.73020660086735,112.01784608438315,114.36669444001107,3243600,65.02247619628906,66.48736770769138,65.00357027663472,66.44011732954685,9247400,96.13690185546875,97.58731730019878,95.08690581171822,97.06232267274385,3214200,47.56756591796875,48.46819141627708,47.291865880353384,48.08220855904263,8152900,119.66975402832031,123.1049535627397,119.36158710790767,122.21668820817447,4563400,99.27809143066406,100.41602319396995,98.72256175857841,100.03073791927088,14398300
2022-12-02,41.539669036865234,41.77774438201479,40.728448968543375,40.728448968543375,4617600,109.2638931274414,110.77523905706738,108.5126891376,109.21023813633222,4879700,24.178499221801758,24.38249935776228,23.814846217093063,24.02771614484402,8634900,158.04754638671875,160.317471747278,157.08719027533738,158.48406946977803,6852300,59.020809173583984,59.900176370870604,58.62423426052878,58.62423426052878,8250500,120.84093475341797,123.37131943771183,119.74531042692452,121.20614286224912,3932500,127.54351043701172,128.3764950382128,125.12345462716493,126.63160108336544,2402900,36.01475143432617,36.37610289981865,34.74538759710083,34.78245019214714,7488500,110.20030212402344,112.95927010282787,109.58512322778475,111.51453695771245,3889000,64.46487426757812,65.40996846392525,64.10574106874496,64.54993649470755,9092400,94.90892791748047,96.72416858031671,94.36613303683448,95.38942840604092,2676000,48.51413345336914,48.59684380263508,47.13562996941392,47.328619615795894,9378600,115.17410278320312,121.2106107665967,114.63027429422736,119.25283373840746,5488000,98.43584442138672,100.09346467413253,97.84447342703027,98.12224169833102,15248400
2022-12-05,40.30519485473633,42.80939003807028,39.881951024775475,42.38614620810943,5896700,106.75093841552734,111.50854038189796,106.16070629131909,111.12399707084577,5478700,23.238325119018555,24.595371227020777,23.21171574154677,24.4002408674475,9272400,154.14501953125,159.72378365869713,152.46004692807162,159.47933181286427,8162200,57.37415313720703,60.71055707878273,56.77066451222771,60.13293760794934,11218100,116.64102172851562,123.90174371886151,115.12800533177074,123.40609561246421,3817500,124.5096664428711,131.43660732281467,123.2558079141579,129.96354163487106,2496400,34.11533737182617,36.86717318059359,33.67986071939939,36.59847467018202,10768400,104.81285095214844,111.19763252826135,104.37477741216456,110.68498344465442,4945600,62.71645736694336,66.39287356095204,62.3006135739356,65.41942760049947,15275500,92.67546844482422,96.25256942019222,91.830128858004,95.9233378282068,3015200,47.21834182739258,49.79154771185118,46.82317053557505,49.19419478076447,12047000,109.63610076904297,116.47023028648894,109.32793382919328,115.91733603308391,5081200,95.73883056640625,99.77984447881427,94.92346362923882,99.18847358801168,19287700
2022-12-06,38.68275833129883,40.737257987934676,38.427050830926994,39.73205347548259,5685200,103.38844299316406,107.08184307397589,102.43155689449613,105.91927494053756,6498400,22.883535385131836,23.3891033005823,22.697274857128704,23.114144866283034,8023000,150.17266845703125,155.4546005044132,149.39565789057067,153.22833008359285,8765000,55.28781509399414,57.98625792286878,54.865377663013305,56.8999836657428,10278500,111.11939239501953,117.60621107875961,110.39766691968664,115.67581601659978,5031900,121.18648529052734,125.91259085466262,120.58147142283381,123.07166140697483,2009500,33.54088592529297,34.96776421103683,33.2999825604354,34.0690156031554,10399600,101.86746978759766,106.0245639241545,100.78624884319706,104.21631853635765,5049300,60.61834716796875,63.529239310929775,60.2403116152164,62.499082785639594,13006900,91.72335815429688,93.75216239284903,90.72674958586755,91.96360842935049,3627000,46.91864776611328,48.04366009642613,46.54978907301901,46.97397410768938,12311000,107.73270416259766,111.69360110580583,106.59972519985384,108.76598042340765,4494800,93.07769775390625,95.90909815378811,92.42361300721757,94.88764530978696,21197000
2022-12-07,38.49760055541992,39.37935961840585,38.09199219372093,38.88557333222193,5982400,102.735595703125,105.16805524702396,102.02910878979682,103.9965425140032,6099100,22.599708557128906,22.981101090529094,22.466665082899425,22.839187825785707,12775600,150.617919921875,152.41639279247335,149.15993450423824,149.34326672880323,6936300,55.39127731323242,56.43444299162592,54.65847573819949,55.66715578539053,10523200,109.70203399658203,112.80630935771947,108.85857248896113,111.41504235591667,4510300,119.73971557617188,123.37856241840132,119.66080421051153,121.69503967492221,1795200,32.58335876464844,34.080055730134234,32.397433037004795,33.698909584271995,15603700,101.59715270996094,103.29354525057688,100.53457755326943,101.79288949027396,5190200,60.43877410888672,61.59178656792249,60.041832674769196,60.68449701172274,11757800,91.66105651855469,93.39621598634554,90.69114181921664,91.42969965990277,2817100,45.922733306884766,47.7670198133275,45.69219749357942,47.010862627101766,9700900,108.93817901611328,110.27962203329213,106.95319795977338,107.3610675588127,4990400,92.8716049194336,93.94681611905763,91.72471115022765,92.9880839679846,20061700
2022-12-08,37.71282958984375,40.014220920077165,37.659922843482704,39.85550404463739,6398100,100.69660949707031,105.42738359696898,100.05272243897929,105.33795635509216,7720400,22.12962532043457,22.972235263769484,22.023189507642236,22.927887995287595,12336300,151.50845336914062,154.0053663913436,150.19015821426296,153.874414771254,8076600,54.744686126708984,57.22759235795545,54.356731000348354,56.813777941478484,13385400,108.3194580078125,112.93675659808827,107.2238270467502,112.32806314821882,4767200,116.5129623413086,123.86077525225386,116.15345948544041,123.04533126046177,3625400,32.41603088378906,33.763988180971076,32.18362457552454,33.624542977516825,8834000,101.45735168457031,103.96466016004993,101.00063247202047,103.20035149137503,4547400,60.211952209472656,62.33841421572203,59.59764312637186,61.950929332930436,13268600,89.78353118896484,93.20936322911662,89.40090536907215,93.10258156234185,2899700,46.03338623046875,47.601030352722866,45.646087780222075,46.94630953385991,9367800,105.95618438720703,111.24945830270111,105.5845640017935,110.5696709865922,4984300,93.5615234375,95.69403527938252,92.92535606393795,95.22810545005291,21128800
2022-12-09,36.910423278808594,38.40941388605851,36.82224538212164,37.69518805928692,6800200,98.38935089111328,101.9038954359798,98.13001393368768,100.52670088569413,6385700,21.712753295898438,22.35136478160946,21.668406027941764,22.1384931585459,13373700,146.67173767089844,151.20284884112021,146.61061805248858,150.42583838275252,10754300,52.51613998413086,54.9472815664777,52.445673914007656,54.5685167790843,13152800,105.79776763916016,109.87594464245066,105.57169022619355,108.78901103893965,4152400,113.63699340820312,118.52092181726056,113.54054172575925,116.26747924284354,2872100,30.686925888061523,32.945915378050465,30.64974357569196,32.518288642771886,12705900,99.57453155517578,102.62244298772696,99.2855806907695,100.99129605114699,5379700,59.28386306762695,60.63811137984939,59.20810281901647,60.211952304598476,11979500,87.20303344726562,90.09497078097597,87.14964600737986,89.39200673750554,3212200,43.31306838989258,46.59589601850369,43.18396890126593,46.03338808860421,16079900,103.91681671142578,106.74472736487775,103.88056056007976,106.01962508341863,4975100,92.77305603027344,94.93244076080092,92.55801512757148,93.7138642521114,21298200
2022-12-12,38.71803665161133,39.11482886507725,37.1837745474243,37.29840415656858,8562800,99.96331787109375,100.4283505509113,98.43408917269373,99.17634841206919,5636500,22.040929794311523,22.307016797164415,21.579710743742595,21.881276915903825,13517900,148.19955444335938,148.87180357501293,146.41854651362547,147.4836503485758,9364900,53.80218505859375,54.16333252099029,52.47210300330739,52.84206082536865,10636000,107.87599182128906,108.88466946137424,106.31950199440246,106.74558477380916,4307700,117.67916870117188,117.9246796313311,113.72466327308982,114.60149184632773,3968200,31.88614845275879,32.211519449502404,30.677636220006384,30.752007949401236,11083600,103.65705871582031,103.65705871582031,99.37879665468377,100.01261404647101,5812600,60.63811492919922,61.215801760724496,59.28386653770813,59.567977421331676,12659500,90.82461547851562,90.8958032473492,87.22081445017712,87.79920319148123,3692400,45.27722930908203,45.378665623008835,43.34073001343302,43.396059871310484,11416900,109.36420440673828,109.48203173778104,103.76275574027191,104.5603704972686,5807300,95.05786895751953,95.19227206697964,92.81783991993794,93.03288762948458,20413200
2022-12-13,40.411014556884766,40.693177153635474,39.44107768736616,40.00540288086758,9658800,101.42100524902344,103.37054269258064,101.38523298085782,102.35105692987939,6285200,22.085277557373047,22.661800537588057,21.987713223076316,22.59971368165197,16551700,151.49964904785156,152.31158863576292,150.58294821825723,151.53457834282773,7838800,54.594947814941406,55.572689438759916,53.731717349271605,55.17630724529731,10915100,110.83245849609375,112.16287096281333,109.83247813125044,111.17158129130156,4376100,119.52926635742188,121.53719771561104,118.29293497363335,119.41527437216249,4811300,34.39613342285156,34.563466247526705,32.73210341427035,32.797176896506365,14566200,103.57318878173828,106.07117447902198,102.86480286754927,105.13909036975548,4260300,60.8748664855957,62.276468981901026,60.467644773345576,61.90712919930665,13408900,90.87800598144531,92.83562895748025,90.53097408270466,92.51529077574435,2984000,47.075416564941406,47.379725554094435,46.06106030315996,46.33770260021875,11659700,109.24635314941406,111.6482697301382,108.20401120889368,111.42167395677092,3828800,96.09724426269531,97.25310004897533,95.89115858649495,96.59005337794005,24305300
2022-12-14,39.71442794799805,41.15169276061899,38.96493074620575,40.91362077995068,7552000,100.93807220458984,103.42418641283847,100.1958131214476,102.61932757707348,5927000,21.90788459777832,22.298145279534438,21.836927956391776,22.156231996761345,11493600,150.45205688476562,152.7132434002841,149.52663002183547,152.3378399195826,7045500,54.542091369628906,55.57268499013204,53.58197054256455,55.16749582932492,9062700,110.80606079101562,113.6921450333377,109.78537123340423,112.18750668321752,3721800,119.98522186279297,122.70339586206647,119.1434739030845,120.56393194718167,4133300,33.97780227661133,34.721501769516415,33.37354799010547,34.5820601093561,9942200,103.4053955078125,105.02721958683095,102.24029057234945,104.02989004652402,4257800,60.3066520690918,61.71771963070322,59.50168093227612,61.405199129569354,13390400,90.12165832519531,91.80343045475365,89.91700196043075,90.94029736193318,2646800,46.50368881225586,47.54571176905038,46.051837028892606,47.33361922345462,10212200,108.52125549316406,111.0319337274348,107.10729310420759,110.09836020741662,3607800,95.38938903808594,97.0380538490608,94.75322165627234,96.76028561934876,17597300
2022-12-15,39.723236083984375,39.85550125882025,38.7356670997774,39.33526339538527,7323700,100.65192413330078,100.98280569220861,98.79180702250721,99.838120338755,6400900,22.466665267944336,22.60857853385658,21.748229147796152,21.783706618404427,14243500,149.3258056640625,149.61391248835605,146.72413190144835,148.94167655329798,7272900,54.24260711669922,54.40996698280579,53.07988497264871,53.84622494942832,7976400,111.4219741821289,111.4835670460524,108.74707162451716,108.74707162451716,3565400,120.4587173461914,121.07249469030657,117.7668471221784,118.37186099685715,2998200,34.10795593261719,34.18232766961027,33.19692343188962,33.773293754867154,7296900,103.34015655517578,103.44268636498266,100.73031848756968,102.68769348265593,4255900,59.81418991088867,59.937304359838144,58.81034058218369,59.65319714986328,10737500,90.29072570800781,90.34411314312133,88.69793493500458,89.65004933128701,2445400,46.208595275878906,46.52212409753742,45.507764489725965,46.217815159884864,11048100,108.6934585571289,108.77503663115709,106.36405429106422,107.76895084745267,3233600,94.47547912597656,95.12956386158243,92.91641379173724,94.37691728866164,15365100
2022-12-16,38.61223220825195,39.167738025355284,37.748108684669376,38.62104831934265,12120400,98.76497650146484,99.46251869093825,97.48614687980937,98.77391445158231,17422600,21.943361282348633,22.182840572806203,21.455534601851852,22.014317921179796,33233600,147.30032348632812,148.54877288297152,145.8859932167601,147.1344426134035,23876000,52.92133712768555,53.520310536831744,52.022871973714736,52.85086769121677,14377200,110.66525268554688,111.40437373013346,107.70878864655565,109.98773121503434,13516600,117.77562713623047,119.89755079968067,116.4516073519027,117.81069439426122,12724100,33.327064514160156,33.56876907027687,32.78788370155337,33.169029920439904,12321000,102.29621124267578,102.72496899681384,100.385436343079,101.10314495094622,14691100,59.217567443847656,59.473265039075876,58.024315612068776,58.66829393798737,19373100,89.55217742919922,89.82802159193936,88.14624931740292,88.76023204230493,7235200,45.53543472290039,45.609204353783554,44.49341186423355,45.138912843523556,22945200,108.19495391845703,108.38529354101424,105.36703613656213,106.78099156993243,6945900,93.81242370605469,94.600918389303,92.40568558874571,92.90745679700196,54596600
2022-12-19,38.65630340576172,39.405796991429966,38.136065613140794,38.82383635592543,5010500,98.76497650146484,100.83972034678743,98.04954476603112,100.30314995664348,4991400,21.561969757080078,21.996579402408447,21.437796056054772,21.68614514984518,9235600,148.31307983398438,149.1337453221482,146.89001038869492,148.51387671248403,7131600,52.19904327392578,53.661250603052366,51.723387978070306,53.24725438925534,7011700,110.4541015625,112.49547401855826,109.53020845209075,111.60677108206193,2410400,117.12676239013672,119.53804096595415,116.26747413478851,118.08250232369132,1879400,33.52229690551758,34.09866372427037,33.15044528592489,33.5687774714067,5394100,103.52657318115234,104.76624665078472,102.78090311083173,103.11645393135232,3408900,59.10393524169922,59.8899691239791,58.45995680715815,59.66268113012103,10057700,89.52546691894531,91.10935739568694,88.60004631469242,90.14834290794289,2451200,45.950401306152344,46.60512219035242,45.572319184566375,46.070277399745635,7447000,108.50312042236328,110.2977620088397,107.80520847577229,108.94724620655754,3260800,94.23353576660156,95.15642659571911,93.52568580154399,94.31418036314018,13611100
2022-12-20,38.912017822265625,39.194180376689765,38.330057133310454,38.51522567896824,4370500,100.74134826660156,101.77871677735791,98.37148831977979,98.77391440648836,5538700,21.712753295898438,21.93449301916147,21.162839729580426,21.31362280906888,8162200,150.74888610839844,151.290170490745,148.06864119536883,148.25197343768656,6199100,52.2871208190918,52.762779390895695,51.582443320216036,51.92597339090751,7606400,111.29879760742188,112.73303539280161,109.98774556001982,110.2605130208105,2381100,118.31925201416016,119.41528775109384,116.39899526235753,116.79356545178517,1668400,34.78657531738281,35.102648045727726,33.52228795024206,33.61524905718631,9059000,105.3348159790039,106.5931279704687,103.52657072370334,103.75959172624262,3520700,59.06604766845703,59.889963406493585,58.74405848192568,58.94293681229781,9925600,91.33182525634766,92.05258281596835,89.51657770911781,89.87250979876208,2442300,47.730133056640625,48.03444201753606,45.94117641859533,46.06105602601148,11496100,110.46998596191406,111.29479802331812,108.67535103284446,108.74786335113048,3156200,95.5954818725586,96.33021112711197,94.14394058799044,94.23354038273575,14680000
2022-12-21,41.15168380737305,41.160503279490115,39.81141331888267,40.058304719871465,4595400,103.98760986328125,104.33638097442181,101.54621208529726,102.7892694963599,5433000,22.236055374145508,22.253794954989342,21.836924955596466,22.173968532931625,9346600,152.5211639404297,153.6212106455614,151.17667869392443,152.94896136149507,5479400,54.401153564453125,54.52447506746668,53.04465063297782,53.62600999222934,7992800,114.39603424072266,114.77439901639613,112.02030194019773,113.86810118851527,2687600,120.1255111694336,121.10755486256802,118.8102683464106,120.87082078755003,2396500,35.91142272949219,36.004383831671156,34.83305763151795,35.288571996929136,7662700,106.77022552490234,107.33879733635953,105.13907851756306,106.81682545837008,3226000,60.354000091552734,60.533933831018544,59.15127596955832,60.259298883964306,11611900,91.96361541748047,93.12929335731349,91.00260066655952,92.75556087272801,2471800,49.15945816040039,49.41765714597956,47.87767608186737,48.73526958990944,9019500,111.19507598876953,112.68154367950854,109.3279290659239,112.21928637471954,3040100,96.8230209350586,97.29790603650967,96.01661588370293,97.02910663140001,13565400
2022-12-22,39.40581130981445,41.28395905559864,38.31243195546665,41.15169385070701,5337000,100.96489715576172,104.43472459917577,98.2283771829917,103.78189959865323,5295400,21.739360809326172,22.30701391089249,21.402315511466405,22.2360572731967,8779800,150.23377990722656,152.96641856174415,146.95985691409913,152.92276359084377,5755000,52.947757720947266,54.40115446299817,51.608868764763486,54.22498760468953,8067900,111.13162231445312,114.9767896552668,108.5007105713372,114.5104426818324,3011700,116.5129623413086,120.58144559149042,113.69833728392697,120.47621708529752,2354400,34.89813232421875,36.06945856504928,34.09865405125622,36.01368332030045,8713200,104.06717681884766,106.93799715717475,102.18436321451202,106.81682168971336,2699600,58.5262451171875,60.46764898967013,57.39928472599512,60.35400680539844,12991200,89.45429229736328,92.08817896320969,88.0661645814167,92.0080978052159,2287700,47.38893508911133,49.36232083286005,46.22703628816381,49.168671618984945,7574500,108.42154693603516,111.42167272952406,106.4456315374298,111.21320157765449,3035800,94.86972045898438,96.93951222445571,93.27482065741891,96.67070596836008,13213000
2022-12-23,41.66310501098633,41.7160117520705,39.80259332839749,40.11121093925728,5330800,105.32926940917969,105.3742585691458,102.2697250488727,102.2697250488727,5001500,22.351362228393555,22.36910011850611,21.757099770262165,21.916750931712997,6797300,154.8783721923828,155.03552741700042,151.6393786344381,151.99733073119785,6079100,55.06178665161133,55.070597010049504,53.238432234306075,53.670049073261836,6099600,114.92398071289062,115.01197626803872,112.16989034996095,112.16989034996095,1678400,120.15182495117188,120.2132093767704,117.50379876764293,118.45955213351681,1759500,36.339046478271484,36.376232334573544,35.15842213746946,35.57675415527151,6041500,107.301513671875,107.5531732253509,104.46797743127884,105.00858786317421,2388000,60.56235122680664,60.59076086850293,59.07551976770482,59.20810291244719,11828800,92.48860168457031,92.5597826705299,89.91700272228891,89.91700272228891,2216300,48.8643684387207,48.873588322693,47.37971736269039,48.13587448551252,8082300,112.72686004638672,112.9443900375672,108.50311180297285,109.55451943812702,3270300,97.37854766845703,97.43230618063137,95.78364800437136,95.82844448584115,11539400
2022-12-27,42.006996154785156,42.44787563309087,41.733653030967446,42.09517406863239,4505500,106.6070785522461,107.13799595995228,105.33826476296102,106.11214972690163,3849400,22.688405990600586,22.759362626787983,22.2892738547092,22.49327566402016,6202800,156.82528686523438,157.34910657120244,154.87838432591926,155.71651450574635,5168000,55.70481491088867,56.048345006383954,55.16749722914779,55.51102732464308,6771900,116.21745300292969,116.44622268009759,114.65122858128854,115.63671448445912,2258000,120.63409423828125,121.1689602808397,119.61696973450714,120.69546529006642,1560200,36.50638961791992,36.93401644771094,36.14383628195626,36.552870178333826,6278200,108.88604736328125,109.15635256364075,107.40403728788941,107.87939498495685,2420000,60.922218322753906,61.3957315870839,60.49605566233301,60.90327374604686,9026100,93.05810546875,93.24496831641726,92.26616001437122,93.04920529823985,2474900,49.33466339111328,49.67585540531153,48.67994253428231,49.18712061326831,6200900,114.57588958740234,114.92937843886187,112.54558648935038,113.56073803837636,3484400,98.7315444946289,98.98242671011204,97.51296787425858,97.90720842600591,11962100
2022-12-28,39.83787155151367,41.96291058896079,39.714425830742705,41.883552145087506,5001700,103.76350402832031,106.42710548030571,103.25058089171215,106.37311573921957,3856400,21.615184783935547,22.511011603779497,21.57083583282379,22.40457750459029,6955800,154.51170349121094,156.5371769482732,153.5950023717927,156.1530345118216,4494400,53.63481521606445,55.3788932361045,53.414603293935656,55.361275879114125,6524400,112.09951782226562,115.99748400919553,111.62436992957191,115.71590892038184,2490300,117.90715026855469,120.53763623267027,117.41612836261474,120.41488075618528,1719700,35.40013885498047,36.43202012612843,35.08406605998101,36.35765193413779,6178600,106.74224853515625,109.04449698006479,106.22028380994934,108.82079882800984,2650600,58.791419982910156,60.50553601861709,58.47889943406313,60.50553601861709,10347000,90.89581298828125,93.18266769362846,90.75343743535628,92.89792337661854,1910700,48.50473403930664,49.46376387336848,47.94222960591587,49.214784771196804,7192700,113.6151123046875,114.83872802160425,111.86579276667491,114.51242957507262,3856300,97.10973358154297,98.56127481709127,96.67965184687927,98.48063705535155,10702100
2022-12-29,40.48155212402344,40.746079128872,39.10600698971022,39.32644672102458,4534000,104.7353515625,105.2842701011506,103.14259254842536,103.24157830886591,2921600,21.748231887817383,21.810318738008757,21.331360136407103,21.375709094929363,5639200,155.6815948486328,156.44986639692368,154.22359606459503,154.22359606459503,4142100,53.766944885253906,54.19855838033966,52.97418060424509,53.1591578164247,6355900,113.18179321289062,113.68333034756792,111.30759774497811,111.50117724993801,1744700,119.49420166015625,120.28334205583221,116.18855406088774,116.59190110758746,1406400,36.1345329284668,36.348346313104,35.03757483598795,35.325759943754065,4544400,108.28952026367188,108.50390271431698,106.49059784494888,106.74225739800158,2054100,58.98081588745117,59.38803761719133,58.04326157023158,58.31790015310188,7338700,92.6398696899414,92.808938956193,90.46869010210325,90.76233457859082,1827300,48.79059600830078,49.02113180564064,48.006775704424086,48.32952441362106,5200000,114.49430847167969,114.9293753854619,113.04409695099565,113.43384194547518,2456800,97.84446716308594,98.31039703839156,96.76029391220057,96.76029391220057,10534000
2022-12-30,41.16051483154297,41.169330942491285,40.049496487990396,40.08476765907169,4752600,106.18415832519531,106.37312930853253,104.39342740796393,104.44741715593717,4220500,21.792579650878906,21.845796710577734,21.535362452551396,21.641796571949047,5491000,156.70303344726562,157.104627152567,155.1402736260985,155.42838040857552,5005100,54.18094253540039,54.233794608998764,53.30890516211553,53.68766995581863,6690900,113.96491241455078,114.11449414552209,112.58345981037698,112.84743309936601,2179400,119.9325942993164,120.35346820902623,118.37184072894131,118.8628625201595,1487000,36.58075714111328,36.645830633759054,35.68831763090896,35.8184646162005,5227000,108.48526763916016,108.8301413155986,107.55318354080069,107.81416595054337,2370800,59.65321731567383,59.65321731567383,58.639895356931305,58.71565923193353,8182000,92.61317443847656,93.32503180106171,92.10597343695926,92.3996111197453,2088900,49.29777145385742,49.38076447722204,48.320301976115154,48.43095816803567,4629800,114.98374938964844,115.60009011406143,113.91421715949512,114.23144983048263,2043500,98.83009338378906,99.00929298963108,97.31583142112497,97.31583142112497,11799600
2023-01-03,38.46232223510742,40.86952362589967,37.93326824112968,40.46391533960718,6169000,101.79279327392578,106.16614038698194,100.71295049693443,104.88832609093737,5424400,20.586313247680664,21.544230390255407,20.444399972871,21.464403961707514,8239000,151.90130615234375,156.27526261752902,149.7361420842835,155.43713244253357,7565400,51.19486999511719,53.96073137660476,50.40210904077088,53.49388314703969,10613200,109.50379180908203,113.7449255293907,108.13114695518162,112.62744632602804,2994900,115.19774627685547,119.52928172138346,113.64575590153329,118.34555775422638,2406400,35.00968933105469,36.7573859216931,34.38684207024242,36.218201535104136,6941200,103.38674926757812,107.79550944762481,102.82750032393494,107.79550944762481,4363900,57.81597137451172,59.615323302514014,56.925767699277344,58.99975458698174,13104000,89.89920806884766,92.96021469038487,89.46319480109996,92.00810020596585,2877200,47.49038314819336,49.41766291569203,46.43914027823004,48.74449868348214,8487800,108.80223846435547,114.72998532991107,108.43968380696748,113.9776856259831,3671600,95.43419647216797,98.5791922346614,94.52026082116703,98.36415136690715,15146200
2023-01-04,37.166133880615234,38.188973929718,36.89278744821156,37.3953896831543,9034500,101.99076080322266,102.86363150797044,99.39915042314456,100.08305018131233,4837600,21.269271850585938,21.48214176190515,20.187182711778348,20.373443249780284,8609100,150.28616333007812,152.16320721895565,149.159939661077,149.24723628286955,7684500,51.88193130493164,52.19903365702454,49.688619035243185,50.102618532934876,9690900,109.42461395263672,110.46289858776163,106.76730613639789,107.28645181052013,2469700,114.53134155273438,116.78479736077549,112.30420291033329,113.20733525147841,1724400,35.725494384765625,35.85564133686134,34.29387081923585,34.46120362799847,7446900,103.06986236572266,104.5239112985557,101.59716776843732,101.67173620377169,3664600,57.8727912902832,58.564120217265554,56.53748403985602,56.76476838188391,12238000,89.58777618408203,90.76234746799659,88.43099845179675,88.58227419042906,2959100,47.6748046875,47.97911011776956,46.28236646970214,46.53134555866661,9069800,108.42154693603516,109.30073271828698,106.69035192730315,106.97132847033446,3283700,95.71195983886719,96.01660734078465,93.8661781111048,93.90201939580251,18058400
2023-01-05,36.82225036621094,37.39539499950443,36.46954882265156,36.936879965598294,7019000,105.07730102539062,106.00416834212935,102.16173846103092,102.16173846103092,5177700,20.994314193725586,21.15396704330929,20.754834919350028,20.843531134867597,14083700,152.99261474609375,153.822005938495,149.50043008619173,149.72741729329954,6088200,53.000606536865234,53.291287901938,51.59125150666608,51.84669815594201,8812100,109.44220733642578,110.63887458246619,108.95826526874968,109.23983363763452,3560200,117.53011322021484,118.58231836511479,114.21570180007494,114.93470775713362,2407600,36.208900451660156,36.58074838545657,35.483790420215854,35.66971616023333,8773400,107.87007904052734,107.91667897144896,102.76225584768055,103.06984525895534,4093600,58.92400360107422,59.40698563811997,57.53187316836904,57.8822720427991,10692800,91.66996002197266,91.71445408045624,89.16064855128636,89.16064855128636,3348400,48.56928634643555,49.067244577029314,47.63792315309318,47.63792315309318,6622100,114.739013671875,115.08344361662374,107.85957043958187,108.42153035485666,4974600,97.85345458984375,98.51650145337264,95.25501882386986,95.28189808595471,15946600
2023-01-06,37.818641662597656,38.19779828856337,36.98096996886775,37.51002736873883,5763400,106.39110565185547,108.15484128369957,105.77019623327018,106.63406632649406,4442300,21.517621994018555,21.66840506681888,21.171708582428295,21.216055848417902,9888600,154.14501953125,156.61574162885668,153.39419934144152,154.54662660461912,7191200,53.93430709838867,54.84157920175107,53.55554229869676,53.88145502395463,7332500,112.1611099243164,113.6393388517179,110.52449165398525,111.01723462978575,2595700,121.1250991821289,122.2123714349847,118.98563531195522,119.68710084994791,2473700,37.38022994995117,38.030968325469374,36.60864284684615,36.64582516120579,8136800,108.88604736328125,111.24421863216689,108.17766156617486,108.91400874413978,3102800,60.37294387817383,61.20632465924913,59.60585105541395,60.05095469965212,9832700,94.05469512939453,94.61529038855971,92.38182309893543,92.73775519594632,3101300,50.25680160522461,50.44123093850794,49.15022912322156,49.28855200260829,10171800,115.61821746826172,119.28001266628887,113.66043371300339,115.80855707535949,4818800,99.03617095947266,100.34434720598856,98.26560035952092,98.63296843355621,16348100
2023-01-09,38.241886138916016,39.194187454806766,38.18016327921683,38.85030198972741,5737000,105.60823059082031,108.57778990769125,105.15829777707803,108.27183202432296,5403200,21.987712860107422,22.271539449267,21.792580811255277,22.005450753124958,8845900,152.94020080566406,155.6903038590352,152.24177462222903,155.6291842410906,8385600,54.788734436035156,55.92502891700213,54.55971212381646,55.22034798109944,7567900,112.40747833251953,114.56323550570367,111.80034381602827,114.06169835701877,3160300,124.06246185302734,125.70212676845935,122.9927300767328,123.49251533454958,2453400,37.59404373168945,38.72818766841887,37.436009141811496,38.03096873280434,13191700,107.8980484008789,111.77551423538279,107.08713274152072,111.28151084141531,3716700,60.68547058105469,63.05303724955488,60.590765746742655,61.43362251532956,12519800,90.771240234375,95.18478066208412,90.37081407254941,94.94452360722073,4707400,51.30805206298828,51.89822320541414,50.810093842429914,50.97607991594937,12104300,116.54273986816406,119.18031799057088,115.11971868740994,117.52163526916995,4438500,97.19038391113281,100.03073917590788,96.59901294606159,100.03073917590788,17964600
2023-01-10,38.127262115478516,38.241888368090976,37.033879433162824,38.01263249922228,5161700,106.25613403320312,106.74206229174449,104.9963207924029,106.39111524925848,4042700,22.24492645263672,22.253796243572232,21.748230002425434,22.094143390212267,10677300,153.6910400390625,154.27599268889168,151.66557987650324,154.00533718931118,8307000,55.60792541503906,55.634349775144535,54.14571812623718,55.31724401320738,5909300,112.28429412841797,113.23458989424634,110.94683933655888,113.16419612349176,2575200,124.46582794189453,125.49171588778422,122.55434784938483,124.96562670953874,1756100,38.05885314941406,38.1890036519391,37.04556157316282,37.69629990083365,7755900,108.5877914428711,108.9513036521929,106.2948655412885,107.870089855841,2752200,60.75175857543945,61.16844537135478,59.77631870897016,60.855932080728195,6613500,90.37970733642578,92.05257926778071,89.48988054103364,91.15385909239923,3259200,51.6031379699707,51.79678721777094,50.671774789338016,51.27116582077172,7080300,119.65161895751953,119.71507240824461,116.08048143241638,117.87511596152207,3518100,98.64192199707031,98.85696972096063,96.77822290887347,98.37312259624726,15104600
2023-01-11,38.638675689697266,38.964925548989676,37.8450913145067,38.57695283425393,4860100,106.40010070800781,107.57892924698122,105.2032847442529,107.25497709975197,4569900,21.899015426635742,22.5642345928857,21.88127584285152,22.49327794948863,12896500,152.95765686035156,155.52441423725986,152.17192078733362,155.30615273679658,6962600,55.36127853393555,56.47114855638163,54.84157823838292,56.32140269486607,7557100,111.61557006835938,114.09689350010241,110.58608631450336,113.65694248941662,2771100,124.72010803222656,126.76312032737438,122.96645078791185,126.43868463922293,2199600,38.105342864990234,38.74678304968119,37.57545317786748,38.57945021085066,9881200,109.61308288574219,110.7036195178238,109.21228645969038,110.27486170806274,2976900,60.69493103027344,61.55672870019109,60.25930327604367,61.55672870019109,7613900,90.2462387084961,91.41191651404705,89.4542933444779,91.18055962906774,3551100,51.93510437011719,52.33162622468919,51.39103974531121,51.59391237351934,8856900,121.0927734375,122.46140677847814,119.8510193320652,120.8389873057995,4172500,99.78882598876953,99.86050172974747,97.74591356029543,99.44833716601045,16710400
2023-01-12,39.98777389526367,40.68436439250891,38.788584343053635,38.885575018727806,5573300,108.12785339355469,108.97372238595017,106.04915919671096,106.53508744277458,5072500,22.519880294799805,22.688402917319838,22.067531165976195,22.182836741499163,8092200,154.59901428222656,155.72523795742788,153.5688128950376,153.64739717319864,6891400,56.40068435668945,57.061320216035966,55.731241497692125,55.88098401293015,7232000,114.78321838378906,116.23506480491353,112.27549891348275,112.54827311068786,4005400,127.42951202392578,128.65706680833202,124.99192939535932,124.99192939535932,1959900,39.202301025390625,39.964597108339255,38.4678996618465,38.57945371578848,10369600,112.79148864746094,113.55579725531936,110.40534873339536,110.40534873339536,3091300,62.25752258300781,62.958327423276934,60.846455064501114,61.08321169899334,12351900,91.52759552001953,92.33733446920212,90.51319339665118,90.70895640095743,2231600,53.48430633544922,54.046814258015665,51.80600596978711,51.852112426881675,12857100,122.65176391601562,124.4192081399855,121.29218930829909,121.66379585670745,3269400,101.4464340209961,101.91235704319378,100.1203338506972,100.19201641904328,15357300
2023-01-13,39.97895050048828,40.120031796435505,39.04428481256079,39.82904973149493,3488400,109.30667114257812,109.6486175852967,106.64306989735445,108.50579133996216,4360200,22.262664794921875,22.41344784895072,21.98770805818911,22.289272474507257,6763700,155.01806640625,155.39348316381353,153.37673544333575,154.60773366552144,5726300,56.01311111450195,56.50638708668556,55.38770998988593,56.294982138558964,5474100,114.63711547851562,115.2923784288607,113.28229149999008,115.00016109491331,2111400,127.3506088256836,128.01699384006787,126.1493443745725,127.61364673968754,1526600,39.65782165527344,39.73219339365624,38.59804920699621,39.10934249653912,6660300,113.6490249633789,114.54382492764515,112.0738004151067,112.89403904911258,2780500,61.850311279296875,62.62687288195663,61.24421477113513,62.267005338123184,7200100,91.67887115478516,91.99030923489282,90.33523053621668,91.52760219999587,2133200,53.74250411987305,53.963820033804744,52.866470901373575,53.47508526756435,7345000,123.38594818115234,124.28325868858671,121.80883645035296,122.65178000950243,2604000,101.38373565673828,101.68837638479941,100.49668589652957,101.34789436472624,12011400
2023-01-17,39.8026008605957,40.6931793373413,39.42344422018221,40.5080073903265,4279300,108.19984436035156,110.26953811159801,107.58793544075584,108.9377339223261,5228500,22.475536346435547,22.75049310342878,22.253796644273983,22.57310235674333,5842600,157.5760955810547,158.3007254435524,155.55934789737665,155.7863484095002,10697700,55.92502975463867,56.717790779151464,55.6607727196333,56.17166606979806,5383900,115.16841125488281,115.97422148069069,113.93756376636931,114.96474953695797,3127700,127.78023529052734,129.1393223725372,127.46457644166921,128.16604203683656,1883600,39.53696060180664,39.973885602490775,39.05355504804181,39.6020340853674,9622100,113.49987030029297,116.79013293140794,113.0524739438648,114.48788421727583,3746900,61.291561126708984,62.494281698573246,61.14003340650342,61.95447683950985,7503300,91.21615600585938,93.44072322137455,91.0826806151604,92.14157678217454,2600800,53.90849685668945,54.34190533643136,53.44742520341425,53.62263468298526,8467200,124.72737121582031,126.75767421292919,123.31341588028157,124.73643006734794,2781100,101.18659973144531,102.21701453508653,100.95363477955496,101.61668834754855,16542200
2023-01-18,38.85029983520508,40.746079524741035,38.815028670577696,40.06712474205921,5408700,106.6790771484375,111.32238040182747,106.50810047544391,109.06371566424185,5138700,21.890146255493164,22.626322086016287,21.881276463349526,22.484408795197844,6769800,154.72994995117188,159.22614516672994,154.47677245452235,157.8641954404757,8899200,55.15867614746094,57.616245134834145,55.132251794534085,56.40948149528108,8349600,114.04381561279297,118.49790384474724,113.6099282080706,116.36384042681435,3737400,126.35100555419922,131.2086300706309,126.18440598089882,128.40278124998395,2183500,37.74278259277344,40.36432543498021,37.64052679719926,39.9738845439548,11739800,113.07110595703125,117.30276810273908,112.79148502824276,114.48787759667749,3709300,61.0074462890625,63.49813064467776,60.874863155140645,61.746125813838205,13922500,91.39410400390625,93.88562160106973,91.0292785692929,91.84791754393488,2908000,52.682044982910156,54.821417046588984,52.58982854707215,54.35112201805853,11332700,122.8330307006836,127.43745810033849,121.90851614811518,125.98723973671383,3564400,99.10786437988281,102.2528676686548,98.91970272479763,101.48229698438557,16399700
2023-01-19,39.82023239135742,39.97013315571775,38.23306702009526,38.49759402136507,5662400,107.65991973876953,108.21783888182675,104.61837648503624,105.77920393185275,5049100,22.440059661865234,22.564235059181087,21.712753629080364,21.8812762950334,8341300,156.27525329589844,157.10464443398155,153.79580554694155,154.1886736311255,5907200,56.44471740722656,56.55041482118345,54.64778744628481,54.77110557612389,7312900,116.25755310058594,116.80657353545575,113.01661925276447,114.2031954607633,2449600,128.39401245117188,128.806122985908,124.30800112149171,125.58816345460716,1808100,37.36164093017578,37.92871295182042,36.710906032786085,37.56615963863496,9945900,114.8607177734375,115.26151418948749,112.05514286108756,112.28816386783204,2475500,62.19123840332031,62.52269628594222,60.40135861192205,60.64758756411545,10038400,92.88011932373047,93.27164528977669,90.61106504766023,91.36741647301697,2696800,52.91258239746094,53.42898038299416,51.833672930533766,51.90744608143706,15283700,125.5068588256836,125.8694065042756,121.41000367211821,122.07165940918698,3224800,99.74401092529297,100.46977813294049,98.18495265715066,98.62399642656482,12928000
2023-01-20,39.97983932495117,40.42317309285599,39.013371575623935,39.77590619759914,5058200,109.6036376953125,109.70262346494432,107.30897756720037,108.1278585949854,5101400,22.723886489868164,22.81258102150955,22.24492789865387,22.52875446008171,5554100,157.93402099609375,158.33562803013166,154.9831344827832,156.10935799638654,10477900,57.034889221191406,57.21105607505348,55.83693579799211,56.64731407829319,7093800,117.55043029785156,118.17027920536985,115.71743405166235,116.310732482815,2476900,129.3760528564453,129.67417134693767,127.30673698120955,128.58689914830816,1534600,37.826446533203125,38.402816686448354,37.1199329710245,37.56615262285919,8615200,117.18159484863281,117.5823912299297,114.208244784797,114.8886691944354,2882000,63.36555862426758,63.5549610701636,61.96395595882047,62.61740668007002,12439900,95.17588806152344,95.4250385168696,92.39073220163122,93.25386541396672,2986400,52.884918212890625,54.39723621878976,51.84289878973813,53.01402123308872,19204800,129.36807250976562,129.4949656067565,124.86334682112405,126.06883815769254,3709800,101.56291198730469,101.6435565848428,99.10784215378403,99.7798508438227,16515600
2023-01-23,40.21923065185547,40.768963449691604,39.96209631424742,40.5029639270204,3885800,108.10086059570312,110.83645305964852,107.95688565835349,110.19754925703087,3963200,22.86579704284668,22.98997072572334,22.59970840444585,22.839187671484733,6197100,157.72451782226562,159.37457448325307,157.17449449472755,158.2046958604634,8381300,57.9245491027832,58.36497297155669,57.29033765649579,57.5457843068246,6246100,118.81666564941406,119.56934784135164,118.0020053363689,118.21453070521582,2695200,130.95436096191406,131.7084341172736,130.04245169623397,130.64746559033375,1467200,37.71488952636719,38.36562779704069,37.463890327125775,38.198294997546405,10789900,118.26282501220703,120.07107750662337,117.51716201809022,117.66629177241872,3963400,62.97727966308594,64.12318117789665,62.81628684762907,63.744369028108125,9891500,95.1580810546875,96.70637780029759,94.85553640966036,95.65638189492067,3070100,51.510921478271484,53.20766516506619,50.929970257427826,53.02323581521295,15090600,129.68527221679688,133.15672052330194,129.53118877722534,130.12940483460142,3908300,101.0342788696289,102.67397504732993,100.9267550071458,101.82276668642517,16584400
2023-01-24,39.06657028198242,39.873437551330014,38.7562346353915,39.820236285019796,5032200,106.91301727294922,108.88372490410119,105.86017629141415,108.88372490410119,4216900,22.351362228393555,23.23832102012759,22.280405592724417,22.77710204240838,5222400,157.8729248046875,158.8943871233137,156.01333238477454,158.09991199050685,5989000,56.34783172607422,58.24165573544158,56.20689622027252,57.91573964813906,7043500,117.55924987792969,119.41880962848134,117.22276827948181,118.6572773082741,2313100,129.104248046875,131.9627044699939,128.46415353492372,131.48044606350413,1213300,37.03627014160156,38.11463529090945,36.42271761779258,37.18501003991165,11912100,121.36666107177734,121.86066444247626,115.76482725983729,115.76482725983729,3782200,61.01692199707031,63.8864113388657,60.846456926011214,60.95063042639396,8519100,95.22037506103516,95.44283177807132,92.86233250268377,95.15808745181864,2360500,51.15129089355469,52.045767518553944,49.860288843334345,49.860288843334345,8784400,131.45274353027344,132.83950860528807,128.57045183092816,132.83950860528807,3142400,101.97508239746094,102.16324402123625,93.96474299719505,97.80863374695853,13583000
2023-01-25,39.093170166015625,39.18183556296796,37.89617039531865,38.89810223387878,5276100,108.31682586669922,108.3258195796831,104.96032412310636,106.36411227672484,3984700,22.262664794921875,22.307012055390544,21.87240247418729,22.244925214038588,5763600,156.3450927734375,157.174483880701,153.9616807177695,156.52842498915186,6727500,56.52399826049805,56.5328086196538,54.9737077056673,55.845748452874744,5834700,117.32902526855469,117.59467859414212,115.80596061432207,116.96596617397483,2576300,128.96392822265625,129.29712731037168,125.64951779849183,129.28835046321694,1646200,37.21289825439453,37.44530457083964,35.71620100908979,36.90612376073124,10474700,120.99382019042969,121.96319550240432,119.5770485465676,120.6675993281573,3671600,61.1021614074707,61.121105988195175,59.009236814950995,60.477127523133596,10053300,96.8576431274414,96.86654329606891,93.91231867381546,94.64197635796121,2889100,51.87055587768555,52.10109168158637,50.04471273291468,50.8561997476008,9053000,129.93002319335938,131.3620963237325,128.7335908602676,130.53729821201344,2955900,101.4374771118164,101.83172442159676,99.80673619776081,101.45540117282077,11914700
2023-01-26,40.21923065185547,40.24582958941235,38.70303032849894,39.7315642965637,4429400,112.1682357788086,112.24022666640289,108.70375498212276,110.04455265277922,5807400,22.40458106994629,22.48440750291114,21.703882756530334,22.40458106994629,8124400,163.9492950439453,163.96675969320827,160.18646908603657,161.50477701209564,14307800,57.88930892944336,57.89811928768203,56.10118590588081,57.3696053187105,6346700,120.36630249023438,120.42829412723493,117.48842046145853,119.01148526223824,2617800,131.4278564453125,131.5155446691435,128.50801519908785,130.91053071100535,2409400,38.1146354675293,38.17041425949364,36.720197584570904,37.6498228398765,8879700,126.15758514404297,126.2228236335566,120.88198587017186,121.83271560823971,4005300,63.53600311279297,63.57388503904409,61.32943690426478,61.916588698060515,12564400,99.20680236816406,99.36697148686476,96.35045874203549,97.48054274310174,2723600,52.99557113647461,53.069340763699174,50.994518551687236,52.21174730131847,8581500,135.92120361328125,135.95745284870569,127.8906495118054,131.61588427307223,4708100,105.51434326171875,105.53226048847075,102.44997794907518,102.79046678160613,21019700
2023-01-27,40.547298431396484,41.65563264409276,40.281298896822896,40.281298896822896,5272600,111.23238372802734,113.73400891575753,111.15139225665227,112.20424019195157,4857500,22.466665267944336,22.60857853385658,22.26266515966293,22.502144430292184,4526400,156.6681365966797,160.8412963315491,155.332376987741,160.8412963315491,19654700,57.4929313659668,58.9815662574841,57.47531736739937,57.88931689725343,7210200,119.24171447753906,122.15501040349525,119.04690293713827,120.42828403329693,3035600,132.36605834960938,133.97064299872534,131.1384902170234,131.5242969621406,1632700,37.66841506958008,38.263374654506144,37.34304410853442,38.021673652969504,10399200,123.8273696899414,127.19219362386433,123.40792049637776,125.9804815343471,3400600,63.01514434814453,64.33151060869999,62.98673470910559,63.592831092732325,8761000,96.7508773803711,99.51823266653462,96.72417687197142,99.16230735395447,2506700,52.53450393676758,53.57652331339083,52.19330838945443,52.85725267860709,7669500,129.80311584472656,136.31093916269361,129.73966239601816,136.00277226118527,3638500,103.58790588378906,105.43368766818374,103.39078222991657,104.78855819588331,15179200
2023-01-30,39.15523147583008,40.48523254957752,39.11976396876191,39.87343327330605,4942200,108.46080017089844,110.3235216968918,108.2808297962384,109.86458831645004,5246300,21.872404098510742,22.40457972235381,21.85466451631005,22.023187163737283,5026700,152.0846405029297,155.69905112225996,151.6219270974851,155.40221862096107,11476000,54.91204833984375,57.20225448385787,54.868006624801986,56.90276275717192,8003900,116.97484588623047,118.2322573873393,116.37269736486368,117.93117637081028,2927000,127.4382553100586,130.64745094016777,127.3242766991369,130.3756362366245,2423400,37.501075744628906,38.08674053603251,37.212890694139276,37.37092880125883,8922400,120.36933135986328,124.43321830950718,120.2481558844752,123.22150622304721,4152300,60.732810974121094,62.465871321037234,60.67599169233345,62.333288180039865,9515100,94.69537353515625,96.9288408716906,94.22376638196857,96.43053999871347,3110000,51.95355224609375,52.40540399856005,51.750679599962254,52.22097464004936,6181100,127.06584930419922,130.06597515948857,126.66703852640089,129.60372475629973,2991300,101.75106811523438,103.48037065782239,101.38370693921622,103.12196467525003,18672100
2023-01-31,39.30597686767578,39.58971023295646,38.3838417393293,38.96017365776946,4097500,109.66661834716797,109.86458300354883,107.17398689954524,108.18183879902044,5200100,22.200578689575195,22.209448480310897,21.730489931020735,21.978838996401514,5245400,151.927490234375,152.46004890290055,149.6575649832371,150.81871792679692,14481300,55.70481491088867,56.14523879950675,54.57732747111241,54.96490264360359,7472300,117.10765838623047,118.41819777431157,116.48780958860362,116.8862828505287,4043200,128.12216186523438,129.4198775337887,126.14929796002016,127.19272589947225,1632700,38.31915283203125,38.33774576204242,37.268675336952526,37.47319402083656,7549600,119.79143524169922,123.96716742531214,118.10435842831556,122.61564851968107,5408700,61.35786437988281,61.35786437988281,60.25931348757778,60.79911483679399,10315300,89.22294616699219,93.16487986581804,88.20854397712196,93.16487986581804,7890100,52.543724060058594,52.96790912774177,51.62158077325301,51.89822305575519,5951900,126.92082214355469,128.42542138223857,125.14431904392289,127.08397829043173,5427300,103.94632720947266,104.29577125241204,98.94657989907135,100.44291791227613,27861800
2023-02-01,38.48136901855469,39.04883565032487,37.000632605309434,38.977900630169636,6591700,105.91417694091797,108.85674125774872,103.66451297135362,108.62277428259374,7282300,21.765972137451172,22.08527618988592,21.428926809324697,22.0320591297701,7692100,149.60519409179688,151.61320297219115,148.01624364817866,151.30763148022533,11526400,54.515663146972656,55.31723441267883,53.502690316776544,55.105832848188896,9653400,112.71556854248047,116.65605713056546,111.03311312036807,116.20444239035669,4991700,125.69339752197266,127.69256585621625,123.56269685718905,127.14015950250496,2554200,37.965885162353516,38.27265956847546,36.99907431073427,37.965885162353516,13876700,114.61837005615234,120.33204949934594,113.59307908342372,120.09902850048778,5189900,60.13619613647461,61.09269513746065,58.990294683422604,60.85593845975799,12695000,87.19412994384766,90.39750520247931,86.33989699413522,88.80472113683759,4467800,51.36338806152344,52.967915606924855,50.717886978260545,52.47918073079767,10454000,123.47654724121094,129.03267923298813,121.70910322850317,127.6912363195364,4159200,102.80838012695312,105.17385045847736,101.5539623848353,103.78503643072602,19464900
2023-02-02,37.55923080444336,38.41043067852815,37.027228346364645,38.26856403284735,5477000,100.15503692626953,103.83548367395966,98.76924317665568,102.1257377820761,11531300,21.934492111206055,22.2981451069652,21.641795756284306,21.83692778739198,9431500,147.5535125732422,149.6662824794873,145.6415528561352,149.40437931387396,10463400,53.68766403198242,54.665405444581154,52.85085810659459,54.665405444581154,8770300,110.46640014648438,112.556185892128,108.9964632424106,112.28168237026787,3928600,120.62531280517578,125.36018173176043,120.15181788491199,125.36018173176043,2727100,35.84634780883789,37.733485767930276,35.58605034996272,37.69629991005689,13518000,111.75687408447266,114.48788051487976,110.06979719279649,114.42263491870908,6275700,59.16075134277344,60.03201405840058,58.27054404949737,59.87102127458153,13098500,88.07505798339844,88.09285153197204,85.72590903014675,87.20302474882081,4668700,48.21886444091797,50.95762710687058,47.92377892484022,50.95762710687058,17007600,120.59426879882812,122.70614298650976,118.59115615255755,122.58830876310917,4171100,99.5916976928711,103.10406177059279,98.40896257135148,102.90693811100178,24562100
2023-02-03,37.2755012512207,38.57003494567505,37.16023353305565,37.75430249679739,5467900,97.28447723388672,101.13590116742522,96.96952562538335,100.1640446051033,13504200,21.517621994018555,22.22718840029082,21.491012619380935,21.890144780246434,6878900,147.9376678466797,149.77107009520725,147.0995510005615,148.2956199663223,8404900,53.59958267211914,55.088217476485845,53.52911660147201,53.73171117481269,6564100,110.35128021240234,113.18488438614315,110.12990467520868,110.68776859683243,4205800,121.35307312011719,123.93095134973724,120.70422851765682,121.35307312011719,1553300,35.85564422607422,36.69230833730491,35.25138641838108,35.60464499270501,12724000,110.17232513427734,113.60239451315896,110.02319539323197,112.38136675785624,3255100,57.99591064453125,60.62863982709521,57.77809134715926,59.369096326116,17851500,87.92378997802734,89.52548104363751,87.65684599298577,88.34200968898334,3525100,48.541622161865234,50.41357191255338,48.45862912516146,48.70760823527277,10737000,119.39783477783203,123.06868888021627,119.1893705497369,121.34656662492871,3027300,100.2816162109375,102.2438837942393,99.95905148940773,100.26369898686406,20226600
2023-02-06,37.25777053833008,37.78976971083417,36.663701526077865,37.355304509175085,7520600,96.72654724121094,98.94021569768583,96.0426543578778,97.69840369491095,11516300,21.11849021911621,21.553099862368402,20.905620293344104,21.4644053287682,7887000,148.10353088378906,148.52258925630403,146.1217126269961,148.03368560143232,7659500,52.97418212890625,54.01358272273642,52.24308025774931,53.38818163870041,7394900,109.6517333984375,110.92685190677176,108.14637568248214,110.53723555281879,2486600,120.2307357788086,122.75600647919899,118.41570749741018,121.08126060833334,1748300,35.613948822021484,36.11594382133281,34.88883862970188,35.753390498292674,7887400,108.50390625,111.30015836330486,106.3694329501622,110.48924269040118,4190100,58.28948974609375,58.573597019355056,57.02047388708127,58.24213913598687,11803100,87.27422332763672,88.53777588685098,85.55685715194619,87.71913677430432,2666300,48.956581115722656,49.22400347970538,48.126650854292485,48.68915875173993,6482100,116.09859466552734,120.34047427955933,114.25863828964145,119.37063783506511,4401800,100.11139678955078,101.32996649202045,98.84801692871602,100.67588173646133,13855200
2023-02-07,38.73851013183594,38.79171141085216,36.80557429837425,37.523776344433664,5262300,100.80294036865234,100.91992728922456,96.65456631504465,97.5544319050236,7370600,21.517621994018555,21.55309946846229,21.038663400979956,21.28701248904513,6624300,151.9886016845703,152.25051819497838,148.07735864645835,148.47896573863434,10256500,54.79754638671875,54.90325055275536,52.72755519093828,53.48508491336049,8170800,113.14945983886719,113.31770740357655,109.08500834993158,110.25387087836846,2524800,125.87750244140625,126.00025790122767,119.68709512020602,121.19524127192152,2406600,36.283267974853516,36.43200785497538,35.437309241740685,35.99508645187654,6368300,113.92863464355469,114.31078539978165,108.848772389783,108.848772389783,5361900,61.177921295166016,61.26315745239332,58.52624734783554,58.715653403920584,12969300,91.011474609375,91.10045592240851,87.63903057134432,87.96826889729125,3628400,49.929412841796875,50.15177585947386,48.863932954266225,49.5124843926152,9109700,121.9266586303711,122.63363634279231,116.68776541252747,116.92342003989836,3591400,102.96965789794922,103.31910189701256,100.37122272755974,100.7027495013493,16013300
2023-02-08,37.346431732177734,39.02223265737506,37.09816593062787,38.924702079886096,5606400,99.69611358642578,101.68481579719185,98.84123712197022,100.99192228555765,6713200,21.420053482055664,21.53535906697236,21.03866094873661,21.420053482055664,9112700,148.41783142089844,151.97113530870854,147.95511807102216,150.58298193745398,9784700,54.022396087646484,55.3172400423853,53.643631272540084,54.87681615134693,7848700,113.91098022460938,114.70792664431644,112.9546364139477,113.15830485275029,4107700,126.51760864257812,127.3681335613809,124.9743949299862,127.03494774963093,2029300,36.51567840576172,36.813158199786095,35.9486064402031,36.34834557834314,6181500,113.30414581298828,114.38536682907039,111.45862319758972,113.80747210207089,3005500,60.54340744018555,61.56619784502771,60.335060443802234,61.08321228297905,7668300,91.42080688476562,92.23055256111304,90.0860666358026,90.54878039052683,3683600,50.689144134521484,51.07827850560368,49.79969919253365,50.0313257004059,7939900,121.56410217285156,124.48265698675715,120.1773370766534,122.03542527760212,4991100,102.07363891601562,103.78502433796137,102.0109183780191,103.08613638999276,18459700
2023-02-09,36.397705078125,37.66564004369807,36.344507185708686,37.399640434510886,5385100,98.9222183227539,100.55097274063624,98.85022743240694,99.53412715984476,5768300,21.60631561279297,21.890142141082602,21.39344571657574,21.473270447385094,6564400,147.05587768554688,148.99404096767486,146.6717352949809,148.61862424175797,10123400,53.1151237487793,54.180948822093306,52.99180558957507,53.96954722350545,5685300,112.6004638671875,114.2386348428646,112.26396870483927,113.95528116274876,2487200,124.04495239257812,126.83326112709665,123.83450869627076,126.4737715425024,1997500,35.00968933105469,36.43201493267726,34.7400971377602,36.31116619463973,13780700,112.53982543945312,114.00319710353803,111.61706422738351,113.24821130377534,2788400,59.852088928222656,60.941167479583335,59.67215154084378,60.60024089782274,6738800,90.8602294921875,92.79115232491158,90.6911602009618,91.79455049581054,2897400,49.883094787597656,50.716951795345864,49.79044557977707,50.45752765163491,7116500,120.20453643798828,121.68194549049956,119.53382171647826,120.33142953370452,3822400,102.45893096923828,104.15239244348322,102.30661062914832,102.70085794328836,17439300
2023-02-10,38.62324142456055,38.694173072904185,37.062704572579364,37.13363960329143,7832500,103.53852844238281,103.8174914326042,100.63196654771328,100.76694775389404,10779200,22.236055374145508,22.315881796203225,21.85466284470076,21.95222884760231,9166500,150.1377410888672,150.8012513388314,149.0988140831409,149.11627873545288,11602400,55.96906280517578,56.10118794204695,53.925496441362995,54.05762157823416,8727500,118.78125,118.8520917887148,114.24748361576995,115.11527188206938,4041000,130.90174865722656,130.97189655763384,125.89506435217089,126.28963458503584,2817400,36.27397918701172,36.34834736605601,35.39083445358682,35.40013269236676,8129400,118.1789321899414,118.4492374055235,114.2548593708625,114.2548593708625,3467600,62.153350830078125,62.28593397109544,60.62863748313966,60.75175556068381,13530700,95.54960632324219,95.68308171076517,92.07928698068635,92.30174369694456,3003300,52.21788787841797,52.273475986184096,50.476055303488636,50.74474293882667,9410700,127.55528259277344,128.0447371841271,122.74239081620657,122.74239081620657,4815400,106.77771759033203,107.18988217108497,104.08072717044686,104.39432991275595,24918600
2023-02-13,37.692222595214844,38.46362552340568,37.60355722484138,38.348357836026516,4536400,101.51386260986328,103.13179432529735,101.34213161830056,102.9962121454349,6018200,22.182838439941406,22.413447916904673,22.005446014049802,22.103012017464142,6351300,149.29959106445312,150.07660146846675,148.21702255464183,149.57024651353066,9442900,55.98667526245117,56.47114077558195,54.96489216996613,55.45816468071734,7606800,118.01972961425781,119.30370507449487,116.21331110998564,117.91347367626857,2936800,129.9722900390625,131.86624288631984,129.0779345661979,129.70047533381884,2778100,36.50638961791992,36.92472175412394,35.47450486402984,35.883538760407404,6827500,119.12965393066406,119.17626097522374,116.64099135388761,117.55443680410653,3499800,61.329444885253906,61.99236061781914,60.903278578399465,61.56620153620429,7835100,96.33264923095703,96.37713649671207,94.09918210933093,95.21146558580055,2608800,53.09806823730469,53.144392837507745,51.180200807306676,51.79169471927212,8964200,127.63746643066406,127.82006373545843,125.15410407787265,126.76097986385712,3072300,106.36237335205078,106.70547529342372,104.64684986792822,106.29013918903681,14536200
2023-02-14,37.65676498413086,38.348364463190286,37.06269607639014,37.33756418383646,4719500,102.63467407226562,103.44815340075668,99.9230579213048,100.32979758555034,7308100,22.66179847717285,22.7504947026201,22.076405757656715,22.120754716250236,6936500,150.44332885742188,151.48224265408714,148.40039060761606,148.8369137113273,8077300,56.32140350341797,56.72659601910985,55.088218678756654,55.42293840192856,8775600,117.88689422607422,118.8698020585991,116.22214602029065,116.53207714768712,2190200,131.41030883789062,132.16438203125202,128.01698615743626,128.3063412248202,1617600,36.21820068359375,36.83175323714707,35.67901985592039,36.032274915132945,5844500,119.90328216552734,120.56506804671639,117.95523006807699,118.25349665610122,3174500,62.82573699951172,63.441305693639386,61.035857422514056,61.60407912493287,12410300,96.05680084228516,96.84874615528229,95.30044941613326,95.65638149574585,2267500,52.644073486328125,53.55204899134659,51.98625503896884,52.264206147143454,7437300,127.5370101928711,129.025205093869,126.14012089156184,126.23141255997191,3030100,105.1163558959961,106.37139517477593,104.75519197730051,105.64907422601355,12079000
2023-02-15,36.62823486328125,37.27550171862461,35.8213675907444,37.27550171862461,5623400,100.91730499267578,101.38731537428188,99.40784048529196,101.07096156973972,7203700,22.103015899658203,22.43119143767686,21.987711986794263,22.342495209152368,9183600,148.85791015625,149.3071083713718,147.5279614316737,149.2014075587242,8885700,50.41091537475586,52.11975876773883,48.79896577006501,51.83788776188942,52418700,113.81359100341797,116.63834504227505,112.02487962128366,116.23987177450535,4344500,127.70132446289062,129.49882587705946,126.14057053120189,129.37607040083708,3966400,35.2792854309082,35.64183877764551,34.684325728955734,35.64183877764551,7489500,119.1719970703125,119.46263532038839,117.44690111920121,118.54384020269178,3048800,59.56797790527344,61.93554453723788,59.359630885622174,61.88819031450261,17780100,94.90003204345703,95.79875903568285,93.65427313332182,95.21147007378086,2626400,51.875083923339844,52.162298584636524,50.9763717743622,52.023324774624136,7077200,124.50586700439453,126.28622902829093,124.06763068881573,125.8845066009765,3976900,104.80034637451172,104.81840147165308,103.05773673363002,104.48433050981902,13663400
2023-02-16,35.590824127197266,36.82329110692141,35.57309037568869,36.54842641445667,4574400,97.94356536865234,100.97153503169072,97.69951607960991,100.22131965573917,6531900,21.82805633544922,22.289273619939536,21.819186544551762,22.08527350451693,7158000,146.70887756347656,148.54967124397928,146.55913584493848,148.13571105600494,6727500,49.08083724975586,50.57827572272479,49.04560253364266,50.21712828298314,17678700,110.81173706054688,113.80473861212404,110.67891038861588,113.08747728603471,2877200,124.29920959472656,127.94681954921502,124.24660202277539,126.9735393300929,2541700,35.86494827270508,36.36694327450656,34.991098160284544,35.23280274100316,8013200,118.60948181152344,120.58770621964392,118.30946602350635,118.69385789896234,2595100,59.18916320800781,60.47711997743324,59.10393066848349,59.19863188456837,12173900,93.3606185913086,95.47841054696532,93.27163727635376,94.73985273404571,2876500,51.68051528930664,52.43098659215405,51.346972488041125,51.88434778660017,5089700,122.31466674804688,124.88932067483854,122.15945834920488,123.97632025956987,2589800,104.49337005615234,105.44141772783419,103.6536667534457,104.11414409884985,11360600
2023-02-17,33.773162841796875,34.801696934371485,33.57809492311912,34.801696934371485,6911900,94.11116790771484,96.41603768323752,93.25248525346375,95.93698656151702,11294500,20.754837036132812,21.6595354815508,20.683880394829817,21.624056315029417,13913800,143.4324188232422,145.1851305337324,142.55165484751308,145.08824595882655,9612100,46.975616455078125,48.27046048214658,46.20046942270416,48.27046048214658,25514600,104.86116027832031,108.58027326595028,103.94909416826823,108.20835723809573,6201900,118.09127044677734,122.12468739338202,116.88125606627015,122.12468739338202,4160500,33.93132019042969,35.21420397413799,33.55017399589359,35.13053756332574,9565100,114.84989166259766,117.19376700265067,113.95922189455347,116.93125410903512,3275900,57.51293182373047,58.355785019940576,56.86895337014113,58.05273676091267,20380400,89.46874237060547,92.19217192329572,89.14516590320984,91.69781708214471,3537600,49.419837951660156,51.01342965320953,49.22527250931019,50.95783801210648,9162900,118.33399963378906,120.46129254733243,117.58533250974882,120.26043131557932,3380200,100.47541809082031,103.10287889063706,100.2045503174744,103.10287889063706,20758300
2023-02-21,33.7465705871582,33.94163516211585,33.25003550595002,33.693369312696014,5075600,95.18675231933594,95.91889328404842,93.55978695596575,94.01172292845675,7200600,20.400053024291992,20.73709663424091,20.373443650451403,20.621792731077775,10038800,141.80300903320312,144.225110119174,141.53877713594596,142.842304139184,7259700,47.32794952392578,47.64505525369427,46.85229092927305,47.28390780816183,11378800,105.57842254638672,105.97689580486572,104.2413124306751,104.86116122294133,4582000,117.67916870117188,119.16099775129648,116.95139937986333,118.64367210412824,2601800,33.838356018066406,34.23809510610107,33.60594973647594,33.79187192475757,6049000,115.38430786132812,116.9218896841673,114.07173609348132,114.07173609348132,3988000,56.65113067626953,58.033788639219175,56.49013788902816,57.33299098133829,11314600,89.5676040649414,90.50237966757838,88.52496736518468,88.92045119715681,2569200,49.475433349609375,50.57797447431954,49.354986551910386,49.38278060740218,7422100,120.69865417480469,121.31036279173411,118.43441700700488,118.58050041945158,3343400,100.3760986328125,101.46861450444241,100.0510517913292,100.0510517913292,14469400
2023-02-22,33.56922912597656,34.0302965911342,32.877629619424,33.45396141409521,5463400,94.07500457763672,95.3404268262791,93.06266539952352,95.3404268262791,7929500,20.63066291809082,20.754836614916023,20.275879718776135,20.559706278227882,10539100,141.2305145263672,142.38431323036627,139.96221220034332,141.1688545946947,6205900,47.20463180541992,47.87407462756143,46.297359683787114,47.3103325962491,13144400,104.1084976196289,107.01294387286681,103.41780695646207,105.2773603009526,3772400,120.37977600097656,124.89545069565524,118.41568877069717,119.95013860902336,3629600,33.19691467285156,33.987098211834095,32.936620754533806,33.70820781793516,7377700,115.11241912841797,117.11877610125505,114.37175356884678,114.99991767573528,3142800,55.32529067993164,56.717420898766306,54.889659323228166,56.10185579367305,17198700,89.40581512451172,90.61023317400137,88.56092034757805,89.27099046856979,2087700,48.55818557739258,49.97573880911521,48.21537930282273,49.253065166957064,9181100,119.3200454711914,121.3377689082163,118.17879477065784,121.1003937777672,3245400,99.075927734375,100.19552980293582,98.0917561223352,99.75310757149825,13973800
2023-02-23,34.68642807006836,35.67062943458605,33.906163185969355,35.40462988853558,7876100,95.29524230957031,96.17199941001533,94.06597561764701,95.81044916603835,6095800,21.881277084350586,22.165103674042605,21.340231590412728,21.455537199812557,15050200,142.62210083007812,143.4235992548509,141.41545851192868,142.90395174668055,6445500,48.44662857055664,48.68445787766858,47.38961054789278,47.91812123930854,11919400,105.84406280517578,106.43734757885122,104.05535157169088,106.2779569338203,3846400,124.15892028808594,124.91299332922894,120.73051766036947,121.70379782534077,2938100,33.68032455444336,34.19161776567568,33.27129069470533,33.92202912092788,5403300,117.6812973022461,118.57197427905699,115.20616536024625,117.0625178932163,2893600,56.082916259765625,56.698481380566314,55.44840656088086,56.3954331583771,12734600,90.19676208496094,91.23040847862572,89.09121516229736,90.82594143032749,2738000,49.401309967041016,50.04986500952152,48.984381472993505,49.64220355664209,6324500,120.90863037109375,121.65729734948955,118.80874069882813,121.06385269102837,2620300,99.98784637451172,100.97201786928265,99.22940835384748,99.97882227090527,11289400
2023-02-24,34.77509689331055,34.93469729765753,33.9504959316404,34.33176318842843,5303800,95.13252258300781,95.40368692596573,93.42420515196171,94.15633922355413,5617900,22.67066764831543,22.73275449690703,21.59744825582691,21.650665312942603,15083200,143.04486083984375,143.21220812250704,140.17356207286295,141.6004086559884,5330200,48.44662857055664,48.613988441412744,47.47769734321257,47.935735238204835,10030100,101.177490234375,102.63857031620691,98.98144165450366,101.66451242442156,8752100,124.8428726196289,126.07042742854263,122.089631080199,122.9138388065588,2199400,34.3868408203125,34.47050723773376,32.797178889308604,33.41073143498482,8757500,117.11876678466797,117.62504474028898,113.94984975089966,115.84369796746103,3218600,55.85563278198242,56.130271384387534,54.93701575244397,55.637817080543215,13116300,91.6798324584961,91.68882259745527,88.17442572829553,89.07324761514353,3005800,49.957210540771484,50.151779520821016,48.36362234605037,48.91952462931626,8458700,121.2008056640625,121.33775015444742,116.73623417086353,118.94569351385206,3012900,99.99687194824219,100.18648144313393,98.43484103037927,98.71474666547232,14351000
2023-02-27,34.78396224975586,35.262763465144964,34.40269499109799,34.819429758088624,4399200,95.68388366699219,95.97312241058275,93.49651523758888,95.06020982462684,7429300,22.51101303100586,22.679535672436078,22.067533642208158,22.661796090866662,9762800,143.406005859375,143.89041532450915,142.613310168497,143.57333973603644,6386800,48.02382278442383,48.68445863889747,47.794800473179045,48.552330123935654,9624200,101.61136627197266,102.0098395157993,100.15028645153347,101.3811338336632,4772200,126.57896423339844,127.37688138850646,124.36058917353994,125.52677269731137,2280900,34.5634651184082,34.78657317986069,34.089354281903944,34.25668710111266,7597200,118.67510223388672,119.61265240387552,117.51253487298372,117.6625463335932,3057500,55.836692810058594,56.49014353864142,55.27794691810668,56.13027238468422,17984600,93.16289520263672,93.77409439449622,91.68882777358745,92.06633134158288,2699500,50.40193557739258,50.52237883122031,49.46616239402051,50.05912575986317,6287000,123.30070495605469,123.63851064097595,120.99994008182051,121.52035698902598,2901900,99.81629943847656,100.45736211835353,99.28358111154127,100.0420260252767,11710500
2023-02-28,34.030296325683594,35.448962836357985,34.01256257150419,35.40463014209337,5287700,93.4151611328125,96.9944930924006,93.3790054286556,96.4069818638384,8771800,22.147361755371094,22.661797817911776,22.147361755371094,22.661797817911776,9116500,141.60043334960938,144.7271482663387,141.16885414744593,144.7271482663387,10854200,47.49531173706055,48.56114012820321,47.460080378807326,48.42020461468724,10887300,100.07945251464844,102.65626707817458,99.76952810559344,102.55886129877936,4907100,123.26456451416016,128.53429951180175,123.2119569395717,128.3764767880364,2517100,33.825889587402344,34.9555969003852,33.75119999030857,34.94626203633567,11298100,115.88119506835938,119.80953241660912,115.82494434929094,119.74390419338265,5774400,55.4578742980957,57.35192733762961,55.401051406366676,56.56589359216569,34364400,92.18317413330078,94.26844071820882,91.56299167014879,94.04373523769085,4104500,49.29939651489258,51.2265312035829,49.290133007540014,50.9485800365751,10634200,120.26953125,125.26364423935736,120.14171175926587,124.9258385705485,5428000,99.23844146728516,100.54765293559012,98.61543387368806,100.43930169233836,18107000
2023-03-01,35.138641357421875,35.54650768137794,33.70223727021675,34.00370441887314,4747900,96.03639221191406,97.32892934293541,93.30670202751699,93.75863799086717,6064700,22.3868408203125,22.546493681489977,21.828057497931052,22.094144472067033,9049700,142.7278289794922,144.08419981709426,141.44190744514214,141.73256121878416,7470400,48.217613220214844,48.49067390565805,47.17821247907305,47.407231443654574,9308100,104.49810028076172,105.09138504119711,99.94662022026239,100.3539503582857,4942200,126.80695343017578,127.27167153827618,122.08084760339861,123.01028381959942,3477500,35.02095413208008,35.16100203377597,33.80721870979133,33.88191187378009,6128600,121.12212371826172,121.85341179675632,115.37493588810193,115.9468421347074,4295300,56.54696273803711,56.906833891421776,55.30636008741701,55.41052998861509,14414200,96.38966369628906,96.57841548230235,92.23711068906218,92.5786605603052,4581100,50.855918884277344,51.10607595353277,49.21600267538522,49.33644945710234,7166500,127.17181396484375,127.60092524837813,120.22388067071296,120.97254765263418,5042000,100.12328338623047,100.99910363729015,98.63348654907125,98.69668971725964,13200000
2023-03-02,35.70610427856445,35.9366363638733,35.005636070237365,35.16523650713135,3778000,97.91645050048828,98.48588734934893,95.6115742577745,95.87369795213772,5458600,22.892406463623047,23.016581847683803,22.253796728020763,22.377970420341843,7973500,143.17701721191406,143.9961348549689,142.3226749164048,142.66617239526153,5582000,49.0632209777832,49.32747463414691,47.74194933579712,47.78599105182982,8660000,106.96867370605469,107.78333414858723,104.06422067276502,104.08193450090693,5850900,129.0357208251953,129.42060160668473,124.9541270614118,126.20724316154141,2394800,35.84256362915039,36.02929299058583,34.647501414469716,34.88091222587243,6917400,121.5346450805664,122.25654848230697,119.89392496859064,120.67210055595099,3054000,57.07729721069336,57.33299484231359,56.11132958433471,56.2533850283304,13858700,95.10433959960938,96.48852609836548,93.79206049604059,95.72452888253342,4644000,51.23578643798828,51.40255781813287,50.077653817173264,50.60576200951769,5668300,127.1170654296875,127.56444072414153,125.39149491005493,126.45057891450749,3473400,100.58377075195312,100.8546385291193,99.47319288854797,99.8795048872406,10339900
2023-03-03,36.48637390136719,36.69030704800147,34.93470556698725,35.0233709760044,4325800,98.1966552734375,98.59436116722414,95.64773646397883,96.05447611280883,7075100,23.362491607666016,23.513274649910215,22.537619770197125,22.688402812441325,9134900,145.2908477783203,145.83691720441362,141.2921713503018,141.68851249631768,6007500,49.91762924194336,50.322821670263686,48.252827903522466,48.36733902631952,10997800,107.82759857177734,108.03126704780016,105.1356778626156,105.39246755225726,4824800,131.36293029785156,131.47034999834557,126.4399530310152,127.10232216195713,3427400,36.30937957763672,36.4681007566006,35.245027013824725,35.43175634607867,5885800,125.1629409790039,125.76297248337218,120.737703269583,121.43149550827238,3651800,58.005374908447266,58.431537569074045,56.16814474250233,56.32913751839494,17088900,95.2930908203125,95.8503628436063,93.61229832665094,94.34034184069829,3755700,51.875083923339844,52.01405773335223,50.207369928465724,50.48532461717187,6726500,128.88827514648438,129.9108312185899,125.19062044329198,125.59234288055676,3703700,101.85687255859375,102.36250484562085,99.27455960769795,99.36485576195132,13006700
2023-03-06,35.599700927734375,36.09623255534463,35.2805000914889,35.96323446182104,6502000,99.02821350097656,99.06436920827254,96.80468922224443,97.2385508138001,6200900,22.75936508178711,23.060931241047687,22.581972626313885,22.945627329207976,9020200,146.35655212402344,146.91143774408582,144.27794854848224,144.74475239287398,7703600,49.759090423583984,50.03215107309422,49.212962404228556,49.46840905584634,8926300,107.06607055664062,107.60622066465578,105.30391637513368,107.14576250908952,3893100,128.48973083496094,130.17248496681697,128.17644494798606,129.78760414482062,2250100,36.2813720703125,36.33738837788997,35.68384104571384,35.97326813237303,5164100,123.68161010742188,124.91918313258128,122.4815470983531,123.95350765350062,3271300,58.412601470947266,58.68724005429836,57.626567652243054,57.825445985515806,12890800,93.45951080322266,94.44821359180354,92.40788389401384,94.44821359180354,4000200,51.2821159362793,51.63418927626515,50.902248541726884,51.3932992232268,6116600,127.5370101928711,128.07567700970986,126.2588014536228,127.0896350444424,3413900,102.75977325439453,102.7868593437064,101.00813955547989,101.11648391272736,14347400
2023-03-07,34.69529724121094,35.404630503794834,34.50909451160883,35.28049760563863,4253600,97.30183410644531,98.44974865291825,96.41603640362607,98.15146920131613,4973200,22.94562339782715,23.096406451623075,22.573100658551308,22.77710076317534,8907900,144.47171020507812,146.73528001628708,144.07536911391534,145.94258439457016,7393000,48.47304916381836,49.626960891617536,48.23521987518033,49.42436631837049,9492500,104.719482421875,106.73842617105093,104.32100241505657,106.08315649501989,3020700,127.76468658447266,128.42704203306496,124.8019379931273,127.52300933969288,2709800,35.3383903503418,36.09464255292093,35.25436232783301,36.00127966638486,5195800,122.07840728759766,124.39414292008097,121.22523324591042,123.34409136469944,3592500,57.62657165527344,58.38419588440412,57.29511376449381,58.071675347994706,12547300,91.4910888671875,93.45052103004652,90.9967340422243,93.24378896029808,3119900,50.06839370727539,51.022693920564826,50.03133261265392,50.97636931945825,6908500,125.04454803466797,127.82006327896164,124.08589477381949,126.93445172602634,3577600,100.77337646484375,102.18190814118732,100.37609547361714,101.8568613099344,11525300
2023-03-08,34.127830505371094,35.10316331503355,33.702227167021455,34.47363025820837,4729400,96.92218017578125,98.09720942701215,95.59348747120909,96.71428661890475,4576800,22.307016372680664,23.140758226422182,22.111886020417703,22.812582683524603,11969700,143.55572509765625,145.58147148827916,142.13769456058517,143.7670998504076,5435800,48.00620651245117,48.95752377732157,47.57458959927824,48.17356638971491,8379100,104.33872985839844,105.88835876796936,103.33810801019126,104.04651249976204,2807500,127.54090881347656,130.27091232241673,125.6612212801002,126.47575345509256,2536200,34.69417190551758,35.65582300503683,34.33938658701364,35.291702824114594,5565200,119.88455200195312,123.53161471762037,117.78443431006494,121.88153144206055,3516700,58.857704162597656,60.2119524787367,57.81597274338776,58.71564872869002,22947000,89.26200103759766,92.27305990014109,88.40812297230342,91.52703607448247,3876200,49.60514450073242,50.27222658430249,48.47480576690365,49.762648863660935,7555000,121.21907806396484,126.00319168025752,118.80875734539428,124.58805207622088,5029800,99.3016357421875,101.50472238193655,98.47998772054153,100.43026859260566,13509800
2023-03-09,32.8155632019043,34.72189970977764,32.75349674651941,34.18103198510808,5388600,95.63870239257812,98.74802454846616,95.23196271576572,97.54587302935866,5191600,22.271535873413086,22.98997202334071,22.209449028470406,22.519883253183817,12826300,141.37142944335938,145.75764398373093,141.0895919425899,144.26033438305723,6214700,46.66731262207031,48.77253817222088,46.55280147561211,48.288072589744935,9275200,101.8327407836914,105.83520727496563,101.27487689671966,104.71947950102216,4649300,125.25845336914062,130.19933650260356,124.94516751497977,128.05111991251738,1704800,33.209686279296875,35.161000588732364,33.18167812473521,34.927589803209294,7695600,120.3626937866211,124.17851548823621,120.24080768827572,120.89708993728912,3370600,57.518524169921875,60.02593607974133,57.33806413408063,59.06665881806567,13331000,90.90684509277344,93.54039349569794,89.9271325276332,90.16981141981164,5194700,48.35435104370117,50.4389897237384,48.27096535512607,49.938679126628024,8844300,120.77169036865234,126.63315119555197,120.63474588278474,122.3420521525759,4912700,98.5341796875,101.33319522973294,98.44389041905401,100.10524189070458,12961200
2023-03-10,31.875694274902344,33.30322935553794,31.70722530118276,32.638228793679204,6513300,94.20153045654297,97.01257261528843,93.64112739637024,95.56637895548256,5313100,21.810319900512695,22.431191818998865,21.606319755656337,22.25379935893428,11117000,140.631591796875,145.03541197003221,139.75082776224357,141.75016588388687,7385800,45.59267807006836,47.27509713847687,45.22272362787945,46.55280225215495,12351100,99.33563232421875,102.6208445186901,98.75119765731218,100.91182508404026,4313000,121.65126037597656,126.8159018074771,121.09629722645558,124.9541331277389,2090800,32.23869323730469,33.573803077953016,32.0706372041066,33.144328131587066,8529500,120.52207946777344,123.7753797629626,120.03454936461283,121.00022491329521,3746700,56.85367965698242,58.002909520537656,56.44527505702255,57.3000762251045,14715800,90.978759765625,93.40557631136323,90.41249754281003,91.1495381321841,4367100,47.25181579589844,49.05850357731562,46.93680354921882,47.965225987918174,8608400,120.66214752197266,124.67934408615216,120.23303617923253,121.22820336504184,3856000,97.31524658203125,100.25872325059989,96.74641805394864,98.92241880401001,15795700
2023-03-13,30.607757568359375,31.7160917645672,30.004823495032916,30.7230252718279,8910000,91.0018310546875,93.62306117106048,89.9985326070551,92.19494179025091,8789700,21.703880310058594,22.209448225761378,20.98544418609718,21.25153113816005,14038100,139.78607177734375,141.75897469736822,135.46151695846558,137.78673357091813,10106100,44.02476501464844,44.98488908473893,43.179152079568865,44.04238237081682,15449700,96.60829162597656,99.45075296428182,94.59820454302059,96.81196011078286,4301400,117.73970794677734,120.55027986376132,114.16832046856823,117.53384181349763,2957300,31.165008544921875,32.30405073684299,30.492784354461893,31.48244735024288,11090100,116.04995727539062,118.52508911734539,114.25924019525928,117.1656442510307,4107500,56.1793327331543,57.129110100591475,54.40324644740532,55.42900774333177,19574500,85.85545349121094,88.37215722062727,85.45997657070595,88.22834930157073,6037700,45.25055694580078,46.779293386713455,44.76877336160006,45.74160403566258,10914700,116.96448516845703,119.02786111659708,114.14331022910733,117.2292491623157,5199200,96.19564819335938,97.38748435975222,93.64945243385516,95.1121563856928,20745600
2023-03-14,30.882631301879883,31.831365276361552,29.951627701289393,30.64323066593103,8129700,91.61647033691406,94.38231656688441,90.04373492144038,91.33627221181145,7090800,22.076406478881836,22.537625512883494,21.65953640492256,21.739362841258995,11055600,141.5916290283203,144.46292853774798,139.05503761015626,139.38971882263323,10035200,44.141353607177734,45.594196840052284,43.325249908460236,43.95301935279147,12442500,96.69681549072266,99.14965980874607,94.49191740707768,96.9093408344756,4556500,118.72431945800781,122.21515271630943,116.7014280901127,117.5338523063456,2618600,31.202350616455078,32.22002173543917,30.530130007957002,31.45443468022902,8145700,119.80015563964844,122.57531034620136,116.52810765674164,116.92187699849067,4528100,57.16709899902344,58.53478074025839,56.04636140467287,56.46426576921162,16825700,88.03961944580078,90.24173764259443,86.0622136250787,86.62846906327054,3521200,45.73234939575195,47.14990283749978,44.88922884353697,45.630433142021424,10345900,120.16909790039062,122.99027948259732,117.83181930552733,117.9139859909844,4717300,96.55680847167969,98.42582436382996,94.76905084549605,96.02409013648143,18263500
2023-03-15,28.41769027709961,29.71222390502609,27.894556361380307,29.322091455921175,12001200,86.08477783203125,89.22121515732796,84.59338747121907,88.05521930782015,10661200,20.678478240966797,21.468217197962968,20.197371685385278,21.286668828389057,17339300,135.46148681640625,139.11665152604283,133.8849119523109,137.0380482411114,14063100,40.46440124511719,42.392560076683544,39.79178817658292,42.23113266654836,23274200,90.69126892089844,94.55199262114785,89.53841302743929,93.09527990652981,6558500,109.86294555664062,113.89978870293889,108.39500383598124,113.89978870293889,5858600,28.39208221435547,29.885909522741834,27.514457335091514,29.708518642860092,23463100,115.02803802490234,116.72500162301078,112.12162663964769,115.67494280845203,6669100,53.94735336303711,55.41950754749676,52.722139698189245,55.22955497384759,30722100,84.17467498779297,85.3880832199515,83.23090921974351,85.01057965571854,6810300,41.9892578125,43.50872731046991,41.43335554448091,43.332692416943296,18103300,113.51334381103516,116.38929652515364,112.0890584201949,115.67715034691331,8770700,91.75334167480469,94.08283471855391,90.48927146345513,92.8368264910309,25733800
2023-03-16,29.09156608581543,29.153632549172038,27.415763119265534,27.637430026215878,7570300,87.13325500488281,87.22364081824148,82.73139624476136,83.16525780327666,10111500,21.34113121032715,21.350208887682438,20.206447511764814,20.297222553927785,10879600,135.89308166503906,136.93239025014333,132.0353441994238,132.25553521565683,12849600,41.495750427246094,41.56749405570083,39.486877514199165,39.827669157350115,14250200,93.37232971191406,93.64043145951139,88.04595438561103,88.79665427910851,6637900,112.3602523803711,112.56612536280319,106.52428906117972,107.42832187241552,3899100,28.942935943603516,29.045637253899084,27.169014419345682,27.598489388249178,15457400,117.34378814697266,118.11257903587197,111.9997476386272,112.75916102256885,6170000,56.07485580444336,56.112847768119835,53.11154785371394,53.75739674376165,22719100,85.43302154541016,85.66671029439534,82.11636664843331,82.22422774159571,5801500,42.78606033325195,43.11033611781952,40.84039855716462,41.081288635080384,16769500,116.10626220703125,116.6631930227244,110.33609980802912,111.61430179430259,7040500,91.22062683105469,91.80751733237345,88.50287680683095,89.48704830386619,27465200
2023-03-17,28.142824172973633,29.07382599407061,27.867957741762414,28.985157221184515,15840600,85.31647491455078,87.6303849569427,84.5120294108756,87.08806315275658,17056000,21.05065155029297,21.66791973264275,20.76924875861655,21.32297493361677,36604200,134.17556762695312,136.8530973756146,132.64304706127845,135.30294432973994,33161800,41.38813018798828,41.657174761536055,40.3926621868829,41.53162085528625,28300500,91.82624053955078,93.70297985845427,90.7895614611701,93.16676959852232,11147800,110.2031021118164,112.78094993767655,108.949979080048,111.98432313919636,6217600,27.96261215209961,28.737535870351522,27.701191437457148,28.597487977746283,17666200,115.93745422363281,117.87818273531369,115.21553660721116,117.38127515059622,13118700,55.54297637939453,56.521245844461355,55.00160360522038,56.01786503204645,21005700,85.13642883300781,86.69138719703753,84.02189136973314,85.63077686437457,10256800,41.39628982543945,42.61927750590518,41.10907168292855,42.57295291113633,20723800,115.37586975097656,116.86405798170672,113.7507230935303,115.95105752872463,13800900,90.14617156982422,91.74431975369019,89.51413984597443,90.83238236188195,43199500
2023-03-20,29.153623580932617,29.384155605002526,28.116221016699203,28.275821411196652,6377600,86.91632080078125,87.57614339252045,85.60570247473251,85.72320333320792,7932900,21.41374969482422,21.622531068097445,20.93264321036043,21.00526289373328,7931400,136.1484832763672,137.2053972529759,133.25076256184062,133.64711706253547,8469200,42.150421142578125,42.43740245964913,41.235666911506605,41.25360367145944,8906600,94.23918914794922,95.09713373694561,91.9692326315552,91.9692326315552,3560600,112.43185424804688,113.5686114869206,110.14938016115731,110.14938016115731,2594200,28.653507232666016,29.064308914431322,28.065311082529274,28.17734903805438,12240900,118.36570739746094,119.35013792412079,115.74994159939395,115.9187009138802,4830700,56.01787185668945,56.540248713625026,55.305538790928225,55.57147530941615,14579700,85.8824462890625,87.06889107474096,85.1993396374695,85.57684323803362,4692800,42.8231201171875,43.12886534262418,41.4148301894097,41.5908651050041,10496100,117.69488525390625,118.78135796210883,115.96930808443851,116.06973868598531,5343700,92.50274658203125,92.52983955715764,89.83917578408509,89.95655112178623,32042100
2023-03-21,31.068830490112305,31.46783154772905,29.82749461805313,29.933893772628217,10832400,90.12506103515625,90.46852985445162,88.5794410043347,88.66078616048561,6770200,21.903928756713867,22.040092157067072,21.549908071130478,21.72238044189219,7154000,140.3144989013672,140.5435061233384,137.81313257697013,138.42086183621535,9753500,43.99786376953125,44.4014288708613,42.93961894234309,43.08310959241503,11184700,97.07217407226562,97.71562225362393,94.97200655446896,96.33935183784816,4177100,116.9162368774414,117.34588838777077,114.8933455669197,115.0186571762805,3064200,29.8205623626709,30.063309792540604,29.054975273503423,29.745870982771216,12423000,120.27830505371094,121.91901785174292,118.79698122086515,120.51269259628694,4607900,57.21459197998047,57.698976858200474,56.511755112146965,56.920159682638435,16959100,85.8824462890625,88.36319011345617,85.50493583103062,87.61717305257027,7228900,44.731719970703125,45.08379333021588,44.02757678601842,44.463035848196284,10486500,120.68952941894531,121.55687704369178,118.79048684731205,120.36997369501087,6393200,96.64710998535156,96.86380561070277,94.01964883452806,94.05576592019155,31592300
2023-03-22,30.45702362060547,31.57422643079181,30.43929324921505,31.068826286972932,8713000,88.91389465332031,91.37242079831141,88.84158323540977,90.38720358926666,5635500,21.33205223083496,21.967475755798738,21.322974554033785,21.885778395977972,8005100,137.46084594726562,140.97508575760367,137.33752608364028,140.80773844484617,6315000,42.832000732421875,44.428338150534714,42.76922378339865,44.11444998433144,8633200,94.48943328857422,97.65307604684442,94.39112727321897,97.29560706549856,3803800,114.5353012084961,117.99034348397109,114.39209087768747,117.22951427334448,1719200,28.43876838684082,30.0539705460582,28.41076023313255,30.0539705460582,9846700,119.05013275146484,122.58469401280006,118.98450452071137,120.25018876255372,3226000,55.73292922973633,57.385539613121175,55.66644511219284,57.26207117946194,13936200,85.10945129394531,87.49132393780391,85.09147101504799,86.06220035148876,3012600,43.91639709472656,45.31541995898992,43.81448084305252,44.98187714781699,11557000,120.30606842041016,123.89415335942736,119.73087370173872,120.66213802452089,3910000,94.43497467041016,96.77350576908874,94.40788858127893,96.43040382571147,14952700
2023-03-23,30.155559539794922,31.272762459952364,29.570359137644644,30.59002809371571,7987600,87.15133666992188,90.1702727387829,86.31977608415028,89.04043273768146,5866400,20.96895408630371,21.60437588807665,20.732939680597248,21.332052506086796,11262200,136.09567260742188,139.83010379329397,134.88021384781217,138.2975828592403,7859400,41.89931106567383,43.5942954464902,41.459869023457344,43.163823494305646,8905800,93.64042663574219,96.12487285422829,92.46076127954434,95.08820054401016,3868300,113.3448257446289,116.97888237051578,112.19016308844763,115.09024889749482,1877900,27.467784881591797,28.886923069406276,27.16901932221679,28.541474278389423,9860600,118.27197265625,122.3503150610294,117.17504051378803,119.3782823046053,3236300,55.54297637939453,56.56873760821686,54.792651438657415,56.08434915356869,15059300,84.07579803466797,86.79922718711698,83.32078410254748,85.6037924614484,2856300,42.13750076293945,44.32405591949512,41.72983931493473,43.95345203269767,12213400,119.03699493408203,123.11810777912629,117.63096653636049,120.56170390886192,3793700,93.36956787109375,96.01507739933106,92.49374743202466,95.13023285474695,14385900
2023-03-24,30.598894119262695,30.74962935399315,29.33982788528978,29.561494761611893,6961400,86.2564926147461,86.68131349594546,84.29509231677824,85.47012160724971,8385900,21.495447158813477,21.531756134980277,20.56954489279736,20.705706583355067,11468200,137.4520263671875,137.97167389673356,133.72639844606383,133.9642084868055,6600100,41.76479721069336,42.14146239836504,40.75139231984161,40.760362412048536,8727600,94.2749252319336,94.83795172189147,90.76273931445553,91.0755348392243,4183200,112.26178741455078,113.22848281987098,109.05737495745448,110.5521751380585,2350300,27.63583755493164,27.897256496840566,26.683521115964314,26.702194406324377,11349900,116.91252136230469,117.67194198108436,113.04981864427094,115.61870450329454,3856100,55.2580451965332,55.65694993493652,54.16579982080663,54.97311272294326,13598000,84.24658203125,84.43533381256746,81.4871989963321,82.36804064248025,3718400,41.29438400268555,41.692781979907494,40.599504303020424,40.96084118135174,19753600,118.01443481445312,119.10090759426552,114.8189401600722,116.8184064371072,4362200,93.47789764404297,93.7668274138836,91.11228730616938,91.61791268123321,13401600
2023-03-27,31.37029266357422,31.71609239852427,30.56342548790156,31.006759175246266,7023400,88.10943603515625,89.03138234089508,86.41015244607576,87.0519006689323,6049700,21.568065643310547,21.831311332899823,21.259431571799162,21.558987966926125,9406300,138.8524627685547,139.58349862523875,137.12617256189841,138.6322717312183,7006800,43.11898422241211,43.4149321990936,41.773758060381425,42.50914808860457,7759600,96.8576889038086,97.52795342234332,94.39112038476478,95.43673139729096,3745100,115.07234954833984,115.77051611556945,112.25283176975417,113.21952026262673,1742800,28.55080223083496,28.700184965034566,27.449103230525882,28.196018682306565,9123100,120.8595962524414,121.81588712880684,118.02819072392259,118.41258972831984,4107400,56.65422439575195,56.85367678385382,55.11558237096048,55.751935124621646,14419700,86.49363708496094,87.06888256985948,84.25556554851457,85.57683487889524,3475300,43.33269500732422,43.48093585661368,41.8873440759965,42.26721147319703,10579800,120.40648651123047,121.52034801476019,116.38015176148517,119.86780573532204,4003900,95.52750396728516,96.14148062112946,93.82101134927943,94.57041845802145,14805900
2023-03-28,31.831361770629883,32.18602670965136,31.033359738687935,31.14862745049461,4842000,89.06438446044922,89.75558350304144,87.70017965830124,87.86388451210718,3792000,21.767770767211914,21.95839852109496,21.450058998333407,21.52267868281508,6008000,140.4730682373047,141.0896004066546,137.9981098784824,138.5265737032928,5605400,43.55842971801758,44.14136251520715,42.76026261678923,42.796136141158215,7671100,98.67188262939453,99.06509986522786,96.57171490243674,96.57171490243674,3283000,116.9968032836914,117.49804971347366,114.09671709402726,114.58901757254228,1117300,29.21369171142578,29.335064523642444,28.420094767600556,28.485449495777438,6983900,123.3534927368164,124.42229944505384,119.06888124564225,119.11576161911997,3913200,59.08565139770508,59.218619654486865,57.51852085591693,57.60400096714998,21795500,88.78561401367188,89.7653333162503,86.29588070926121,86.42171520941389,3350700,44.13874816894531,44.35184413879849,43.091795330675225,43.332688885702396,6816200,124.18631744384766,125.12670673479575,119.95912116327871,120.15085737570676,4099700,96.71932983398438,97.19786909305903,94.97672031839656,95.20244690389431,11047600
2023-03-29,31.840229034423828,32.354497795761546,31.66289486215675,32.25696383189626,7361000,90.71963500976562,91.21984629908619,89.73740571730286,90.61959275190151,7596300,21.885778427124023,22.067326769236455,21.69515067680768,22.031017793369895,6091500,141.67971801757812,142.0848754293623,140.3321499783171,141.46832978890018,7569700,44.65253829956055,44.76912209611302,44.16825609190823,44.36555701082291,8150400,100.70054626464844,100.87034879916571,99.3153301340028,100.11964895765887,3949600,118.85858154296875,119.14501590220576,117.54281638629237,118.53634971779809,1343200,29.269712448120117,29.605822763602603,29.054974955854064,29.605822763602603,9118500,125.70671844482422,126.6911489056758,124.6941626255951,125.64108307135719,4418800,58.971675872802734,59.77898517196621,58.60126328558389,59.54154083419895,13107100,90.13385772705078,90.86190126109818,89.20807228067773,89.65748322415722,3053600,45.120849609375,45.21349880940168,44.5000886593069,44.7039211405741,9569700,125.035400390625,125.9940535845899,123.04506623115836,125.04453931052737,4453900,98.38068389892578,98.5612693183104,97.0534103431238,97.56806673326851,14219100
2023-03-30,31.37029266357422,32.43429418967503,31.272758711179566,32.36335917616343,6746500,90.26488494873047,91.72913200022437,89.91928889471932,91.50176453183965,5461100,21.822235107421875,22.06732544109214,21.50452336360965,22.031016467410875,7305600,143.02728271484375,143.57335216025967,142.3138659388923,142.9039762775113,6322400,44.70634841918945,45.432771783739184,44.509050906947365,45.334121317074604,6603000,101.46912384033203,101.69254537243997,100.62905669775532,101.65679710910861,4455600,119.3150634765625,120.2817587809659,118.50947722725654,120.27279917261188,1753100,28.99895668029785,29.801890385173174,28.79355582172225,29.77388044868344,8661400,125.57548522949219,126.82242880308117,124.69418568831787,126.58804123599786,2936000,59.190128326416016,59.67451683793802,58.61076352245727,59.589036725499625,8311700,89.87321472167969,91.16752066608596,89.59458208099646,91.03269598729896,2336700,45.15791702270508,45.889854287763136,44.92629045588319,45.76014397583743,7353600,125.09929656982422,126.19489406967925,123.6932684011332,126.03968570090028,3254700,98.85920715332031,98.93144130934543,97.98338695524362,98.91338621465329,11578200
2023-03-31,31.973230361938477,31.999829303827216,31.388029963810325,31.707227413579144,6416300,90.22850799560547,90.8560444473335,89.9829541755015,90.77418854816239,7708800,22.276113510131836,22.41227522179431,21.958401695326,22.06733037209994,7829900,143.70545959472656,144.19868529173192,142.8158793403348,143.30030223539086,7041400,45.387935638427734,45.60316992933394,44.94849354443922,45.13682782534137,7652500,102.4432373046875,102.72028463784375,101.42443567510384,101.88021750463884,4940100,120.9888916015625,121.37378606104538,119.44934107951465,119.5298956205895,1946000,29.54046630859375,29.596486175229796,28.718861186543037,29.101654704641792,10579600,126.4098892211914,126.47551029303872,124.56291426982465,125.80985769372424,3143300,59.29460144042969,59.81697826879151,59.0381611160092,59.256609476120026,9618800,91.12255859375,91.18547585026975,89.12717980520948,89.76534250918596,3920500,45.491451263427734,45.84352459555474,45.04672872858651,45.259824722301644,8154000,127.45487213134766,127.66485834024876,123.34636998582647,124.7797734901085,3330600,99.01271057128906,99.47318783566966,98.4619371638109,99.03076566673145,14418000
2023-04-03,34.75736618041992,34.99676680788739,33.87956387970587,33.90616620433651,9725600,98.60472869873047,99.25954816219844,95.50343982815103,95.61257177959239,12394300,22.8026065826416,23.23832474967161,22.54843678617905,23.05677464771406,12704900,149.68585205078125,150.69873880196917,148.77866612751657,149.5537428151187,12868200,47.809349060058594,49.02005149144398,47.44165396880847,47.89902945457315,18907000,108.50243377685547,109.25312683571107,106.79549003572575,107.84110114696773,5011800,129.2773895263672,130.50366782043224,126.63688600272857,128.07797640359382,4018300,31.83723258972168,32.38808223565839,31.277048078611855,31.277048078611855,23958200,127.1693115234375,130.1600990201726,124.62854412755765,128.66001294281372,4745700,61.9064826965332,63.13169624335278,61.44109386356663,62.438355648495005,24486500,92.49776458740234,94.36730891897214,91.83263144714111,94.36730891897214,4212300,48.484073638916016,49.855302461399354,48.150530824247475,48.42848199169097,20003400,126.47796630859375,129.88345449249596,124.67022910274984,129.57303764598112,6276100,104.85450744628906,105.50460109257416,102.13676440922006,102.38054608226274,28087700
2023-04-04,33.78203201293945,35.10316813937496,33.241167653257634,35.10316813937496,8775300,96.67664337158203,98.92302796896314,95.59437207961295,98.52286597173826,5425500,22.775371551513672,22.866146594535394,22.448582089191458,22.866146594535394,7615500,148.88436889648438,150.7339790231924,147.72176718437234,150.7339790231924,7521400,47.29815673828125,47.997673297718805,46.186101526349006,47.80037235179035,10252700,106.9027099609375,109.4943936199083,104.80254263839711,109.25310142661766,3631000,126.78904724121094,130.55736890114974,124.62293869629792,130.4052057751204,2252100,31.024959564208984,32.11732383542776,30.698185906167247,31.97727594680087,13291500,117.96256256103516,126.07237299359325,117.1000181179937,125.89423617166113,5256800,61.574066162109375,62.571328012803,60.700269132800265,62.52384349394672,16176400,88.33621215820312,92.5067450803531,87.64412233659289,92.00340702827292,4202300,46.751502990722656,48.66937058246324,46.288249880942985,48.51186622162171,9378100,116.34364318847656,124.89845958659838,115.74105957093245,124.67020948279658,8945000,103.85230255126953,105.36918574611752,103.08483340434826,104.97191157056847,16365500
2023-04-05,33.68449401855469,33.85295959692132,32.93969331138679,33.59582525438738,6756200,97.9953842163086,98.11361280838061,96.33105259170765,97.23143281146513,5806800,23.06584930419922,23.07492698124688,22.53027847811624,22.87522328036792,5770400,149.62420654296875,150.1174322785601,147.7393719451627,149.07812367336973,6478100,48.00663375854492,48.06044403349874,46.72418461805042,47.351957474830925,8297200,107.572998046875,107.78748080122774,105.28515700007173,107.26020245801763,3263400,127.9795150756836,128.6866413416363,125.8581635937086,127.39771408141904,1985100,30.86623764038086,31.18367639027825,30.296714863073895,31.05296338373735,7919400,124.42229461669922,125.06919224441496,117.2500269293793,117.66255131056445,6391300,61.32712936401367,61.906494185447244,60.39634790222873,61.13717677341083,12056100,93.86397552490234,94.0527273095197,88.22836497500143,88.44408032064023,6353400,46.97386169433594,47.40005366767679,46.2419210003329,46.862681947886244,9102100,123.33721160888672,123.91240627653423,116.09712565712314,116.50797302060873,8034200,105.63101959228516,105.64005058525393,103.21123012384699,104.15025362235141,16479500
2023-04-06,33.75542449951172,34.17215922100634,33.29435708862494,33.498290165722814,5085000,96.6402816772461,97.98629335723014,96.30377528789745,97.22234190729951,5087800,22.639209747314453,22.993230508922636,22.602899037718778,22.88430011152554,5166600,147.66009521484375,149.21024862392593,147.20210756160907,149.15740492850605,5803200,47.45060729980469,48.006633115869796,47.280213229695626,47.73758858687615,6239500,106.67931365966797,107.48362570595879,106.25928009604094,106.93848345038006,2843200,125.80443572998047,127.49614901053565,125.5806640597592,127.30817479805668,1683600,30.53946304321289,30.99694970079438,30.352733722535433,30.903583259672875,5832700,120.6439437866211,124.74104758017373,120.36269019249957,124.64728684488011,3280100,59.87396240234375,60.91871599253508,59.80747828059228,60.83323951295139,10480900,92.43485260009766,94.6819076344151,92.09330270356979,94.20553306433465,3808300,45.973236083984375,47.10357476494902,45.86205633097919,46.955333916161905,6734100,121.05472564697266,124.12240769911804,120.4430170206374,123.7206852743531,3170500,103.87938690185547,105.80257510627607,103.62656731652812,105.51364532595989,15778000
2023-04-10,34.65983963012695,35.023373242411665,33.985973683831666,34.09237285801118,5791900,96.35833740234375,98.23185019774026,96.04912095321038,97.34966324542862,4374700,23.283708572387695,23.546956015010903,22.866145812710734,22.875223489841524,5659100,148.22373962402344,149.44800081499335,147.36059483023627,148.39990314223226,5923500,47.88108444213867,48.90345581624898,47.62100655333176,47.62100655333176,6996900,107.572998046875,109.69102973496146,107.27807999821259,107.84109978524498,2975900,128.16746520996094,130.79006265346823,127.3260815368549,127.3260815368549,2581200,30.894248962402344,31.445098509632704,30.576810179904072,30.726192926869988,6514000,123.04407501220703,123.72848255029255,120.69081520608015,120.69081520608015,2765700,60.8712272644043,61.23214729724861,59.99743383602806,60.02592962042334,11531400,94.3403549194336,94.78976591287076,92.57866464805602,92.58765478801567,2887700,46.36237335205078,47.214757401040885,46.07515514371324,46.149277339803255,5278400,123.34638214111328,124.23199380536828,121.39256148550892,121.43820036882022,2369600,103.41889190673828,104.89965773744795,103.08481408459662,103.63558749721007,13006600
2023-04-11,35.3957633972168,35.83909712743665,34.70416386043156,35.12976383555847,5135600,97.08592224121094,97.49518096463785,95.93998810142799,96.49476535504562,4812200,23.56511116027832,23.71942821869142,23.29278775432108,23.419871779582458,7235300,149.04290771484375,150.02935924355128,148.0300343372883,148.91079847060405,5469600,48.69719314575195,49.154572020184986,47.9618030153768,48.21291083908904,6427300,108.74372863769531,109.57485701183543,107.75173648732537,108.98502089289802,2184200,129.93975830078125,131.0228194148225,128.60607395766198,128.64188508063978,2228100,31.491785049438477,31.949271789478836,30.89425396482216,31.090318184168225,7355700,123.93475341796875,125.0129303402828,122.90344255724085,123.7472462539854,2582900,61.13717269897461,61.631053749363815,60.70027234961003,61.156165058278425,8979000,95.68858337402344,96.47056093430773,94.52910224289869,95.0953644566266,2484100,47.38152313232422,47.62241670642057,46.27898210510906,46.63105542568196,8081100,124.8163070678711,126.07623831067393,123.54723690385863,124.66108472013053,2476300,104.15025329589844,104.91772236873679,103.27443297366214,103.79812034614167,11758500
2023-04-12,35.14750289916992,35.78590464946554,35.07657125045288,35.60857045412026,4384100,97.7952880859375,99.21405877679524,97.68615614892016,98.65928857331433,8108200,23.383563995361328,23.928212566505678,23.374486317180082,23.646809737057215,6081400,149.57138061523438,150.71636330626714,149.2631077741748,150.12625291398865,6157900,48.91242599487305,49.549165582198754,48.66131477508552,48.90345590429822,7277200,109.30674743652344,109.81614825350242,108.59180262965475,108.71691814131387,2805100,129.79653930664062,131.64937564345138,129.16998124272206,131.57776705644048,1486200,31.361068725585938,31.771870366214117,31.071638111455485,31.603814340146812,7510500,122.08778381347656,123.8409980467686,121.88152163239747,123.46598370255947,2411700,61.583560943603516,61.93498117772403,61.02319577575791,61.545576225636225,9185400,95.30208587646484,96.59639161930347,95.14928779778721,95.87733134940046,3192500,48.159786224365234,48.38214924149181,47.02944766145729,47.548292345192465,8400500,122.08642578125,125.309316373849,121.77600896033425,124.73412161117197,2968700,104.04191589355469,105.26986235904477,103.77104119625808,104.88161918881852,10919000
2023-04-13,35.8834342956543,36.06076508723106,34.91696659914156,35.2627663780315,5806600,99.1686019897461,99.95074668456284,97.42242138961309,98.16818645458895,7160100,23.365406036376953,23.48341410819844,23.129391624123866,23.28370867323589,6521200,151.57066345214844,151.9053580504902,149.5713389815047,149.95006102540412,6856600,49.52227020263672,49.764411371210166,48.777909933938226,48.78688002597117,6567500,109.13131713867188,110.2200201877967,108.78041313377163,109.52721165274923,2912800,130.44996643066406,131.48825682842443,129.34005378581597,129.5280280395666,1663400,31.566471099853516,31.846563287431206,31.24903233751469,31.38907665052084,5582700,122.33154296875,122.91283380591578,119.72515462372915,121.37525208938635,2495400,61.51707458496094,61.906486769140656,61.279630252039446,61.498082226666654,7697000,95.51780700683594,95.58971440968024,94.14261050040875,94.90660779759415,2765300,48.076412200927734,48.45627964934467,47.955965390159115,48.122736809887634,6544300,121.5477523803711,122.20511380813205,119.10090397008732,120.96343265917037,3223100,104.52946472167969,104.63781596318508,103.04869886424973,103.47306594935992,12399700
2023-04-14,36.158294677734375,36.28242756976823,35.61742703470033,35.9720953396836,4164400,98.67747497558594,100.05986604202981,98.33187894365098,99.56875844775004,5052100,23.383563995361328,23.51064802711865,23.138471878637862,23.365408638998833,5307300,151.87896728515625,152.26650564897898,150.80443398160924,151.93181098215138,4930700,49.952735900878906,50.275590751269,49.41464334319965,49.55813400769666,5969300,109.41921997070312,110.29198352968079,108.78039466346685,109.32024635898895,2442400,131.34503173828125,132.91143351651138,129.84127892905173,130.87958281424122,1531300,31.398418426513672,31.827893397413373,31.071641204821116,31.68784550789288,6845800,122.61280059814453,123.55035069558004,121.35648690099195,122.3221623568802,2402600,61.24164581298828,61.726027037060554,60.82374146636026,61.488582703063,6763400,95.50883483886719,96.08408041362769,94.61001277112037,95.44591756842364,2111500,48.623043060302734,49.24380402801049,48.07640428219493,48.54892440504331,8037000,120.38822937011719,122.61595250237843,119.56653460946086,122.22335509893236,2463400,104.78227996826172,105.33305336812248,103.94257682491896,104.64684264411706,11530800
2023-04-17,35.01449966430664,36.45090000985503,34.996765909130986,36.19376563335999,4516200,96.0490951538086,97.94079378685912,95.96723927303943,97.13136631248038,6278800,23.310941696166992,23.60142043994392,23.2020113015557,23.53787843116645,5864400,150.54019165039062,151.9670251281973,149.92365949574534,151.83491589484223,7006000,49.5940055847168,50.39217258850653,49.39670806694819,49.854083473010824,6132100,108.67242431640625,109.7431351257876,108.528467064114,109.31124963973701,3574400,129.4295654296875,131.8910542948874,129.2684426927448,131.3450507639254,1255500,31.22102165222168,31.66916987939437,31.034295895407194,31.35173466818354,6513900,121.22523498535156,122.50030373770183,119.65015047673887,122.07840903928087,2875200,59.77898406982422,61.175161532663736,59.693503964879476,61.14666212582716,8514700,93.40557861328125,95.45489163262502,92.99212132494588,95.16726887302357,3326700,48.23391342163086,48.873201419014585,47.622419478899275,48.45627292752928,7374800,117.13795471191406,119.39306682607649,116.48971829479895,119.21959452017467,3525900,103.5633544921875,105.19761965263834,103.31054181904692,104.27665132776484,13260400
2023-04-18,34.952430725097656,35.0676984455073,34.47363285256539,35.01450056098595,5017400,95.44886779785156,96.13097025549807,94.6758197335932,95.48524742823732,7745300,23.383563995361328,23.546958739843642,23.220169250879017,23.229246929060267,5573200,150.1878662109375,151.83489042767698,149.84436882243594,150.45209807272118,8045600,49.52227020263672,49.737504516199074,48.86759374882899,49.23528883716176,5329700,107.07086181640625,108.46548503127825,106.71095838696311,108.19555574304917,4416900,129.5011444091797,130.08295899133128,127.79153909704416,128.87458641588867,1365300,31.63182830810547,31.69718303828531,31.01562402243432,31.118325330307123,8243600,121.00022888183594,121.57213508721989,119.40639637194192,120.14705474979279,2960600,59.83597183227539,59.98793606025824,59.123638834272114,59.62701966013161,7936600,93.75611114501953,94.23248565965385,92.71348129633314,93.14491197252511,2932200,48.33582305908203,48.83613721704206,47.724329155244355,47.91889812845574,5551200,116.05148315429688,116.64493481638947,114.16157257637396,115.04718409225423,3828000,105.58586883544922,105.82965051447822,103.20219666628918,103.28345492975598,17436100
2023-04-19,34.393829345703125,34.588893874191804,33.755427733713255,34.207630002995316,5545200,95.73080444335938,96.23100872945524,94.13013546270219,94.44844854270951,4717500,23.329097747802734,23.33817369385089,22.847991231923338,22.956921629790536,6998000,150.32876586914062,150.38162298866618,148.9371708275959,149.2542463478011,5506800,49.19043731689453,49.28908778688263,48.38330363906742,48.58957124854837,5112300,106.89090728759766,107.0438640051819,105.02841452849889,105.78420550803506,3047400,128.59715270996094,128.63296383981822,126.94124988958522,127.74682275809835,1250800,31.84656524658203,31.94926655271047,31.11832480176674,31.398417006575265,8736600,118.4969711303711,120.38144191286125,116.92188648267123,119.95017682514994,3835500,59.33258819580078,59.4560566342979,58.30682698817266,58.886191712135265,7742200,92.6325912475586,93.83701626902301,90.59226836621028,93.75611872477997,3676700,48.762020111083984,48.88246336696286,47.86330800635714,48.10419805245541,7791400,113.57726287841797,115.03806227609736,111.56865761167295,115.00154142045025,4409200,105.25178527832031,105.54974600539032,104.52945749547695,104.80936312785859,10682600
2023-04-20,33.64419937133789,34.03686253368626,33.24261011194264,33.724517223216935,5916300,94.38480377197266,94.49394267948344,92.87508704762347,94.08467698034754,5351600,23.202009201049805,23.410792294204235,23.102158224034795,23.202009201049805,5719000,149.59779357910156,149.78274652123454,147.9859936006862,148.6377504588232,5851100,48.446075439453125,48.56266265714566,47.952826563028,48.239807851896686,6705700,106.40504455566406,106.4590276672832,104.70450789379207,106.09912423911948,2690100,127.04862976074219,127.68413377622751,125.04363029851862,127.1023327865081,1555000,31.622488021850586,31.687842748184167,31.14633164976799,31.277041102435156,7708800,117.84069061279297,118.45009253950171,116.64062746372754,117.25002939043627,3061000,58.91468811035156,59.14263626948568,58.41130727211811,58.458795415196406,7769000,91.0057144165039,92.3629373614728,90.42147882900339,91.41917165416685,3784400,48.15053176879883,48.382158335268954,47.63168698754302,48.13200121936031,8134100,112.25341033935547,112.57296609156714,110.33611065429105,112.03429216651296,3966600,104.41209411621094,104.44821119835224,102.23609330407291,103.9516099296957,17038700
2023-04-21,33.22476577758789,33.813762302248975,32.96596339746024,33.67990146737224,3390600,93.00239562988281,94.76676255006215,92.42942514155807,94.67581694612794,5279000,23.111238479614258,23.33817523639628,23.020465162013487,23.28371089955781,4034700,148.95480346679688,150.24952762270794,148.70819062180354,149.58015182049633,7179000,48.096317291259766,48.58059607889017,47.7465590586596,48.58059607889017,5510400,105.5502700805664,106.66597136288448,104.84846219095175,106.66597136288448,3149500,126.28778839111328,127.29924080606543,125.23159256426494,127.01280648546512,1342300,31.183677673339844,31.79054348734862,30.84756562296432,31.7718701999316,10337000,115.81555938720703,118.1875599277132,114.99051789792557,117.78441311015693,3256300,58.76272201538086,59.29459862108697,58.35431747625372,59.0286621297904,7825200,90.01702880859375,91.63490436846924,89.41481968670901,90.93382427344307,3111000,46.14000701904297,47.94669477541966,45.482188480027745,47.937431268737164,15776000,109.22225189208984,111.83343398894829,108.35490416693841,111.78778814141685,6644600,104.74618530273438,105.53170955132789,104.06900542573723,105.17957656637978,14315300
2023-04-24,33.7780647277832,33.965475343559945,32.96596340711405,33.037358575849765,4042100,94.26653289794922,94.5393696363489,92.55672547368495,92.72043029220593,5215800,23.329097747802734,23.401717435917554,22.956921629790536,23.093083328582082,5065200,151.03341674804688,151.8261124630704,148.47920635822135,148.93720743094207,7177600,48.84965515136719,49.18147670128254,47.88109051344656,48.00664442849087,5473400,107.2328109741211,107.70068059645986,105.43330080967172,105.70323008017374,1939500,128.43597412109375,128.90140929390373,125.54483472762114,125.87602603889142,1934300,32.18267822265625,32.50945187720125,31.286378155853626,31.32372473396326,10320400,118.60948181152344,119.66891099825307,115.33742635287436,115.60931677841182,4208000,59.608028411865234,59.90246071207306,58.6677508087823,58.76272710014572,7560200,90.50238037109375,91.09559926619637,89.39682640378994,89.49569736255155,2897800,46.529144287109375,47.23328747112031,45.73234835892541,45.87132217367373,10252300,109.56004333496094,110.82911327967304,108.01707049565546,108.25445253992706,5268600,106.72354125976562,107.34654892411442,104.62879853941145,104.66491562459699,15831300
2023-04-25,32.3769645690918,33.376476434127056,32.341270391583144,33.26938368867478,5243800,92.8477783203125,93.13881534808944,91.38353817186147,92.40214001426219,5355800,22.829835891723633,23.301864730468385,22.748138526118197,23.138469999257516,6309700,148.84030151367188,150.0821684422428,148.3470624233036,150.01171915443837,5807200,47.71965789794922,48.212906834018476,47.21744229224404,48.069416172233105,6242700,104.97442626953125,106.06312912092964,103.97569755555841,105.26234762804499,1988900,124.71244049072266,127.29029474207235,124.22908598962452,126.93225184164038,1444300,31.04363250732422,32.49077857354799,30.64216569674033,31.809219550399135,15761500,115.45931243896484,117.8969416102588,114.85928086304449,117.36253826442535,2884900,58.24985122680664,58.90519634587604,57.575506501346226,58.762728282850226,9709700,89.27099609375,90.13386434569613,89.02831718373625,89.49570158199016,2738500,45.36174774169922,45.99177231041791,44.45377198897901,45.76941277695311,9312100,107.59710693359375,109.28615645607384,107.11321778578692,109.10355914334555,4058300,105.20664978027344,106.30819668085564,104.40306364236591,106.13664915061827,12179800
2023-04-26,31.56485939025879,32.5732938234797,31.207893829298815,32.21632485821138,4914300,91.37445068359375,92.88416725354844,90.62868557196919,92.15659542733479,4295000,22.412273406982422,22.829836186454283,22.32149836276116,22.630132474279474,6028500,146.189208984375,148.80507921159167,145.52863596617672,148.15332243484718,5927400,46.81387710571289,47.82728190186048,46.22197765561794,47.280222645346406,6955900,104.065673828125,105.56826313506242,103.1119287939162,104.26361417563079,2212800,122.56422424316406,124.77508964656732,121.55278548555611,123.53091958884947,1607000,29.615163803100586,31.09965852162546,29.409762925338903,30.698191631687585,10696500,114.87801361083984,116.08745410874496,113.74357883829467,115.69368478001483,3425100,57.233577728271484,58.25933893746581,56.910653305722846,58.24034295694968,8470900,89.2260513305664,90.25071465521697,88.37217322706937,89.45974695601072,2716000,44.26845932006836,45.55630220428028,43.95344711186011,45.25982054177136,9098500,106.49237060546875,108.2270728320088,105.73457856964559,107.4966696948423,5711800,104.24053955078125,105.72130547333512,103.54530466427435,104.7642269081459,15566100
2023-04-27,31.82366943359375,32.10924331330524,31.28821926021199,31.60948732165554,4060700,92.06563568115234,92.70226179868342,90.77418322476827,91.35624337185506,4196700,22.83891487121582,22.98415425581894,22.439505697862227,22.466738731746574,5944000,147.0435791015625,147.4311174961745,145.3877515601226,146.58557795889422,6417200,46.85871887207031,47.2443507077667,46.09642529234726,47.09188993916953,6360400,104.22762298583984,104.88444720087986,102.86899778604169,104.05667419214461,2827900,123.57569885253906,123.96059333295588,121.2663729438659,122.53739474018506,1543300,29.87657928466797,29.941934016927917,28.74687198524225,29.129665514864428,11327500,113.84672546386719,115.38430727894568,113.04980919371343,114.87802929306267,4610800,57.53750991821289,57.76545443867526,56.95814519210906,57.27156981352302,8172100,87.8508529663086,89.40581791272722,86.58351761885176,89.08224147136227,3132800,44.43523406982422,44.7409827955604,43.527258467679346,43.907125847498534,9231400,104.66637420654297,107.04017405544084,102.39300496744363,104.91288823628147,7742700,105.48655700683594,105.64908043536957,103.72588538295011,104.3940410828268,16279200
2023-04-28,32.88564682006836,33.064131344522,31.547017993129742,31.734428616176103,3844700,93.57537078857422,94.33932922154987,91.23803309009723,91.46540059749269,6638200,23.238327026367188,23.492495116340898,22.748142741891733,22.80260881664918,7271900,148.4792022705078,148.79627785990937,144.48934227685066,144.88568340375446,10036300,47.91695785522461,48.45504697058018,46.58069831520003,46.74212573402413,7666400,107.49374389648438,107.7366747553288,103.56181160161286,103.93970709963162,2715900,127.2813491821289,127.94371837758248,122.8506719420372,123.45932445304186,1670900,30.576810836791992,30.744866875934733,29.48444836314704,29.66184104677358,8328500,114.38111877441406,115.47805073775817,112.27163092816463,112.96541603921901,5342200,58.43980407714844,59.04766105232416,57.31906642050069,57.65149069469035,9727700,88.98336791992188,89.52265968733712,87.01494576851603,87.20369754423801,2710500,45.72307586669922,45.98249998511698,43.90712470947681,44.407438865346364,8623000,104.69376373291016,105.53372250566922,102.80385301138183,104.53855532252572,4042800,106.84993743896484,108.27653116911513,105.48655376834239,105.86577279373556,24381900
2023-05-01,32.930267333984375,33.09090305009621,32.10031726884285,32.260952984954685,3412400,93.24795532226562,93.6845039628077,91.97469597094863,92.38396162246406,3644900,23.09308433532715,23.26555502000001,22.85706990581743,22.9024565635966,5181600,147.29898071289062,148.61131051190256,146.52390406852908,147.71294088072986,6099800,47.74656677246094,48.19497553717903,47.10982372653484,47.25331439440114,5921700,106.7469482421875,107.63770390020635,105.7752110527559,106.03614086461737,1800800,127.03966522216797,127.40665409458497,124.7840562798655,125.26739715094719,2382500,30.39008140563965,30.67017361607262,29.951271581868745,30.08198104263309,9324900,114.8124008178711,115.26242807756564,113.27481900607067,113.85610272631352,4173200,58.097877502441406,58.772222159906086,57.7084689422976,57.91742111416944,7337700,88.44408416748047,89.51367766016705,87.70705041847927,88.26431565707317,2546600,45.537784576416016,45.93618255519487,44.898492988247604,45.2505663604026,5053300,105.36939239501953,105.89892739789926,103.57078027253256,104.48378078419977,3054200,103.5362777709961,105.9109260698891,103.33763725594945,104.72811397264663,17355000
2023-05-02,30.663516998291016,32.40373470722378,30.23515629220589,32.269870497187306,6988900,89.7101058959961,92.21114799596066,88.65512447286457,91.74731642731183,8100100,22.067331314086914,22.811683652246654,21.767774843086283,22.729988006873914,8892200,140.95745849609375,145.66074826480718,139.55704702265376,145.60790457741572,10701700,45.47761535644531,46.984269055062505,44.80500222031576,46.76006467635265,9588100,100.42167663574219,105.58626946983499,100.00779007485129,105.0914082373857,5640500,120.88147735595703,124.75720491215183,117.757619448065,124.75720491215183,5074300,27.878585815429688,29.867244997494108,27.813231078011015,29.82056355099021,12164500,109.66524505615234,114.78426815058899,107.40574570218746,114.38112128943484,5342400,57.024635314941406,57.50902018924513,56.11284989089133,57.50902018924513,12442900,85.14540100097656,88.25532393004477,83.68930706460583,87.99466475799568,4207200,42.78606033325195,44.98187922929469,42.54516672099521,44.805844308292436,11963800,101.14219665527344,104.52030276414155,99.0331676796552,104.24639982144048,4598300,99.40999603271484,102.87716028742783,98.67864403269425,102.87716028742783,24324100
2023-05-03,30.493953704833984,31.18111670073622,29.806794113239857,30.012050061993804,6656500,87.39096069335938,88.74607586089576,87.03626798204577,88.06397342549192,9085100,21.8767032623291,22.185337383888328,21.62253347651856,21.71330852369304,6105100,138.13021850585938,140.5435166826057,138.0509529720175,139.2928199870493,7538100,43.953025817871094,44.975400679921385,43.827471910537035,44.39246791462768,9470800,99.89080810546875,101.90626447043543,98.10029737991731,98.37022665554629,4982000,115.26927185058594,119.01074160920386,114.8127825198823,117.82027457954997,3241800,27.215694427490234,27.897253423500725,27.159676343364346,27.355740528196353,9849200,103.1961441040039,109.47772721006527,103.03676229616765,108.16516273030793,6634900,56.00837326049805,57.0816190913045,55.979877475379816,56.274309767513714,11639200,86.24195861816406,88.17442707591564,83.62639045334389,84.44431481699364,6286000,41.94293212890625,42.68413631189523,41.76689723992772,42.128234058238576,9217900,97.7458267211914,101.5347800117912,97.57236137095488,100.19266822517223,4871900,97.45067596435547,99.14813730632423,97.29718354862693,98.48901957354718,16212300
2023-05-04,28.78943634033203,32.02891836460989,28.55740889098846,31.056181488088264,10315400,88.54597473144531,89.60095602517411,87.13629385434785,87.49098649901303,6840000,21.913009643554688,22.27610978919014,21.813158661755768,21.994707003183684,9054900,137.59295654296875,139.33686554287755,136.88834263774132,138.37683598469377,7500400,43.262474060058594,44.616666865678305,43.09207655992014,44.06064102043249,7220100,100.15174102783203,101.87927608941574,99.35095951366411,100.31369722533717,4518100,112.77198791503906,117.38168646005238,112.71828489045467,115.66312138364593,3582300,27.094322204589844,27.477115719213806,26.58081744978448,27.141003645579953,10565800,98.4990234375,103.58055104618205,97.91774688126434,102.69925155390152,7334100,55.751930236816406,56.834675818002495,55.3530218724719,56.07485467533796,11202000,82.97025299072266,86.23298109656336,82.56578585142923,86.07119286935253,4619500,41.75763702392578,42.610024624422046,41.322177948979814,42.1004433518934,10085400,95.23507690429688,98.93273159823102,95.11638935069347,97.68191844528708,5083900,95.74417877197266,98.19105386227304,95.6268034403652,97.42358493394867,17177200
2023-05-05,29.646162033081055,30.029902498255115,29.351662111492743,29.878189488989115,7296900,91.28349304199219,92.40213709264522,89.98295085472992,91.96559544219188,5566700,22.775371551513672,23.891899905927996,22.648287530117226,23.2383227126735,12854500,141.10720825195312,141.90869328879924,139.84770872652246,140.30570977571475,5802000,45.163726806640625,45.61213552645066,44.57182743333486,44.75119160547628,8325300,102.72502899169922,106.53099574693195,101.57334366436795,103.74175655769167,6165500,118.86751556396484,119.69993963265794,115.55569753139757,116.63874478149972,2272100,27.89725112915039,28.289381247347286,27.81322490026351,28.186681731693255,8595100,100.22412109375,101.68669716472044,100.01785889852276,101.18979668691334,4351100,57.64198684692383,58.012403061849554,56.749197430167435,57.10061403994952,11276000,83.98591613769531,85.26224152314794,83.80614765261757,84.67800594721169,2720800,42.38765335083008,43.24930429185646,42.23014901300429,43.11959400556694,9900400,97.7275619506836,98.94185413329946,97.23454090738903,98.13840933727566,3872100,98.12786102294922,98.80504077599075,97.08951735722647,98.01048567899501,14968200
2023-05-08,29.521223068237305,30.55642900412169,29.44982791195845,30.26192909093406,5607100,91.76551818847656,93.44803618707215,91.49267443142648,92.84778269704395,5058900,22.56658935546875,23.3109415650581,22.521200969890206,23.13846916263939,6530800,140.55233764648438,142.9480170899265,140.49949395042802,142.30506305558464,5028200,45.737693786621094,46.66141474285784,45.69285359457717,46.41927360051584,8842500,102.89599609375,105.41531317610827,102.82401403663421,104.77648099993912,2967700,118.67955780029297,122.28675658053756,118.3573259998223,121.66914449147369,1589600,27.96261215209961,28.784217314031316,27.96261215209961,28.560143178959034,5887700,101.92107391357422,102.93362977206694,100.98352378228982,101.74293709968944,4440900,55.99887466430664,58.07888949020801,55.970382501687695,57.57550500422264,17632100,84.45330810546875,85.65773306305036,84.30051002246327,85.22629551739513,3352800,43.1844482421875,43.38828070741519,42.656340068043164,43.24003634409312,8861800,98.03797149658203,100.86827805077615,97.94667285804279,99.77267349138627,3180000,98.51611328125,100.19551965836997,98.45291011172952,99.77115256789155,11187800
2023-05-09,29.592615127563477,29.869266254554756,28.958998428395688,29.0482389703627,5810200,92.33848571777344,93.32981160150821,90.90152148784134,90.95609440481824,4896100,22.54843521118164,22.838913968911843,22.330576142883988,22.357807444302463,4628700,140.14715576171875,141.2921515873611,139.0814389057052,139.25758900825215,5019800,44.09651184082031,45.95292708725822,43.76469034623966,45.047139557909276,13774400,102.3651351928711,103.66978421282086,101.73530936571373,101.95124866865531,1782200,118.96599578857422,120.55028966973029,116.86253624067815,117.3100796629589,1420000,28.102657318115234,28.4200961106465,27.439769799317755,27.561144398052992,8923600,104.01181030273438,104.9024800358717,100.96477248008402,101.14290213494773,5638000,55.99887466430664,56.6542233894485,55.63796186075577,55.70444598894216,13373200,84.4712905883789,85.49594707139512,83.6713327372843,83.86009138294227,3274100,43.70329284667969,44.203607009598265,42.887969989709156,42.96208864291537,9834600,98.96925354003906,100.06485133105478,96.31241879664665,96.97891221270248,4146000,98.543212890625,99.52738453805487,97.70350958685188,97.82088494960068,11370800
2023-05-10,29.27134132385254,29.92280675873316,28.860829417649658,29.71755080563172,4886100,91.37445068359375,93.00240279260335,90.53773996103065,92.75684201049341,5285900,22.203489303588867,22.69367348186428,22.094560640454254,22.621053795977907,4995700,138.35922241210938,141.30978737718374,137.29350542978918,141.30978737718374,6161200,43.14588928222656,44.132387136579844,42.32978551658167,44.096513616508446,12036100,100.91654205322266,103.30988720953668,100.47565708226482,102.83301807301099,2578600,117.53386688232422,120.452163800681,117.13755156161677,120.17294539121048,1541200,27.59848976135254,28.35474196065348,27.27171431754406,28.308058736804895,9392300,104.74310302734375,105.91504070505223,102.46485589576086,104.56496621139128,5078400,53.994842529296875,55.93238925137219,53.63392973403605,55.34352829105591,21378600,84.69599151611328,85.3161739703465,83.63538138902233,84.79485561724974,3323800,42.48957061767578,43.81447463297031,42.165291359734844,43.666233797275694,10124100,101.3521728515625,102.7673192432697,98.01972011360684,99.29792202255915,6454000,97.27912902832031,99.32873031747927,96.3491365822751,99.0849417433219,14884800
2023-05-11,29.521223068237305,29.815719577116507,28.664498214433202,28.69127310019198,7427000,90.84693908691406,91.0561201969832,89.62825286778437,89.92837263273015,5671700,22.112714767456055,22.2942631064006,21.931164697121723,22.040095085600278,4728900,137.59295654296875,137.68103832089434,135.54077475971283,136.85311799020653,6666100,42.38358688354492,42.91270926222939,42.051765418599764,42.44636724607839,7922500,99.4499282836914,99.89980582545394,98.35222598345699,99.09002487736407,2320900,114.98484802246094,116.57909768484673,114.04810711861727,114.97583898218703,2231200,26.599489212036133,27.25304003308952,26.216695719379434,27.07564736209799,10903600,103.22427368164062,104.69622718231865,102.18359240663906,102.74612108565445,3579400,55.02060317993164,55.08708730579648,53.48196485931038,53.56744496729562,14178100,83.949951171875,84.39037190063031,83.00618560993372,83.39267922913774,3428400,40.89598083496094,41.979994866713156,40.673621338520796,41.84101753068271,15134300,101.03263092041016,102.87688872400244,99.55356771628055,100.0191998859281,4411300,95.5184555053711,96.44844786494592,94.7419555590288,96.15048714140403,17165900
2023-05-12,29.431982040405273,29.985280939179773,28.985772482356115,29.833571323511265,4639700,90.42859649658203,91.8109877536487,89.77377702897492,91.5290542923698,5004400,22.512123107910156,22.521200784951322,22.058249644191083,22.321497084215277,5050300,137.94529724121094,139.09909629777627,137.01168925465873,138.2799919682377,4898900,42.616764068603516,42.85890518173664,42.006927951324606,42.72438120074481,5950700,99.3509521484375,100.68259265860362,98.40621345351664,100.30469718063527,1874100,115.29107666015625,116.62412588578445,114.54348443568597,116.11072745679121,1705100,26.711528778076172,27.243705042563317,26.534136096319514,26.90759296782077,9589400,103.01800537109375,104.78060418758795,102.26796956132031,104.22744589317547,3260400,55.17257308959961,55.457505604491494,54.840152426077985,55.16307690911906,9463700,83.78819274902344,85.16338939080407,83.32979158260721,84.74993206995596,2777000,40.83112716674805,41.87808014224791,40.56243952566869,41.26658620337041,10202200,100.9048080444336,102.70342006995088,100.46657172321927,101.80868351751452,3526800,95.5094223022461,96.62000002399157,94.60651604960451,95.98796151396564,12613300
2023-05-15,29.39628028869629,29.922807628675724,29.28026827116279,29.664008708993983,4889200,91.68097686767578,91.82723863295989,90.00806477266,90.803385352539,5838100,23.202009201049805,23.410792294204235,22.702749121805564,22.7844464775204,9044500,138.4561004638672,139.3016398315616,137.6017582942044,138.4825223091646,5096700,42.787166595458984,43.21763863011668,42.53605876384723,42.98446756091828,7187000,100.1787338256836,100.80856654138636,98.97306523509417,100.09775915822024,1640600,116.15576934814453,116.68718587243434,114.89476491220304,115.9305914571301,1650700,27.16901397705078,27.523797563813538,26.758210523339024,26.91692991812883,7121300,103.72117614746094,104.9493717746033,102.68049485225728,103.51492111173891,3937600,55.580970764160156,55.92289118867334,55.23905033964698,55.46699849702678,9155600,84.68701171875,85.19933999522911,83.17699045268508,83.81515326321394,3344000,41.32217025756836,41.58159436647949,40.6828823269443,41.11834132083706,6813200,103.08687591552734,103.22382039957186,100.3296108760965,101.4160835537835,4612000,95.69157409667969,96.4748120558276,95.24531287059894,96.09230243347267,13715600
2023-05-16,28.22721290588379,29.217800266760314,28.155819452237854,29.09285874411007,6104200,89.65155029296875,91.92780367736536,89.0573456975861,91.29703886872409,4822200,22.493967056274414,23.35632550538756,22.484889380213474,23.183854854398735,8517200,135.20606994628906,138.29756003074814,135.04753888523547,137.82193996880454,7007700,41.37019348144531,42.74232320310788,41.29844643715812,42.473278629205645,8030900,96.84063720703125,100.25070979869662,96.69667996319502,99.539902458679,2466900,112.46284484863281,115.97561440130711,112.43582460159436,115.5793128634873,1591600,26.02996826171875,27.13166737998011,25.9926234645619,26.99162127427192,8574300,100.76661682128906,104.6273671143167,100.51175360559907,103.72117638931581,4514600,55.220054626464844,55.91339165816013,55.096582556320655,55.81841537227263,10516000,82.5927505493164,85.01058385104507,82.17030312481702,84.62409012836132,4389600,40.07139587402344,41.146142997710314,39.793444701996656,41.072024334528926,11890400,100.10136413574219,103.26947666473467,99.36183603456352,103.0503585172818,4951700,93.36918640136719,95.45478461968935,92.91381579339476,95.29085092288312,14795200
2023-05-17,29.057165145874023,29.440905605127142,28.23613785945742,28.610955626213045,5572100,92.06492614746094,92.75054520453867,90.09948345560922,90.99536209229431,5013700,22.366884231567383,22.720906718425045,22.257955567449564,22.621054000158797,6553300,137.1437530517578,137.7690878959276,135.6024162237298,136.33343843550222,6169600,42.787166595458984,43.29835235043297,41.65717793211848,41.78273184792435,7930900,99.69287109375,100.16074074066856,97.91135291693402,98.21727323054708,2587000,114.91278076171875,115.80449014058762,112.48986450242018,113.67880346902825,1471900,27.019634246826172,27.234371751784046,26.03930783503854,26.459447980202246,9419100,104.42913055419922,105.03325765783737,101.10643148418936,102.24860951456034,3730500,55.96088409423828,56.19832845028603,55.25805082928043,55.75193552463334,9549100,85.19933319091797,85.37011155526132,82.97025174476124,83.7881830082297,3408600,41.229522705078125,41.23878621125039,39.87682460614197,40.6180288018371,12579400,102.34734344482422,102.71254499794496,100.3022244992444,102.59385745357783,4231400,95.4638900756836,95.83729729419335,93.66972884185704,94.16152991217525,14064700
2023-05-18,29.19102668762207,29.22672426711978,28.57525876067505,28.700196884608488,5717600,92.09236145019531,92.19291948258615,90.73026670391747,91.59871482967989,5503400,23.10215950012207,23.10215950012207,22.257954598697477,22.366883258074303,11137500,136.97476196289062,137.1793311546631,134.76908157483263,135.96085929030787,7477700,43.298343658447266,43.37905736256058,42.20422873957309,42.482239948451316,6115900,100.79057312011719,100.86255518264441,97.85737615029952,98.97307066112226,2465100,115.95762634277344,116.0296849262467,113.2014439359416,114.13818490543973,1211600,27.88791847229004,27.953273200361522,26.580816787729304,26.776882752726525,10857800,104.75952911376953,105.06159269578725,102.57900065437029,103.78725498244121,3359300,55.32453536987305,55.894400379373174,54.868642637650275,55.86590821583218,11296800,86.53858184814453,86.76328735018375,84.25557312453006,84.83980880132555,4405000,41.553802490234375,41.68351632968385,40.47905541803819,40.784804166657985,8372600,101.84519958496094,102.32908869281,100.32961554503176,101.77215787964474,4692300,96.32909393310547,96.45660409398972,94.83547891684711,95.21799550269198,12005600
2023-05-19,29.815719604492188,30.28870060019437,29.45875063138702,29.735401755758947,6772000,93.79269409179688,94.69770937609523,93.08879486500445,93.54587427770763,6068200,23.265554428100586,23.501568851605857,23.12939272683715,23.383562505548205,7687700,138.05982971191406,139.13599620978596,136.9569962047694,137.75744075485807,8100900,44.12342071533203,44.47317898527789,43.78262911491088,43.97095996471447,8291100,103.1029281616211,104.29960402883825,102.4641028981544,103.2738838182482,4657600,117.29065704345703,118.713782916265,116.69618413258142,117.55185734102929,1486200,28.168012619018555,28.569479440090607,27.91592855265477,28.24270399637269,9637400,104.12705993652344,105.85448913209532,103.7022855712083,105.54298408992413,2325300,56.16033935546875,57.20509305885487,56.00837511455598,56.093855226513995,16016600,86.2750473022461,87.16560107910757,85.82976348073808,86.79302443905495,3206500,41.94293212890625,42.396918144713105,41.71130560082592,42.04484836675605,8359100,101.58955383300781,103.06861702343319,101.03262998429524,102.78558912177986,3708300,96.77536010742188,97.49484647621883,96.37463176317958,97.05768765082688,13359600
2023-05-22,29.8692626953125,30.520728106106315,29.55691402703072,29.717549706876653,6325700,94.82569885253906,95.91354312158452,93.62814603820054,93.91154001918547,5561900,23.50156593322754,23.737580327425007,23.102158556637747,23.183855913528784,7150600,135.57843017578125,137.7040688544749,135.26713866891558,136.7790969072716,11661000,44.23103713989258,44.82293653048142,43.86334211575537,44.114449911433326,5510700,102.16720581054688,103.27390086351218,101.5553719993363,102.8150237889574,3451500,119.29927062988281,120.38012200007438,117.29068724043113,117.50686301197777,1669000,28.214693069458008,28.504123704707933,27.82256290694851,28.14933833917023,8872700,104.42913055419922,105.51467391915511,104.16482584657791,104.33473704458635,3000100,56.07485580444336,56.54024467858437,55.76142753878209,56.13184012684499,9445200,86.83844757080078,87.64721868120857,86.28412036931994,86.3840814668379,2398100,42.61928939819336,42.78606081336835,41.86881802990588,41.94294022969078,11126700,103.93004608154297,105.05421295855342,101.76464624357438,102.02265037336328,3819400,95.60050201416016,97.48573596379379,95.51853169544371,96.39284238746473,12882000
2023-05-23,30.261926651000977,30.940163559423638,29.869263536051875,30.065593391372353,5521200,95.42903137207031,96.50773897624757,95.06336647710759,95.49302220560295,5415700,23.39263916015625,23.792046568876987,23.365406128538517,23.73758223703141,6987400,139.50062561035156,140.23880630256545,136.82355688827045,137.09037621741737,10436200,44.04270935058594,44.99333374083762,43.99786915840022,44.616672021172775,7381000,102.08621978759766,103.95771217079047,101.33942135614276,102.81501927165596,2338600,119.7315902709961,121.22677487395323,119.06507246140873,120.58727731374002,1202500,28.55080223083496,28.72819489549049,28.04663594810696,28.336064773020862,9699400,103.75894165039062,105.25982530771986,103.28696683516677,104.66513243140875,3982000,56.682716369628906,57.28107715505005,56.27431179167151,56.654224206599,9639200,86.91114807128906,88.83766285376063,86.70214354536395,87.62904734966654,3113600,42.67487335205078,43.08253477432704,42.43397978053361,42.91576338922757,7538700,103.6628189086914,106.2889422483613,103.5614591455739,105.80057631520503,5606700,96.90287017822266,98.56041897166943,96.31088697733361,96.52946293130343,14394400
2023-05-24,30.681365966796875,30.966939772531006,30.038823201740932,30.663517178399957,4309300,95.05422973632812,96.60829681896296,94.58800682174657,96.43460442491777,5141900,23.15662384033203,23.601419617667446,23.03861577266539,23.601419617667446,7080500,139.87420654296875,141.03041491346664,139.00259558479416,140.47898452603,7064000,44.544918060302734,44.88570962595662,43.65707076118485,44.186193157428974,6903000,101.9332504272461,103.19290887002735,101.15046106257955,102.66204982099981,2431000,121.0376205444336,121.68613394952679,118.9749834315277,120.96556197233798,1611200,28.774879455566406,29.213692843094528,28.504123888233366,28.746871302852938,11404700,104.34417724609375,105.15597438174645,103.06040536653892,104.82559350136758,3699100,56.407283782958984,57.31906929139036,56.15084342937887,57.14810905567028,10665800,87.7471923828125,88.04707571844189,86.73849893247915,87.35643719995294,2780400,42.83238220214844,43.17518851453865,42.156033084474466,42.58222509818561,6895600,105.7729263305664,105.90192837786586,102.80586518251049,104.72247707107988,4179200,97.98664855957031,98.82453579726088,97.2034174706493,97.7953937293031,16340300
2023-05-25,29.717554092407227,30.029902806783472,29.280270658312457,29.940658857972306,4640800,92.96080780029297,93.6098596917813,91.8729566292677,93.1893474934006,4951900,22.717458724975586,22.900443384299034,22.516176995776625,22.86384575440593,6309100,137.4639434814453,138.41559609961632,136.5211934375359,137.57066580460568,7037700,42.93064880371094,43.87230640755906,42.7512846360525,43.657072143238494,11289800,99.33296203613281,100.16973453369445,98.42420748479275,100.16973453369445,2747200,117.99323272705078,118.55166958317245,116.59712684297675,117.45280020941894,1483700,28.308059692382812,28.55080712224102,27.971947592458687,28.242704957571558,10320000,103.38134002685547,103.6362104099414,101.40848914404792,102.90936530445029,3897500,55.856407165527344,56.13183984300631,55.343526527827656,55.6664509712186,10362900,86.45679473876953,86.77484967286765,84.83016300943619,86.69306708970424,3091700,41.841026306152344,42.34134057958609,41.30365446510001,41.97073662867045,15889300,104.2894058227539,104.91599026872365,102.52943810316059,104.26176352853369,4426900,96.22891998291016,96.93018766022065,95.3637116607796,96.48392641102306,14316500
2023-05-26,29.815719604492188,30.110219517950213,29.2891922415317,29.922808934700367,4310200,93.10706329345703,94.02122200419196,92.22032822812776,93.85667315728057,5709500,22.17765998840332,22.7815070324014,22.067870568624414,22.735761731672085,7407500,137.03704833984375,138.4156038993351,136.48563154444645,138.1132013483448,7736200,43.11001968383789,43.48668483667816,42.67058099679298,43.45081131334337,6377100,99.08101654052734,100.79054543617853,98.9010614336372,100.63758874376097,2942700,117.98419952392578,118.99299196480379,116.91235068360979,118.83085675465341,1425100,28.196022033691406,28.718861665534845,27.850573306805554,28.57881555817464,9841800,102.71115112304688,104.11764117742017,101.65393220640667,104.00436463559568,3479200,55.979881286621094,56.25531761513291,55.618968466274666,56.150841516517154,9946000,86.2477798461914,87.24738391917089,85.73888507954184,87.1201619607777,2440600,41.21099853515625,42.526639278637944,40.794070006083146,42.341337317456464,12290400,104.87911987304688,105.73606604902666,103.81945418854305,105.28455889009493,3087300,95.60050201416016,97.40376564507734,95.47299880584899,96.96661377326869,12370300
2023-05-30,28.771587371826172,29.387355198788075,28.325376211329573,29.182099256467442,5962400,92.51287078857422,92.86939217424799,91.4433066315529,92.05579137366134,6721800,21.546363830566406,21.88488497528016,21.39082737138516,21.775093814946395,8558000,136.18321228027344,136.30772617269494,134.4844899417365,134.89360120069438,7814800,42.11454391479492,42.787156958915276,41.54058133118612,42.4284320547032,11242800,97.90234375,98.06429993185668,96.2827887960194,96.91261457846971,4330100,116.6331558227539,116.8222975716348,115.09293286302166,116.32690341828413,1580800,27.757205963134766,27.84123397559896,27.187684944056276,27.55180514421267,11485800,101.74833679199219,102.15423544214595,100.2097014074284,100.56839969291319,4101900,55.64745330810547,55.84690567570238,54.99210826181007,55.19156062940698,12529400,85.04824829101562,85.2390881653893,83.76693941857228,84.98463731058335,2943500,41.053489685058594,41.09054724577782,40.07139187201764,40.377140604750025,8381900,102.8888168334961,103.64440339660958,101.58957266577842,102.99938601877552,3515200,94.75350952148438,94.8263704806719,93.45114940672224,94.0704536630092,11938000
2023-05-31,28.36107635498047,28.42354541246445,27.370490723008334,27.76315555853441,10089600,90.7759780883789,92.32090182765299,90.71198724680517,90.89481623002195,22757300,21.271888732910156,21.56466283625923,21.098053454644905,21.345082258747425,14940100,133.95977783203125,135.56068087762523,133.72854155861222,134.7780141506681,13346400,41.343284606933594,41.96209085983513,41.15495375652321,41.531618878431175,11537800,96.53472137451172,97.68640675492685,96.10283592456287,96.9306157982493,7749500,114.5254898071289,115.57932767990926,113.49867905673545,114.43542001482652,2308900,26.74887466430664,27.402425551639844,26.55281046657642,27.16901477484697,23229500,99.02975463867188,100.5778313853617,98.47282063737039,99.69051646893077,12831900,54.76416778564453,55.57147717131042,54.63119952194553,55.41951292378107,15280300,83.24896240234375,84.26674502344979,82.96725762198953,83.5942781631998,4851700,39.6822624206543,40.30301988095793,39.58960967963389,39.626670776042054,15547400,98.6317138671875,101.3499804256652,98.40135205612721,100.81554636686957,11087000,93.05953979492188,93.84277781394363,92.65881142749562,93.15972188677844,24926100
2023-06-01,28.593107223510742,28.950072801480896,28.120124513499483,28.610956013055524,4736100,90.98622131347656,92.31175571541057,89.93493733248832,91.02278850123453,5857800,21.015708923339844,21.40912474922834,20.960814219400177,21.235289484169687,9864900,135.32943725585938,136.73467354341017,133.17711744459788,134.56456215177474,9887700,41.95311737060547,42.80509459484178,41.235664126385856,41.53161551398784,7568000,97.30851745605469,99.00905408115617,95.66196394140508,96.90362353390537,5367600,115.38116455078125,117.49782862126628,113.66080205015535,114.84073207878538,1380900,28.00929069519043,28.24270145098368,26.823563628372842,26.823563628372842,10855300,99.93594360351562,101.25746724056725,98.94479367396322,99.53947931063645,4180000,55.2010612487793,56.08435451703206,54.640692440136284,54.79265667859304,10189800,84.55753326416016,85.80249193040419,84.12133876131587,84.4030435223358,3100900,41.67424392700195,42.26720726512508,39.747113078101776,39.89535391263256,12222900,97.60890197753906,99.50708095602928,97.36011432728503,98.76071097518297,5241700,94.13420867919922,96.15605520535738,92.22165359578607,92.66791482728826,13551900
2023-06-02,30.05666732788086,30.511799446325213,28.86082592524719,29.405201971833023,6472400,93.56414794921875,94.09436170535614,91.85467552696868,92.6591327271759,4958500,21.86659049987793,22.003828168743677,21.271892771411924,21.281042182012527,8802200,138.9759063720703,139.4117118240972,136.61903118589936,137.48173951540295,9464300,43.522552490234375,43.96199457364263,42.59883155340325,42.939623163734915,8829400,100.70057678222656,101.38439249636377,98.95505677043019,99.68385611529311,2902200,118.30847930908203,119.03805353784738,116.32690270778245,117.50684649992681,2126300,29.54046630859375,29.99795298220723,28.49478706234739,28.569478437079272,12556200,102.8055419921875,103.72116694426086,100.77604915663717,101.88990983835109,3627600,56.69221496582031,56.97715110071655,55.761433495002734,56.0558658102759,14473200,88.17430114746094,88.30152312518558,85.63893699181499,86.10239244385636,4658500,43.33269500732422,43.953452459242385,42.276478514344234,42.68413996630509,11283200,100.68653869628906,101.36841472824607,98.46585446218513,99.38730171934196,4709600,96.32000732421875,96.65697717744852,95.1997924040635,95.77356390275001,14112000
2023-06-05,29.512298583984375,31.020485597538087,29.476601003894572,30.94016774449034,5627100,93.30818939208984,95.30105587546723,92.30261609669279,95.30105587546723,5153900,21.711048126220703,22.30574569352651,21.683601646928402,22.30574569352651,6929100,138.30886840820312,140.92367404868804,138.0687431668511,140.92367404868804,6443800,43.37906265258789,44.48214779593182,43.262478837719016,44.48214779593182,7367600,100.45764923095703,102.72502885811878,99.12600878259562,102.72502885811878,2651400,117.38074493408203,121.37089081430786,117.33570660432115,121.05563624975026,1651000,29.092317581176758,30.2033515394217,28.849570172099437,30.2033515394217,11175400,102.59786987304688,103.69284750985287,101.56896120909764,103.69284750985287,2744700,56.41678237915039,57.73697246431028,56.40728257563952,57.73697246431028,8796500,87.2564697265625,89.11028439382977,86.42043770007245,89.11028439382977,2996100,42.8231201171875,44.11096324253709,42.702673314759295,44.11096324253709,7202400,98.95421600341797,101.83834325982134,97.49832771433533,101.83834325982134,3946100,95.8919448852539,97.62235461093765,95.70979247031637,97.62235461093765,10628000
2023-06-06,29.753250122070312,29.878188239589303,28.700195411112578,28.816210836369514,4392500,93.18936920166016,93.9206922052779,91.73585278817363,92.37576826262867,3622400,22.113615036010742,22.186808561462197,21.39997685405557,21.409126262870913,4943700,138.55787658691406,138.88695967453108,136.25436282857595,136.3699877164681,6176400,43.89921569824219,43.97992940712372,42.518115977863644,42.59882968674517,5952500,101.50138854980469,101.58237009268336,98.820121722717,98.95508638445622,2708800,117.95718383789062,118.52462273592961,115.29107175626952,115.29107175626952,1162700,29.308164596557617,29.467703190553173,28.48231891526968,28.48231891526968,8636500,102.9188232421875,103.2775286975963,100.9554063551794,101.04980707613785,2949600,56.45476531982422,56.59723337394197,55.552479720788845,55.72343631337178,8616500,87.98345184326172,88.30150672851384,85.89336499775942,86.02059388493679,2888000,43.73603439331055,43.75466571800531,42.22693262865271,42.35734834795425,12366300,100.68653869628906,100.82475719087951,97.44304744433428,97.489122619226,3894900,96.67517852783203,96.78446302344969,94.69887181683578,94.85369615123003,12209800
2023-06-07,30.69921875,31.145428305062158,29.904962882370015,29.940660463809085,5453800,95.81298065185547,96.42547234242228,93.5367272151436,93.5367272151436,4827700,22.726612091064453,22.854700327859184,22.223406807881144,22.27830151721155,6021200,142.1510009765625,142.48897303342875,139.1893349056419,139.233807055913,9900000,44.88571548461914,45.298250716258785,44.02477150004406,44.20413568543569,7190000,104.59654235839844,104.74050648589368,102.14020763356338,102.19419761366781,3483600,120.85748291015625,121.92032980664384,118.6867782733499,118.74081877348554,1910900,30.546932220458984,30.687702928642942,29.383239751962574,29.53339350338315,12005700,107.72351837158203,107.76127721538664,102.83385972621264,103.0132052320807,4090900,57.024635314941406,57.65148824686498,56.69221105486615,56.730203019979875,9055600,91.82740783691406,91.96371214457908,88.26517171325114,88.41966148373433,3871100,44.83525466918945,45.02156435008333,43.903709818281655,44.08070206067197,9213700,104.60269165039062,104.77776888241108,99.91252839124196,100.95376128201379,5141100,98.8427505493164,99.17061796778881,97.20342040535897,97.25806265896951,16027100
2023-06-08,30.34225082397461,30.850929462502418,29.664013774040487,30.592127094322624,5653400,95.566162109375,96.50774456061566,93.78354825871094,95.8495491064922,5231300,22.461284637451172,22.74491108551146,22.205108161875895,22.60767169351458,5886500,141.62628173828125,142.738017772355,139.7140876170765,142.44451783083994,7142200,44.85881042480469,45.28031573200178,43.90818267151938,44.71531976592079,7162900,104.50654602050781,104.9204325022925,102.17617696975859,104.57852806897105,5198800,120.10088348388672,121.27181133251374,118.29946025331238,120.85747794222348,1307600,30.17154884338379,30.790933499300255,29.67416343606802,30.678315503717098,7361400,106.12824249267578,108.1671696662144,104.29697815949879,107.6102429184826,3811300,56.881736755371094,57.2913693887452,55.7481043711543,57.005580109044345,11009100,90.09171295166016,92.23632157444108,89.7373079357247,91.78195545831083,3653600,44.201805114746094,45.15198131550679,43.754664000310775,44.94704030547163,8289600,103.6075210571289,105.38591435948558,101.773836144642,104.20645608785433,5157500,98.5331039428711,99.39830540265712,96.44750552206388,99.06132861861592,13517100
2023-06-09,29.815719604492188,30.708138632946678,29.64616121463687,30.32439817836657,4611600,94.97196960449219,96.39805528731307,94.73428633252902,95.84041778836817,4085100,22.479583740234375,22.671717844418893,22.324047273064576,22.415539620529998,5428300,141.28829956054688,142.64906328348545,141.0748413716758,141.66184121282458,6669500,44.72428894042969,45.27134817715566,44.41040417562988,44.778099223432804,6105400,104.59654235839844,104.74949909542156,103.4538562709015,104.488569262777,3732800,119.14612579345703,120.80343178950251,118.4976123613057,119.6595379871468,1098700,30.349855422973633,30.75339429224835,29.974471052708967,30.124623010840963,6962400,106.67573547363281,107.17602755851807,104.98606499710127,106.4208650745413,2699000,56.510215759277344,57.224690844198086,56.3006352381513,56.910323696517224,7396200,89.74640655517578,90.50973838197345,88.53779089633535,90.34616628579145,3247700,44.27632522583008,44.89114467972296,43.931654629110525,44.30427398752627,6946100,104.48291778564453,104.68563733392213,102.36358600103318,104.04062698038942,3143700,97.80450439453125,98.91560985527953,97.59503779361249,98.77899727514738,12251600
2023-06-12,29.50337791442871,29.913889900688105,28.762668396156947,29.191029173685294,4537600,93.99381256103516,95.20964550389677,92.72313231907494,93.4361751052709,6049600,22.388090133666992,22.461283658508663,22.077017216822078,22.141063077995913,5808600,139.9275665283203,141.70634444607026,138.94923324515844,139.6874277095445,7159600,44.30278396606445,44.87674659404442,43.85437523531921,44.02476932141104,8611900,102.50009155273438,104.29060900812672,101.76229270140321,102.77902028044993,3946900,116.85832977294922,118.89393307326512,115.78648075305848,116.57009545939908,1697400,29.77739715576172,30.34047647206388,29.580321006032662,29.664782724480578,6719800,106.07160949707031,107.44977492350993,104.8255964264699,104.86334806948402,3063500,56.38637161254883,56.59595213077143,55.80526827076388,55.881477055748725,8312500,87.94711303710938,89.80092780644857,87.81989106664194,88.25608563187127,2883900,43.80124282836914,44.2763291768604,43.27026250505931,43.29820771568765,5885600,104.19727325439453,105.43200939091919,102.48338053497544,102.73216823872336,4113800,96.92108917236328,97.50396305867834,96.13785108480153,96.36553641378099,14112000
2023-06-13,30.08344841003418,30.850929415574345,29.851420931393804,30.04775082737909,5950000,94.53315734863281,96.41632209525294,94.35946495859316,94.93538244604596,4904300,22.644268035888672,22.882147424664137,22.433836872958125,22.5161798054216,7347600,140.97703552246094,142.8180771361843,140.7635908630135,140.98593809727004,7660800,45.190635681152344,46.10538999033528,45.12785872650044,45.522457215896296,13214200,101.42039489746094,104.3265999955492,101.27643078798226,102.31115051495384,3891700,117.14654541015625,120.50619574137349,116.91236534808354,118.41655203119565,1650500,30.687702178955078,31.551085333544332,30.21847126973542,30.321702642555383,10079200,106.19432830810547,109.12057058113162,106.02441709474195,107.37426528930663,3174900,55.98625564575195,57.262784325755085,55.97672727835973,56.76741460757399,11501300,88.0379867553711,90.19168490079936,87.95620417250704,89.13755205670121,2733400,44.6768913269043,45.72953803005686,44.49058164129722,44.61168346997607,8821300,104.19727325439453,107.51448247485268,104.16041451493452,105.95723412557435,3710000,96.93930053710938,98.66970334738141,96.79357860238096,97.79539258422379,13533800
2023-06-14,30.0299015045166,30.78845631281922,29.556917107100094,30.583200345917433,4839900,93.856689453125,95.94097055956703,93.28077187618034,95.46561101622078,4915300,22.195959091186523,22.80895555220089,21.94893027591102,22.799806142923494,7413500,139.71409606933594,142.9870542085708,138.87806834977602,142.28442939277159,7721100,44.53556442260742,46.10044806076841,44.23532300120909,45.563659102531574,10790700,99.57588958740234,102.82400586222208,98.89208069292489,102.38312781046416,4011900,114.19222259521484,119.03805570025342,113.02130156608867,118.8308821239557,2260300,30.077701568603516,31.20385650429704,29.824318229550308,30.959857998538237,7689100,105.38252258300781,107.70463751037188,104.43857307423723,107.10051040089976,3152400,55.70047378540039,56.91031859005663,55.319418987364074,56.53878852666768,11289200,86.9656753540039,89.31020627152928,86.193254312112,88.9103618546585,2297500,44.034122467041016,45.51527881913853,43.624244040423584,45.20786733400445,7072100,103.04544830322266,105.73607260293542,102.05950002072112,105.33985000173847,3399700,95.77354431152344,98.46022797073229,95.07226972289224,97.85913546619128,16627700
2023-06-15,30.94017219543457,31.118656717251124,30.128070855262898,30.16376844048803,5294400,95.20963287353516,96.27005337081278,94.00294363209366,94.05779092391631,4614600,22.946189880371094,23.028532806879323,22.269149397469874,22.333193508071577,9598000,140.77247619628906,142.11544857062228,139.91867043876525,139.91867043876525,7705400,45.12693786621094,45.7365172778283,44.644735795277875,44.6902259673263,8670000,100.50264739990234,102.0952178578397,99.66587483672858,100.34069119849494,2887700,114.08414459228516,116.71422104644225,113.73286071524375,114.87676839614647,2961500,30.69709014892578,30.912935972216914,30.14339744397955,30.15278406844125,7427000,107.44977569580078,108.07277863469717,105.54299363053623,105.54299363053623,3240400,55.65283966064453,56.22442186232591,55.56710614610063,55.719527339747415,10699700,88.16519165039062,88.37420309901896,86.65669986078952,86.9474938764401,2123000,44.62099838256836,45.03087682484997,44.46263391502131,44.49989656074549,6370500,105.0726318359375,105.39513697676139,102.8427311135725,102.93487443522436,3873700,96.43840026855469,97.4766448438547,96.02856944350653,96.08321170060495,16224100
2023-06-16,30.681365966796875,31.27928505870637,30.43148633354829,31.136498155839305,9092900,95.91354370117188,96.42547739358872,95.27363530374888,95.85869640267231,9928200,23.06513023376465,23.284712549163,22.88214729769436,22.982789046829332,21775600,139.8653106689453,141.62631067787427,139.8653106689453,141.03042167036776,22908100,45.308902740478516,45.691027827209595,45.10874528616958,45.44537672945627,16259000,102.04124450683594,102.75204510172182,100.52065596286165,101.63635053229173,6113500,115.95762634277344,116.27286718372827,113.49868043885523,114.39939211661674,4054000,30.575088500976562,30.8941620901961,30.331086417523267,30.74400833882016,10393800,106.94003295898438,108.08221091756988,106.27926402969707,107.66687085926145,10770500,55.3956298828125,56.0148393701462,55.224155591795096,55.9195774902511,13741500,88.26515197753906,88.91035097750802,87.84713601698493,88.628646227218,4964900,44.50920486450195,45.08676514012362,44.46262833996757,44.81661632283875,14740700,105.23849487304688,105.8650793157714,104.39076504762106,105.54257416806429,9938800,95.74622344970703,97.2398385179178,95.59139910751054,96.86643822506721,43128900
2023-06-20,29.896039962768555,30.520734015986655,29.307043490719195,30.431490063064807,5746400,93.27163696289062,95.75815043374563,92.34833446647477,95.19136937143978,8590000,22.360645294189453,23.01938706612782,22.28745176397408,23.01023765671697,6656800,136.6812744140625,139.25162126498344,135.40056584664825,138.87806599878255,10438700,43.91688919067383,44.963177186790254,43.11624885444869,44.790313118913154,10540800,99.26998901367188,101.11448298338738,98.12729610981816,101.01550936605872,3179200,114.36335754394531,115.20101964045834,112.82314147072157,114.96683269092662,2092900,29.54277992248535,30.293548719890392,29.33631895069247,30.227856673864203,8474300,104.72177124023438,106.78901597318739,104.48578383953205,106.58135311005104,3816300,54.519203186035156,55.395627709518656,54.176254617454994,55.395627709518656,12586100,84.94828796386719,87.94710002368262,84.93919870072804,87.85622819152029,3273300,44.024803161621094,44.11795976841966,43.28888551249903,43.71739524308882,7806600,102.24378204345703,105.28456066233397,101.68169868039139,105.20162675741257,4056800,93.55134582519531,95.41836128877108,93.00490244435375,95.3363979084269,17514100
2023-06-21,30.529653549194336,30.966940362478844,29.940657138108243,30.012052293056065,3996600,94.79826354980469,95.46560253398395,93.06136743174748,93.06136743174748,6477500,22.34234619140625,22.65341912713584,22.241704434237445,22.470434431387357,7232100,137.74856567382812,138.70910737361342,135.63181561850507,135.78301011231406,7328200,44.526458740234375,44.881290413183805,43.78950892649384,43.853195861738634,6950800,99.75585174560547,101.1144770223172,98.9820618000649,99.15301060343778,2730700,114.99385833740234,116.26386510250985,114.0030768654934,114.43542149477472,1710000,29.955703735351562,30.453089183682962,29.176780434741417,29.345703862098272,8443200,105.72235870361328,106.79846070713393,103.77782476773635,104.2592338944201,2943500,54.747833251953125,55.10030653185503,54.28104136721217,54.32867230222474,9013200,84.76654052734375,86.29321093705906,84.19404172360426,84.51209661457064,2902800,44.49058151245117,45.09608710053019,43.614930612264004,43.92234212565966,6725600,102.85194396972656,103.93003555865309,100.80632996196778,101.21176196912104,3776000,94.59870910644531,95.29086754847476,93.19616655537732,93.3509909214835,13285700
2023-06-22,29.63723373413086,30.16376107250696,29.43197777568706,30.154838380534738,4075900,92.7231216430664,94.04864903150589,92.42144758380135,93.82925288589391,4967700,21.8848819732666,22.241700141530774,21.811688458108026,22.19595484895831,5098700,135.75628662109375,136.60120314697443,135.16039783818857,136.3877585507064,7088600,43.38919448852539,43.85320334815396,43.198133650173986,43.79861304976287,7243500,97.39849090576172,98.51418532292126,96.65169251505736,98.21727135295035,2858700,113.35455322265625,114.01207571275991,112.1476029799606,113.840938310154,1324300,29.345703125,29.58970342616738,28.97031873473248,29.56154892565708,6098000,105.17485046386719,105.61850787651883,102.7772178946797,104.11763164402979,2911800,53.84283447265625,54.41441299821005,53.833306104626026,54.23341397971979,10322000,82.52197265625,84.66658130146557,82.41292922440715,84.02138224178043,3515500,43.63356018066406,44.3694814526143,43.59629753443737,44.24837962915832,8533100,101.71856689453125,102.49258628225107,99.7743125289345,101.52506380512254,3121700,94.0795669555664,94.61690091814441,93.48758379710992,93.6606198969144,12455300
2023-06-23,29.07501220703125,29.396280182472676,28.967919477575844,29.066086110755833,10520700,91.83639526367188,92.25690748871217,91.07764176057641,91.44330668762662,7149000,21.701900482177734,21.866586351602997,21.601260474806647,21.637856365194867,9643400,134.60902404785156,134.92030204015046,133.52396843481304,134.30662148856325,15172700,42.89789581298828,43.12535018427522,42.67044144170134,42.761421801944806,13663600,96.1118392944336,97.08357644778103,95.67995382697252,96.27379548665816,8357000,112.9492416381836,113.18342858997146,111.15682738906584,112.0935614524483,3578500,28.98908805847168,29.036012228330605,28.191396860584497,28.36970333612626,14259300,105.38252258300781,105.75066231528729,103.56069974301003,103.56069974301003,3536100,53.414154052734375,53.63325929703499,53.242679751280335,53.36652310988781,21395600,82.56741333007812,83.04904031643824,81.54963070750873,81.78590303531672,4192000,43.400672912597656,43.41930423525618,42.618175128747055,42.98147703668458,9304600,102.55708312988281,104.01296446179113,100.14288877126468,100.19817335738843,5722500,93.2599105834961,93.64242026218173,92.54953348067859,93.43294670571787,17933600
2023-06-26,29.476600646972656,29.78894936251338,28.96792205193253,28.96792205193253,4170600,93.16989135742188,93.68490096932405,91.96515013588471,92.11229774396651,4361000,21.921483993530273,22.15936342063931,21.63785926104592,21.70190338659998,5935000,136.97476196289062,137.82858116816888,134.77797057712868,134.84912330848488,7371800,43.434688568115234,43.844103662717494,42.95248293759444,43.025270002834674,6833700,98.97306060791016,99.47692126524635,96.06684862600522,96.08484757210245,3189300,114.58853149414062,115.31810569522932,113.38157436999197,113.45363294764829,1296100,29.721088409423828,30.030780764458346,29.16739574588121,29.16739574588121,6366100,106.70405578613281,107.31762442127715,105.03326108425112,105.25981415682844,2351900,54.53825378417969,54.82404303353983,53.44272408862374,53.49035865852333,11174900,83.16717529296875,83.91233548594383,82.576504856877,82.75824853981645,2846000,44.11796188354492,44.471949899228136,43.32614667882092,43.47519370328311,6202500,104.11431884765625,104.9712650387539,102.40964290603397,102.6215788587073,3152500,94.98120880126953,95.54587089555955,93.07775591537894,93.07775591537894,14283400
2023-06-27,29.235647201538086,29.655085253332395,29.03039122419218,29.235647201538086,4096800,92.69168853759766,93.45500107367191,92.26864963018407,92.89401301861831,3816900,22.205106735229492,22.442986122316956,22.012972645821016,22.168509101029308,7948500,136.54791259765625,137.59739883223816,135.91645391255292,136.521232009328,6581700,43.05255889892578,43.66213835896801,43.04346225206452,43.37099359923878,7871700,98.0553207397461,99.0000595426794,97.8933645357308,98.77512075180188,3594400,114.6785888671875,115.66937015112269,113.84993592948777,114.54348076667736,1586600,30.424930572509766,30.518778902745176,29.430163331648632,29.636624288244917,8213000,107.59136962890625,108.25213141324822,106.1188034781732,106.79844828593257,2341800,54.42394256591797,54.92883706242023,54.20483733849231,54.53825754674707,9013500,84.12134552001953,84.53936153008095,82.85820822592089,83.23078484948732,3763800,44.844566345214844,45.16129172106496,44.024805921797814,44.62099758200383,13198000,106.2889404296875,106.95238358416475,103.23895223738846,104.31704384837163,3740500,95.2179946899414,95.27263693813686,94.05224012400866,94.76262409256896,13227500
2023-06-28,29.628313064575195,29.717553607622015,28.664498858988722,29.217801119666216,4538400,94.27346801757812,94.46659397174056,91.92835411517922,92.71925488920643,5463000,22.388090133666992,22.461283658508663,22.058720144415126,22.378940724927872,5422300,137.78411865234375,137.87306296550935,135.3560908980868,136.4678269576729,5773800,43.38919448852539,43.580258797555054,42.66134119670223,43.25272394856507,8819700,100.04376983642578,100.09775294471704,97.16454945319661,98.46019896887907,3130600,115.84052276611328,115.85854084688798,113.21044646752493,115.137968797356,1435400,30.556318283081055,30.79093373911837,29.796162916738965,30.274776871878075,6937100,108.64859008789062,108.88457747174867,106.56246247879713,107.50641201422931,2514800,54.738311767578125,55.157472770013634,54.08099606013316,54.51920653176314,8867400,84.87557983398438,85.42990697163788,83.40343133074586,84.2122023480287,2574100,45.263755798339844,45.53390460633538,44.090011074052995,44.77003825884248,9204400,106.60224151611328,106.72202713555185,104.78698919106648,106.02172521170813,2506100,95.99214172363281,96.37465143116033,93.98850654192654,94.99943001782445,13084100
2023-06-29,30.270854949951172,30.306552531824927,29.60154060920782,29.628315497767524,3242500,94.77926635742188,95.00917919606603,93.62970216420112,94.27346232223455,4260300,22.9919376373291,23.0010870462622,22.360644126587427,22.55277647896846,6284000,138.9581298828125,138.98481046475885,137.35722711104086,138.2377134572668,5633500,44.035160064697266,44.062453473921174,43.43468076702765,43.61664145609058,6745800,101.6723403930664,101.95126231606078,100.11576083388677,100.76358569401731,3650500,117.10150146484375,117.49781673839112,115.95760771337518,116.19178776421349,1143300,31.147552490234375,31.175708784598413,30.2841691686369,30.63139910624037,7678400,109.819091796875,110.44210198285569,108.64859632226852,108.79019020106084,2324800,55.748104095458984,55.75762882999851,54.93836356730187,55.443261714084585,10982600,85.9024658203125,86.02968779153264,84.87560078601354,85.13913399299167,2254400,45.151981353759766,45.56185982061563,44.39742872363245,45.524597172657366,10506200,107.44996643066406,107.85540547801037,106.390300666972,106.74044809780806,2272800,97.17608642578125,97.20341449933065,95.74622297314502,96.2289216615264,11364400
2023-06-30,30.493953704833984,31.00263563525147,30.190534531786664,30.654589387216745,5139500,95.28507995605469,96.0116053875569,94.30105326100906,95.41383058782641,7000000,23.14747428894043,23.27556426998323,22.726611944993415,23.13832662500361,6548400,139.94534301757812,140.45228761255564,139.27830137034658,140.04317633534532,6346600,43.980567932128906,44.6720275453475,43.962371169849796,44.6720275453475,8876800,102.96798706054688,103.79576019524416,101.51938064253294,102.46411948172417,4116200,118.31745910644531,119.34426963125793,116.92135358087356,117.9932024278852,1282400,30.959854125976562,31.42908499216025,30.931697839641306,31.372775999437142,7597200,110.06451416015625,110.88575284689436,109.02617111371167,110.24386687607642,2654500,56.01483917236328,56.63405229151838,55.929102027157306,56.205366565488525,11629500,86.67488098144531,87.12924711416366,85.6661876121644,86.39317619774457,2574200,45.757476806640625,46.3070883474591,45.33828096134498,45.645692432415515,13420000,108.08576965332031,108.40827479798065,106.06779784374073,107.36703486368239,2975600,97.677001953125,98.25076645617926,97.27627356777657,97.74075356457547,13544700
2023-07-03,30.395790100097656,30.78845320528077,30.369015217163582,30.636743620655952,1718200,95.85527801513672,96.5542080966533,95.30348150730859,95.5977697038377,2234000,23.028535842895508,23.312160546554377,22.99193820625753,23.074281143621615,3043800,139.8208465576172,140.61240220154573,139.36724949549043,139.79415240308143,3272600,44.426387786865234,44.6629387969662,43.92598541240102,43.98967235630044,4385700,103.20191192626953,103.66978844375552,102.25717314697715,103.11193778508745,1287600,118.8488998413086,119.7946498255271,118.18238201423144,118.52464309654137,663100,31.56047248840332,31.907702364692533,30.931701197879175,31.156933613277563,3888000,110.95182800292969,111.96185370633805,110.29105901454905,110.59312977616078,1537200,56.40542221069336,56.64358055845073,55.88147457242875,56.15773912798922,4541200,86.92932891845703,87.81988262613653,86.69305659612142,86.92023965484654,1348800,46.083526611328125,46.48409119627813,45.58980540571432,45.92516213298053,3543100,108.2055435180664,109.51399683720189,108.10418376502649,109.0256309526009,1466100,97.86825561523438,98.77899688127796,97.51306707734975,97.89557674147098,7397000
2023-07-05,30.654592514038086,30.76168524942231,30.145913936042618,30.690290092499495,3773200,95.66215515136719,96.56341679533294,94.85286427936197,96.56341679533294,4154900,23.046833038330078,23.248114790451243,22.836400132622448,23.165771858885485,5016500,139.0203857421875,140.25663584997665,137.9620107116561,140.25663584997665,6318700,44.12614440917969,44.94498146689958,43.89869005655505,44.8358008787516,7528100,102.83299255371094,103.85871263252692,102.37411561384525,103.7147485476336,3012300,117.63294982910156,119.64153300886646,117.06549707788783,119.64153300886646,2062300,31.156936645507812,31.8420134215932,30.969243544400605,31.7763213731979,6503500,109.69637298583984,111.29164998110704,109.17720507027855,111.10285575582385,2777100,56.1005744934082,56.75789379661657,55.87194453629824,56.681681388241486,8018800,87.35643005371094,87.52000213857517,85.911549081641,86.92024244945762,3854700,45.9251594543457,46.37230054676675,45.75748110049262,46.30709269288628,8724200,107.57896423339844,108.72155683156505,106.85102007720256,108.61098766308457,2753100,97.36734771728516,98.28719135184762,96.62964259998927,98.0230755627422,12491200
2023-07-06,30.0299015045166,30.574274249269124,29.46767656646746,30.315475319711123,4210200,92.27783203125,95.30348643573443,91.36737897246586,94.54018099101631,6004500,22.70831298828125,22.909596495088557,22.260002420047933,22.872998859279477,5333700,135.9697723388672,138.59346674390275,134.85803627139475,138.03314742317764,9203000,43.26182174682617,44.09885565769216,42.488478254449404,43.671240318952016,9501500,100.99751281738281,102.56308481335859,99.35995876388043,101.72631227222575,3762800,114.54348754882812,117.77703875391047,113.24646757403096,116.9844219260914,1833300,30.978628158569336,31.29770537263894,30.359243399486967,30.819091341508695,5064100,106.98724365234375,109.40375951301176,106.4963930316653,108.9506605385853,3083300,54.881202697753906,56.00531023543248,54.46204173753021,55.50994050408197,9765000,86.69305419921875,87.4200358071934,85.89336541744713,86.69305419921875,4692900,45.757476806640625,46.158041330638554,45.00292783866965,45.56185326335639,9411600,104.54740142822266,106.87866178540929,103.78259854335018,106.51929792964212,4177600,93.73348999023438,96.28356832966209,93.2872287127761,95.70979688166838,17961400
2023-07-07,31.15435218811035,31.654108134417726,29.91389012235139,29.949587705153817,5672800,94.93563079833984,96.2047473874406,92.075513970618,92.47096441029485,7393100,23.09257698059082,23.44939516638754,22.561923533349304,22.6076688281695,10299400,137.16156005859375,138.73578224378025,135.15154598890214,135.31162948010862,6602200,44.444580078125,44.9267856762043,42.85239957523465,42.93428328278185,9701800,104.5515365600586,105.87417761346697,100.42166407697015,100.64660284483998,4583000,119.25420379638672,120.95654807719085,114.12915974659204,114.12915974659204,2328400,33.39047622680664,33.56878269959369,30.71585765531251,30.734627322966105,13874300,111.40491485595703,112.42438202639602,106.85507863429012,107.00611400847205,4147600,55.833839416503906,56.41494632262332,54.69067870672889,54.75736274834839,11270000,90.36434936523438,91.14585976044897,86.80211319489989,87.02021395617685,5340900,49.69791793823242,49.949435482318826,45.46870688274732,45.5898051586113,23181600,105.8558578491211,107.47760698214014,103.9853210511343,104.4829034111544,4587900,93.95205688476562,94.7170760871591,92.49486554008669,92.82273289779913,21929200
2023-07-10,31.306060791015625,31.591634604481193,30.98478939978976,31.136498998808428,3514900,95.96562957763672,96.06679180073853,94.49418862758853,94.58615237139456,6405900,23.348758697509766,23.367057516231835,22.918745182898178,23.01938694079815,4722800,138.07762145996094,138.557885476409,136.89473263954596,136.90362164264786,5167900,44.75392150878906,44.981375883449736,44.03516832257688,44.18073898353257,5793500,104.16463470458984,105.53226616681113,103.82273027132752,103.88571284757546,3095400,120.77643585205078,121.01963187400074,119.08310709949994,119.41636605062976,1587400,33.784629821777344,33.934783588898426,33.06201369877332,33.155862040691616,10005100,111.23500061035156,112.27335077496888,110.58368038190224,110.98957893668096,2582600,55.919586181640625,56.338743605938156,55.53853133481863,55.74811186397156,8200100,91.17311096191406,92.02731458730102,90.38251138547966,90.43703310348305,3785200,49.94942855834961,50.0518990495391,49.04583256621573,49.22282478964044,14817100,103.76416778564453,106.13228676350982,103.34951936554553,105.08183753784719,4199300,95.34550476074219,95.40014701286874,93.57866449233664,93.77902868133988,14877600
2023-07-11,33.269378662109375,33.40324287154521,31.47561800065708,31.484540692608945,8820700,98.8073501586914,98.96368921512875,96.42544934807378,96.5633984634411,5648500,24.14473533630371,24.163034152919,23.31215837609125,23.412800122404143,6829500,140.6301727294922,140.8881031179618,138.44228356984277,138.74467254784344,5060500,46.0003662109375,46.20962378379841,45.0632519855614,45.263412912070855,8664900,107.61070251464844,107.87163230267466,104.70449754981308,104.81246376238514,2965100,123.52359008789062,124.24416212722412,121.07365340041784,121.56004536806957,2162500,35.211090087890625,35.426935890210736,33.97232069547645,33.99109036262793,14227900,113.28339385986328,113.53825708386866,111.33885278070112,111.86746945552152,2651300,57.681941986083984,57.958206497993686,56.05294001697352,56.13867715397973,14636200,92.25450897216797,92.4089987472554,90.69149508871266,90.74601681340356,3060700,52.21309280395508,52.39008861557255,50.163693239857,50.24753242600161,18093900,106.84181213378906,106.86946145819265,103.74574862857962,104.31704848814168,3682900,96.5112533569336,96.6842964214779,95.45479014999596,95.8646278899581,12576500
2023-07-12,33.47463607788086,33.679895449103576,32.841019388148645,32.912414544105836,7743100,100.527099609375,100.76621095537499,99.73619878646909,99.91093481043644,6229200,24.22707748413086,24.410062154235963,24.098989262099973,24.181332189140157,6940400,141.98204040527344,142.6046099077094,140.81694314264385,141.60849870381185,6464000,46.48257064819336,46.919282579421846,46.191429360707694,46.58265111651866,7640900,109.5091781616211,109.61715123083634,107.74565921861985,108.42047545589722,3658600,125.65828704833984,126.11765882132936,123.85686360921581,124.28019921691156,2066000,35.58646774291992,35.952470831560625,35.32369959923195,35.548931993784116,10014900,113.2361831665039,115.56773962518706,112.72644956324108,114.21789152814752,2395500,58.41547393798828,58.94894989672153,58.148737775625484,58.28210585680688,11581700,92.65435028076172,93.74483326892607,92.26359508995809,92.9724052190722,2374100,52.79996109008789,53.181894327098206,52.14787900033427,52.660227944583006,14304600,106.00330352783203,108.63864349980835,105.63472318341364,107.80012304050437,3032800,96.9848403930664,98.04130365047929,96.65697296479377,97.44932040785343,13238200
2023-07-13,34.44737243652344,34.60800813072522,33.46571288689778,33.56387952272202,5971200,101.66747283935547,102.78025027635539,100.77540979062081,101.06049950114611,6054900,24.19963264465332,24.52900263005722,24.053245596680195,24.181333827388862,7066200,140.08763122558594,142.83585305362786,139.25161711608422,142.15990885016274,8143900,46.50076675415039,47.137639613012816,46.03675794769837,46.44617646201549,7168500,110.28298950195312,111.8665605029859,109.08631349365601,109.77912880986469,2846700,125.56822967529297,126.93730165405331,123.55963255633468,126.20772732794941,2138000,35.42693328857422,36.19647168553286,35.1735481705589,35.66154874081643,11088500,113.19843292236328,114.35005257259378,112.15064830300692,113.21731594712067,2374400,58.5297966003418,58.9775354750902,58.15827014427743,58.62506212369685,9794200,93.21776580810547,94.44455308979397,92.33629432232796,92.95423259553752,2886300,53.48929977416992,53.67560944162158,52.5018645777304,53.09805267072664,15775100,106.4363784790039,107.65268862108823,105.321428101267,106.4640207729014,2966100,95.20889282226562,96.7480477859549,94.09778736552457,96.51125311114014,26826800
2023-07-14,32.69823455810547,34.10825833907361,32.510827368273084,34.07256075882688,5635400,98.48548126220703,101.37319358840251,97.8969048306777,101.22604597232791,4738200,23.303007125854492,24.108137542575655,23.266411240587747,24.098988134991203,5555000,136.59237670898438,139.65187731944326,136.34334885194707,139.64297474319167,7065700,44.490074157714844,46.11864473589527,44.33540338832408,46.11864473589527,9704500,107.7330093383789,109.7530629149422,106.6641033973162,109.7530629149422,2736600,122.19053649902344,124.87465316482961,121.74918287613606,124.87465316482961,1747500,34.61985778808594,35.02339667830876,34.404011987725724,34.89201258938931,10054700,111.7730712890625,112.8397317033561,110.95183257604901,112.8397317033561,2007400,56.56736755371094,58.29163153698105,56.43399947036493,58.205894392828945,9846000,91.29124450683594,92.89061526948214,89.64644128979214,92.7452147760247,2865000,53.219154357910156,53.25641344846061,52.56707230019913,52.93969163419438,14423300,104.56584167480469,106.31658590361812,103.81946458864489,105.99408075778854,2335300,91.93021392822266,94.76261946132618,91.55680672139255,94.76261946132618,28181900
2023-07-17,32.42158126831055,32.751775318260634,32.2787909717829,32.475124225200375,3981700,97.88771057128906,99.00968655446839,97.61181230722111,98.11762345255092,4081400,23.348758697509766,23.50429516650454,23.147475181709822,23.31216106006563,5687900,136.46783447265625,137.09040398610864,135.75632064114026,136.38779272899757,4351700,44.50826644897461,44.672033861965765,43.989670798061944,44.30810897695721,6486700,107.50654602050781,108.40333781885518,107.06268035016882,107.08079435440328,2254900,122.01939392089844,122.88406930631486,121.3078241048869,121.65911480093617,1253000,35.06093978881836,35.36124733296662,34.40401569351342,34.56355609006311,7165300,111.50875854492188,112.6792611805478,110.70640286204659,111.4238065416619,2116300,56.481632232666016,56.70073746723638,56.176789851176125,56.30062957027601,6601200,90.00084686279297,91.64565008964234,89.97358600337647,90.87322902950697,3078300,52.641597747802734,53.116687609834,52.213087970977284,52.744068249556996,13598700,104.77776336669922,105.45963234643871,104.27097160976378,104.32625619377161,2968600,92.33094024658203,92.59505602808159,91.27448406898773,91.72985466845512,18051300
2023-07-18,33.80482864379883,34.13502268123462,32.39480515780029,32.44835151696876,4377000,100.01209259033203,100.70183115992053,97.85091314223145,97.89689150370721,4396800,24.208782196044922,24.410065711507755,23.38535455071637,23.458548080410658,8459200,136.7435302734375,138.8069188378206,135.5161693663132,135.78298872494844,6798300,45.95487594604492,46.34609771079977,44.51736624005572,44.58105318123181,9089500,111.21147155761719,111.99050500253705,107.07172727989374,107.1804320318955,3133600,125.02776336669922,125.83841197755228,121.75817616483599,121.80321448940012,1934900,35.76478576660156,36.112015688427796,35.004630292383666,35.098478636085524,10090600,112.73590087890625,114.77482826750827,111.03678872026796,111.31997648062898,2314100,57.23421859741211,57.99632461965293,56.30063463190792,56.30063463190792,10918100,91.9273681640625,92.72705013885287,89.86454184007856,89.99176381486163,2367000,53.07942199707031,53.6290335683083,52.34350075610461,52.4925477811745,11387000,106.35344696044922,108.04891366852554,104.76855646053603,104.82384807966015,2858500,91.91199493408203,93.07774249108671,91.38376340093818,91.91199493408203,24617800
2023-07-19,33.938690185546875,34.42059721579299,33.7155854572079,33.80482939112828,3503600,100.6834487915039,101.79622625883812,100.03049005543036,100.03049005543036,5408200,24.245380401611328,24.42836510267093,24.126441567472593,24.245380401611328,4749500,137.57958984375,138.54902061969807,136.32554806697343,136.81471474277276,5653100,46.054962158203125,46.5371678066662,45.81841112872719,45.91849161181723,8251200,110.91256713867188,112.94167452597948,110.41434556738633,111.23867454694874,2185000,125.10883331298828,126.9733128857905,124.21713764231595,125.00075232109297,1336100,34.73247528076172,35.75539895200541,34.44155436670457,34.83570666831035,15315700,115.26567077636719,115.36006428335735,112.76420323143185,112.76420323143185,2883200,57.3104248046875,57.86295391721326,57.110372664224585,57.44379289832944,7568300,93.10871887207031,94.06289064480605,91.90010314209246,91.92737093729227,3052100,53.43341064453125,53.507932381164615,52.28761095949711,52.45528930887395,13074900,108.74919891357422,108.88741740399225,106.42715498887235,106.58379933064002,2797300,92.5495376586914,93.25991479357785,91.80273003632297,92.0304153717817,15556500
2023-07-20,34.109378814697266,34.486673420582704,33.76801458068021,34.405824086916446,3524900,102.71586608886719,102.79863134617938,101.34558046471021,101.62147868851743,6702300,24.593048095703125,24.785182197386593,24.281976910484186,24.4741092670963,5084400,139.10040283203125,139.80302758348816,138.48673595993077,138.88695820556015,5866600,46.76462173461914,47.1194500107323,46.31880962445235,46.564460770379554,8133600,111.86369323730469,112.97789455385717,111.26583434169682,112.5974382647336,2629500,126.1176528930664,127.67588024640732,125.60424064003975,126.66708756592341,2001200,34.20693588256836,34.81693395019017,33.37170539093602,34.73247223867971,16801600,117.28572845458984,117.33292881153446,115.23735971422866,116.10579154860805,3143100,57.59621810913086,58.015379157221126,57.29137569270607,57.72958621206567,5714600,94.55360412597656,95.00797030258755,93.70848276015703,93.7630044827655,2520300,53.34025573730469,53.94576130203294,52.80927546515411,53.703561208278565,9963500,111.246337890625,111.60570178254586,109.73515782013283,110.57367825467162,3947000,94.17975616455078,94.40744147745407,93.22347507099524,93.38740877422177,15740200
2023-07-21,34.71125793457031,34.801092440161725,33.82191860364931,34.29802948935781,4369000,103.8194580078125,104.10454772958549,102.86301959908327,103.15730780050887,4957000,24.437511444091797,24.702839071756017,24.373467325709772,24.69368966269125,4798500,141.1371307373047,141.26164464401566,139.6874224462427,140.10543632684343,8760100,47.547061920166016,47.73812623648714,46.64634452174837,46.98297603131104,9921900,112.87824249267578,112.94165186983716,111.63722249839876,112.34378610422664,2246800,127.21648406982422,128.05413908130964,125.88342129198053,126.74811028993953,4011400,34.666778564453125,34.80754927033546,33.99108848408212,34.04739390247684,10798200,118.76773834228516,119.08868495108986,117.01199151075967,117.99369995862712,2587400,57.862953186035156,58.06300532397014,57.348530287909824,57.72005672521991,6490000,96.08026885986328,96.28927340575336,94.57176991822047,94.88982483571226,2711700,52.17583084106445,52.734759940578506,50.95550923657125,51.998838580677415,16639900,113.32879638671875,113.5960169353699,111.24633064357752,112.1032768754296,3556400,94.61690521240234,95.0631664666418,94.0431407426659,94.86280923400662,17121500
2023-07-24,35.28617858886719,35.681443487276034,34.69328466808928,34.82803468833509,4544700,105.5024185180664,106.40367303595849,104.288478849611,104.288478849611,3999600,24.583900451660156,24.75773399014467,24.382616940678187,24.492408105311203,5640800,143.9208984375,145.89532903752564,142.31109335116605,142.72021815990743,9722100,48.30220413208008,48.748016168816555,47.65623463475062,47.765411746953866,9024000,114.27325439453125,115.43274408428186,113.05940887418978,113.23152300070403,2598500,130.10777282714844,130.72926595828937,127.88301433289129,128.08117196148018,3024500,35.90554428100586,36.05569801488557,34.901390514445154,34.92016017867354,9980600,121.19367980957031,122.64735575096545,119.14531105402286,119.40961577064016,3079600,59.36811065673828,60.054007838269236,58.167794223066984,58.31068704654735,11878000,97.0980453491211,98.28848938250755,96.14388058924332,96.32562427691225,3691800,53.11668395996094,53.18189181049447,52.091982566391536,52.37144884417677,10596100,115.83512878417969,117.84388399807402,113.80794771918585,114.25945488700927,4398100,96.10140228271484,96.68428300634544,94.68064832414919,95.044946170767,15090900
2023-07-25,35.54669952392578,35.85212998526873,34.90888996333301,35.03465484267964,4782200,106.84510803222656,107.15778616406564,104.74830380389618,105.18054111728398,3664700,24.84007453918457,24.940716284999684,24.4375093009953,24.62964338436314,6534300,144.5790557861328,145.423972517428,142.8892223235424,144.00095843603543,6767600,48.584259033203125,48.94818397435353,48.09295671843759,48.22033062137416,5547000,116.4020004272461,116.57411454604569,113.80220228768314,114.30042373099599,2283900,131.5399169921875,132.26950493836318,129.70247136181982,130.04474617036385,2444400,36.055694580078125,36.41231100655003,35.58646375891138,36.07446424251844,8579900,121.40135955810547,122.81728396890514,120.01375248323956,120.63676268083812,2994700,60.4064826965332,60.93995869948448,59.05374503641784,59.396690001877985,10371700,97.87955474853516,98.56110397038437,95.92577892595199,96.78907876680731,2744600,53.91781997680664,54.141388763516154,52.88380456598022,53.17258476517195,10686100,114.75703430175781,116.7197142927346,114.35159528706275,115.45733613711724,3398200,96.24713897705078,96.62053928956773,95.20889447125593,95.68247688068332,14116100
2023-07-26,35.92399215698242,35.96890768898115,35.034649545331796,35.18736303949454,5387900,107.44287872314453,107.72796842245502,105.90706251222524,106.0542030931526,4006300,24.84007453918457,24.995610989502843,24.474106934044865,24.59304575131357,4569000,143.49398803710938,144.16102964781106,142.7913768450753,143.0848767823036,6056400,48.3568000793457,48.657038040690004,47.96557828829235,48.04746199969138,5078800,117.14482116699219,117.23539809987514,114.65372053516478,114.70806945933627,2879000,130.59417724609375,131.53991341235428,129.72948807995587,130.31494511085694,1298100,35.85862350463867,36.168317608254604,35.53016331590743,35.77416180182956,7207200,123.0438461303711,123.74235967293363,120.55181235803465,120.58012969605589,2863700,59.87300491333008,60.16832256164847,59.49195375170181,59.64437494315469,6861000,99.58796691894531,99.90602876239015,97.07987082597907,97.18891426206113,2687600,53.722190856933594,54.23454337742215,53.107371385909,53.1446340335012,8113500,116.26822662353516,117.3739606288318,113.89089077905348,114.1396854998007,3849500,95.70978546142578,96.28355684095617,95.29995471753577,95.72800417578745,15159600
2023-07-27,35.46584701538086,36.61570115450899,35.35804904654651,36.38213831756196,4127500,106.47724914550781,108.41771436449476,106.0634087786234,107.91190323485016,4568500,24.67538833618164,25.132848272488783,24.602194816175345,25.02305886501492,4717100,141.99984741210938,144.49902826765515,141.60851409062911,144.16105611346788,6470100,47.51066970825195,48.811708976611264,47.31960540057281,48.7662153262678,7478600,116.63752746582031,118.16841993697804,115.97625921206742,117.76078920034153,3090800,130.0177459716797,132.0713676520957,129.45029317395904,131.4408584351747,1558600,35.595855712890625,36.28093238483504,35.436315348219956,36.07446964700744,8023100,122.31698608398438,123.98778084323642,120.8916274293337,123.35532196101539,3027200,58.92036819458008,60.396952717868395,58.65363203326703,60.349318145627365,7804900,98.95185852050781,100.73297297724552,98.87007594227076,99.94238032197865,2925800,53.11668395996094,54.16001312205878,52.93037429262456,54.00165221463772,7791900,115.61398315429688,118.29539792353927,115.09797496368707,117.49373631591246,4422400,96.01034545898438,97.44020901133432,95.39104110168859,96.53857707664349,17677900
2023-07-28,36.06772232055664,36.12161958583759,35.286177705630124,35.744325021529846,2765300,106.61519622802734,106.95546980111376,105.4564334000422,106.44046020179594,3138800,25.07795524597168,25.105403472211474,24.647943505309296,24.968165831155076,4724300,141.2971954345703,141.41282032220664,139.1982373070738,140.88808418308156,6542300,48.2203254699707,48.238522235686034,47.38329507113448,47.81090691807116,5559400,118.3948745727539,118.57604224035106,115.72261346462665,117.13574062297424,3131900,131.17962646484375,131.20664671119818,128.54054828326946,130.51309498597797,1737000,35.81170654296875,35.839859254843034,35.398784589037454,35.661552779725724,6448100,124.44084930419922,124.54468431281639,122.41134948186816,122.79837218703437,2556500,59.13948059082031,59.23474247298794,58.39642410068293,59.158530060047546,6211300,100.27861022949219,100.57849355934209,99.12452323244808,99.48801754744093,2141100,53.2377815246582,53.507926789480024,52.762691733217835,53.20983276697515,7019900,118.93119812011719,119.3826982544202,116.03784741361045,116.78421740393622,2958600,94.8628158569336,95.77355714458432,93.18704827448586,95.72801730083994,17566400
2023-07-31,36.37315368652344,36.59773476937547,36.1485726036714,36.29230435962329,3896500,108.26136779785156,108.74878193464126,107.37850326428055,107.801542081426,4126100,25.1968936920166,25.27923487365698,25.068803725425834,25.1968936920166,5418500,145.55740356445312,145.8420009808221,142.8536534684544,143.30725053319696,13056300,49.1301383972168,49.330299330933485,48.611542769567066,48.675229708353676,6926000,120.05260467529297,120.45118190038052,118.84781945299078,119.18299420438306,2803900,132.69284057617188,132.85496206846693,130.56716063332567,130.56716063332567,2219800,36.675086975097656,36.81585408988527,36.055698782221235,36.196469476956324,8726200,125.56415557861328,126.39482127181323,124.5163711487988,124.62964046979765,4066100,60.139747619628906,60.24453787517492,59.49195661626083,59.587218502752826,9513700,101.36907958984375,101.38725118327336,100.50577984079318,100.61483020060025,3800800,54.34632110595703,54.681677786062195,53.45203899471742,53.62903121874571,8278400,118.78377532958984,121.17032047243889,118.3414705003604,119.95400328231301,4358800,97.66789245605469,98.23255454838852,95.80087700999765,95.80087700999765,24197000
2023-08-01,36.14857482910156,36.292306593902076,35.41194567930893,36.004843064301056,3050300,107.94868469238281,108.36253205477931,106.85430423784857,107.83833100885074,3308200,25.251789093017578,25.297534389090558,24.867522672762508,24.968164418208488,6409900,144.3478240966797,145.53960198968656,142.79139349027585,145.53960198968656,7531400,48.83900451660156,49.07555554356652,48.274918628701734,48.82080774980758,7363700,119.3460464477539,119.61780491568223,117.90574453660663,119.15581137354113,2587300,133.19723510742188,133.75567189848718,130.45006199307642,131.6840324805987,3894300,36.853397369384766,36.87216703602449,35.91493551708553,36.41231915322081,6478600,127.37654113769531,127.43317580015352,123.85561372079675,124.40309172690974,3491300,59.672950744628906,60.101636466589,59.16805624654686,59.68247911289898,6603100,101.87798309326172,102.18694876068491,100.55123471011748,101.04195100521098,2694200,53.666297912597656,54.23454082416102,53.079423678115326,54.048231148532814,6930400,118.65474700927734,119.66833038322358,117.37392907254194,118.43359464360712,3344700,97.10323333740234,97.74074942490601,96.11052177439896,97.40377266528023,14177400
2023-08-02,35.04363250732422,35.708394055408654,34.54057304839762,35.65449335902271,5854500,106.30252075195312,108.09584550883505,105.6771644251209,107.31414308391018,4577800,24.730283737182617,25.206040724530425,24.464956147732085,25.169444838613405,5191400,142.06207275390625,143.38726698439166,140.57679504952142,143.34279482908744,7067100,45.25431823730469,47.32870076358504,44.93588007028653,47.32870076358504,21330900,117.7970199584961,119.40944967240299,116.56506035135705,118.4401811347663,3250400,132.2154541015625,133.0801433134973,130.62120441220367,132.8459632374875,2429800,36.62815856933594,36.90031331828311,35.9993909561965,36.468621800610016,6003300,128.25442504882812,129.7175497810817,126.15885582529646,127.5464628625952,4477300,58.558380126953125,59.196642802767876,57.805798819105185,59.025168488726365,11352600,99.04273986816406,102.90485247198148,98.23396860695206,101.01469439619352,4886000,53.535884857177734,53.72219098847156,52.576391223918506,53.30299863949878,6726900,117.31729888916016,119.96439749057505,116.5092434765405,118.26468348589414,4188700,95.8919448852539,96.8846494901479,95.23621008828708,96.77536498958953,13484100
2023-08-03,37.42418670654297,37.81046639362196,36.14856796453139,36.30128143639126,7393900,105.75072479248047,107.86592606447684,103.92981873836145,105.6771580043953,7285300,25.343278884887695,25.471367097084478,24.75772903255024,24.8675201751982,4885600,142.00872802734375,143.81418645942807,141.279436165757,142.2221862549047,6680700,46.24602127075195,47.08305163387313,45.39079067201384,45.53636132084701,12952100,119.29167938232422,120.7501019888608,117.67019619093732,118.0868942880368,4302100,133.67459106445312,135.5570747171711,132.1523864981946,133.17019484590347,2520700,37.2475471496582,37.52908855056596,36.56247047267443,36.62816251156686,8055200,128.58482360839844,129.68924298020738,126.15886607282667,127.85797833850532,3716500,59.26332092285156,59.52053236816983,57.18657989088147,57.30089851147263,12127000,100.33313751220703,100.65119243357559,97.60694058662973,99.54253790788178,3510700,54.0109748840332,54.3835942793142,53.386841483533736,53.75945732525282,7387300,116.6578369140625,117.4473192753354,113.84356057855878,116.2956037472877,3445500,97.55860137939453,98.2507596994269,95.90105264726812,96.43838662848303,16280400
2023-08-04,37.61283874511719,38.32251578839977,37.40622456039606,37.783522561026,7137500,104.57356262207031,107.31412695387347,104.45401046280152,106.56001306655317,6928700,25.22434425354004,25.64520836319211,25.206045434626596,25.517118375869433,7128700,141.6885223388672,144.9881606365941,141.44838357183156,142.8892026030498,10185400,46.218727111816406,47.2923120117349,46.11864663409342,46.51896854498535,11888800,117.5796127319336,123.12342350914362,116.99986790439664,122.2900411834472,5719600,133.81874084472656,135.29590744962513,133.37738717393404,134.79149736424677,1640300,37.11616897583008,37.63232232635121,36.95663216455643,37.454015846701566,8516400,130.2178192138672,132.01133174854974,129.12283443313785,129.58537483280588,3483600,60.511268615722656,61.473426665081654,59.55863530055198,59.63484407608162,14326800,100.3967514038086,102.8503259346488,100.36948360997825,101.39635558551839,2650300,53.722190856933594,54.588527868863025,53.62903779151477,54.25317470121824,7626900,117.85598754882812,119.23991118106635,116.80644114745976,117.82812455114274,2664700,97.83182525634766,99.4893740847382,97.74986187753267,98.32362637445094,14279600
2023-08-07,37.88233947753906,38.12488748427876,37.469111063168796,37.657758370576644,3076900,105.28170013427734,105.3920538167971,104.15052577376407,105.2908915968982,3635100,25.43477439880371,25.736697918279802,25.352431462121928,25.37073028028929,7636800,142.20437622070312,143.5295704325341,141.48397345630377,143.2004873447125,13927400,46.22783279418945,46.71913165291458,45.945788093084616,46.21873267474939,6614000,115.61392211914062,118.15937168389613,115.260640288602,118.15937168389613,3865100,133.8367462158203,135.22384990972049,133.37738820340303,134.71043765133976,1416700,37.15370559692383,37.52909177710937,36.9941652173632,37.20062797446004,5471600,132.1529541015625,133.75766566351854,131.0013343492523,131.3411568073689,4106300,60.87327575683594,61.24480220165851,60.520798782099824,60.79706334045795,8879200,101.26913452148438,102.5231826589038,100.90564019767253,100.94199032336147,2982000,54.00165557861328,54.411534029437185,53.73150672182497,53.9364477240177,5956400,120.08511352539062,120.93962603719703,117.54019856337032,118.11605275084699,3045800,97.63145446777344,98.74255985042763,97.00304776078028,98.26897748078032,12410800
2023-08-08,38.92440414428711,39.04118386770872,37.01995364329924,37.055887447507196,5452900,106.30252075195312,106.48645527430195,102.357221722859,103.59874992907905,4281300,25.251789093017578,25.306683797319394,24.16303394478301,24.382614507061454,10956200,141.99093627929688,142.11545018580915,138.9403387842472,140.4700888191111,6451300,46.191436767578125,46.2096335347986,44.44458529187583,45.1906353945229,6899400,116.31141662597656,116.52882612936357,113.01412209118604,113.71162524235054,2958900,134.3861846923828,134.48526353046154,129.91866229701708,130.8103580959555,1942300,37.33201217651367,37.43524355537449,35.90554969941898,36.25278317012317,6971800,133.83316040039062,134.62607453209162,129.85914102852686,130.79364182534363,4232200,60.730377197265625,60.873273656038826,59.48242617720446,60.01590217141544,7304600,102.39595794677734,103.08659645023981,99.02456187642434,99.88785480594439,2865000,54.50468826293945,54.59784488119249,52.241037519595906,52.911747403209624,7751000,121.98918151855469,122.58361584086678,117.07581187330352,118.39471258304498,4119000,98.1141586303711,98.1323703982051,95.48211000627701,96.57500368323467,14065600
2023-08-09,39.723907470703125,40.712062974946825,39.445425663184814,39.52627499912008,5970800,107.0842056274414,109.29136325821408,106.95545499952577,107.35090536137609,4818800,25.883081436157227,26.450330723006704,25.64520208374355,25.75499148019848,10552900,142.1776885986328,143.58292447667156,141.6885220633985,143.06707736415134,10531500,46.573551177978516,47.30140787016723,46.2460198313071,46.75551535102569,7379700,118.49453735351562,119.64497364669604,117.20822874398719,117.41657090312391,3389200,136.2611846923828,137.45686222052262,135.08364108153296,135.47313329893458,2306600,37.97016525268555,38.55201417205127,37.407089579693746,37.53847366472864,9005800,135.97593688964844,138.34524509807838,134.3429081851458,134.98478697173792,4779300,60.78753662109375,61.9878530678001,60.663693265526234,61.159059419780476,10757500,103.97714233398438,105.22210801182837,102.69583346726448,102.95936665161437,3864800,55.43622970581055,56.00447260464958,54.672363251045056,54.96114341948037,11975900,124.41334533691406,126.00160708135445,122.00774536566631,122.9736956964133,3898000,99.78081512451172,100.56405320246589,98.64238849357888,99.00668640515833,19919600
2023-08-10,39.6610221862793,40.146114740217136,39.310672804497095,39.69695255657563,3617200,106.52323913574219,108.14182078786655,105.90707429034083,106.94627800048272,3589300,25.45307159423828,26.038619777692112,25.324983365375562,25.773293911466308,5906900,143.04043579101562,144.507922225876,141.96426912005188,142.59574128699742,8647100,46.182334899902344,47.07395910655123,45.70923285279825,46.69183395074766,6296900,118.71194458007812,119.89860886053908,117.54338739330638,118.66664920143732,2342900,135.59991455078125,137.4387099190004,134.657877118531,136.2611527625025,1668300,37.87631607055664,38.41123897131957,37.5947782669889,37.885699112698354,6919500,137.13697814941406,139.25143015211043,136.1835943678971,136.8821077589691,4137200,60.71132278442383,61.54964114752964,60.25405921382279,60.92090328370224,7611100,104.2043228149414,105.58559968262087,103.83174620703986,104.47694525629508,2587700,54.88661575317383,55.846109275886214,54.34632163826003,55.32444292910629,8857100,125.25857543945312,127.19049050018438,124.09756981442943,125.11926043342307,3738700,100.29082489013672,101.66603911909615,99.67152058727935,100.35457649711891,15837200
2023-08-11,40.31679916381836,40.81985862381674,39.52627274931804,39.66102277715221,4156500,108.3441390991211,108.56486050710676,106.1921579941409,106.66118221563043,3771600,25.663501739501953,25.782442300231253,25.36157825121621,25.36157825121621,5615500,145.99317932128906,146.01097089878022,142.4623043796467,142.74691533551584,6682600,45.863895416259766,46.56445523717312,45.68193124045352,45.92758235719025,9473100,119.87142944335938,120.32435556662959,118.42206032001135,118.51265107354874,1845500,135.56373596191406,136.38802764409985,134.56733790415268,135.11083026685614,1650100,38.195396423339844,38.33616354701993,37.74493518365769,37.782470935337095,6466000,141.3564453125,141.3658796227436,137.54289546265625,137.55232977289987,4396000,62.721370697021484,62.90237334318843,60.968528977563736,60.968528977563736,17115400,105.99453735351562,106.5852147487071,104.54056702671325,104.54056702671325,2559000,55.566650390625,55.827481805226746,54.7096273013369,54.81209780094802,7092000,129.15953063964844,129.39173172714166,125.59292533713545,125.6765143272499,3420600,101.84819793701172,102.06677389635567,100.22707958743548,100.51851651602891,14047000
2023-08-14,40.119163513183594,40.23594663289751,39.49033581135483,40.18204594068295,3319300,108.2337875366211,108.31655280395276,106.95547250990381,107.75556482631319,4252400,25.590309143066406,25.992874390333778,25.45307150617812,25.928830276123993,5336400,145.88644409179688,146.082110713897,144.62351362160265,145.6552078888586,6060100,45.754722595214844,45.7638192430542,45.13604642178942,45.63644534923337,6192200,119.10145568847656,119.70837506650395,118.17749630102483,119.63591904656225,1438900,134.9115447998047,135.9260490897952,134.34994618521486,135.65430292023794,1347900,37.82939910888672,38.22355137424886,37.58539701894527,38.08278424231149,5140100,140.21424865722656,141.30923350490315,139.2608648728936,140.6484717532107,3440300,62.02595901489258,62.683278362913526,61.37816803557193,62.435591652816164,7953300,104.2043228149414,106.28532044691615,103.86809632809212,105.84004359691006,3043900,55.4455451965332,55.70637659527447,55.0356667765739,55.38033734684789,5736400,126.78176879882812,128.30500706585104,125.57432054721106,127.97063699882519,3410300,101.9301528930664,101.98480208968978,100.89190848647286,101.71157695178458,12973400
2023-08-15,39.4005012512207,39.759828886892876,38.825574292677246,39.69694646497937,3948400,106.69126892089844,107.92896182190191,106.19249494608619,107.60568435126072,4214900,25.297534942626953,25.480519621065145,25.169446714762955,25.389027281846047,5507900,141.62628173828125,145.33503151943168,141.50176784530487,145.32612894572134,7876500,44.75392150878906,45.49087493213383,44.53556725269468,45.427187984883105,7083500,116.98175811767578,118.58512045813492,116.42013415007662,118.44923432834887,1598200,133.52565002441406,134.34087468393946,132.44773234195048,133.8064493222154,1713900,37.05986022949219,37.622935910518585,36.78770543235201,37.519704533675906,5698200,135.30929565429688,138.8196452741684,134.45543543556383,137.23523671732977,5569500,60.53984451293945,61.825901627626465,60.368370230981185,61.825901627626465,7857300,103.07750701904297,104.08620044579803,102.21421409091947,102.45047950157972,5087600,54.337013244628906,54.83073088197277,53.90849990946463,54.81209955839505,6040000,121.80341339111328,123.94894937457666,120.96749506616918,123.46596709869979,4969600,99.31327819824219,101.79243443877695,99.13881661648529,101.69143110253493,14909600
2023-08-16,39.202880859375,40.083238463267314,39.07711597693839,39.526278229546875,3361000,105.8876953125,107.98439386483896,105.81380130032046,106.91295182899827,3767200,25.398910522460938,25.6569552439467,25.37126406651358,25.37126406651358,4581800,141.0837860107422,143.92982818929693,140.94148050906455,142.76473073268542,7920500,44.14434051513672,45.01776438321913,44.12614375071693,44.76301662269791,6439900,116.49260711669922,118.67570057625791,116.02156006743208,117.42563384634593,1820000,133.08181762695312,135.0293205527928,132.73760485032588,133.80646955699612,1564600,36.872169494628906,37.529093551031075,36.77832115517254,37.13493768521053,7092200,134.15182495117188,137.71909647638913,133.8672145436262,135.29032448784636,3623300,59.58721160888672,61.254323501686564,59.53958067115132,60.854215629892465,7805700,102.93209838867188,104.76774140695225,102.88666593624674,103.59547597838551,3904400,53.81534957885742,54.78415713274267,53.58246335264818,54.32769856580538,6234300,121.61766052246094,123.8003425406069,121.18112128434542,122.13778876214795,3502600,97.64212799072266,100.38757193571612,97.58703781301824,99.42345179370842,13695100
2023-08-17,39.571189880371094,40.1281500593533,39.41847637437424,40.02035208883577,3345200,107.81813049316406,108.88032691594974,107.34706499762261,107.60568698045462,4044700,25.739898681640625,26.11774882186852,25.67538793932648,25.80440942395477,4689500,143.44534301757812,145.59141051216295,142.74495370646994,142.93351268177162,8270500,44.635643005371094,45.32710270400668,44.535562535811664,44.8085070623605,5943000,117.51619720458984,119.02896865773359,117.28068061826689,118.44922382645571,1837500,133.61622619628906,135.9985144506821,133.40789345749545,135.31915594360433,1166300,36.853397369384766,37.85755126494912,36.73139632620046,37.58539646859485,4501500,135.1859588623047,137.75703598519078,134.9772349179923,136.0018757873561,3351400,60.16832733154297,61.14954223618989,60.06353707273531,60.33980163977221,7863000,104.18871307373047,106.19745982392587,104.08782366883106,104.31713240294661,4704400,53.927127838134766,54.99840577826221,53.78739825044079,54.73757081815628,5925600,122.62078094482422,125.02638133354222,122.54647487995926,123.39169042381134,3311100,99.53363800048828,101.14050021496224,98.633792078023,98.633792078023,16709500
2023-08-18,39.723907470703125,39.83170544300489,39.014230347141975,39.104061419587495,3379400,108.33538818359375,109.01889023151546,106.82059605202595,106.9960855357969,4267600,25.601659774780273,25.712249110687946,25.408125800263146,25.46342046821698,7004200,144.4779815673828,144.85512696559397,142.01764425480638,142.2151913866602,5999200,45.481773376464844,45.509066787861926,44.0806537467823,44.12614392267008,6305600,118.33147430419922,118.44922568810784,116.03966940217387,116.70999116693885,2046500,134.0963134765625,134.63075270657683,131.96766498106825,132.28469067788566,1497700,36.97539520263672,37.14431860778172,36.318471247066995,36.41231599217086,6631500,137.2067413330078,137.30162110095188,133.8861521276466,134.24667787388995,3154500,61.035221099853516,61.18764593113412,59.491956023217334,59.51100912712741,7518600,104.784912109375,105.28021979084039,103.28982175457999,103.28982175457999,4896500,54.05754089355469,54.178642706473426,53.06078829186952,53.26572927472258,7095400,124.06971740722656,124.59912864777785,121.33902967641512,121.39475568358546,3012100,101.03948974609375,101.18639920967433,98.81743069354596,98.83579174948248,16224000
2023-08-21,39.436439514160156,40.22696245836978,39.09507530875783,39.99339964004316,2603800,108.26148986816406,110.01643396465869,107.64264334870725,109.12048841267915,3271600,25.988725662231445,26.034804258690034,25.564795192112133,25.896566711528482,4656700,143.9930877685547,145.528565106404,143.17596232150376,144.74735108825277,6802300,45.64553451538086,46.29150746780049,45.136039023608205,46.027659604888086,6526700,118.09596252441406,119.92578808086415,117.42564065388987,119.15580808005129,1627400,134.46768188476562,136.1524914200964,133.27201818120557,135.3010266046004,2390900,36.600006103515625,37.332005080002816,36.318468311016495,37.07861999276942,6803600,135.52749633789062,138.00370797980673,134.03796779191822,137.66216104724515,3495100,60.71132278442383,61.892589733982376,60.292165419874834,61.6163251911168,6809800,103.95024871826172,105.83975066051046,102.9321172644612,105.39030745052807,2662600,53.507930755615234,54.80278098170192,53.135314976645496,54.48605561511892,6269300,121.82200622558594,124.97065303269021,120.1315751689296,124.53411376739687,3734000,99.81829071044922,101.90262470263698,99.29491295567047,101.33333379176582,11092400
2023-08-22,38.2775993347168,39.6430526949012,38.2326838046574,39.517287840000776,3710300,107.28241729736328,108.75102382669557,107.21776179695723,108.61247431241945,3194300,25.712249755859375,26.053237358666657,25.656955086518085,25.961078404573943,3862500,142.8077850341797,144.79223031235713,142.74493661707746,144.1098036477375,6080800,45.25431823730469,46.000368215025794,45.236121473131256,45.782010515622545,4686500,117.07234954833984,119.15579866169968,117.00893325629771,118.21371840522283,1892500,134.33181762695312,135.37349508612846,133.97855177525526,134.75755004074077,1384300,36.20586013793945,36.7126268196302,36.02755009405852,36.703243776243355,7403800,135.62237548828125,136.89368357061807,135.22390643903938,135.90700037391773,2330000,59.93016052246094,60.825634512704156,59.90158268645553,60.71131953467489,5116900,103.59252166748047,104.76658133112757,103.2990067515687,104.28961521905369,2217200,52.54844284057617,53.526564185028825,52.39939581240778,53.43341112500913,8607600,121.57119750976562,122.89939506393208,121.26469038188105,122.04488261335308,2562600,99.2581787109375,100.74567662400123,99.12044625513023,100.24065995449585,10518800
2023-08-23,38.2147216796875,38.35845344992859,37.26249656006797,37.76555946932964,4607700,106.9683837890625,107.45791935617,105.16726103330443,106.22946470458922,3136700,25.463422775268555,25.5279352778098,25.140869051492146,25.42656024588809,5460600,142.99636840820312,143.14004151723705,140.70662790062886,141.99965847909064,4975600,44.89039611816406,44.93588629956481,44.11705262231631,44.71753204056989,5748500,116.75530242919922,116.79153043943808,114.78960459627359,115.91285951350187,1708200,134.2593536376953,134.34087333851465,131.65061263880642,133.1270894988142,1876300,36.33723831176758,36.53431441035137,35.370620322621136,35.68031440320764,6202600,135.90701293945312,136.0777792006497,132.52000399281062,134.5787826525096,3645600,58.89179229736328,59.22521250998194,57.95821206802328,59.196634672902555,8758500,102.96878814697266,103.1338907029796,101.0425963255229,102.66609896130217,2027400,53.927127838134766,54.16933147583589,51.71936765980513,51.86841468548221,10717600,120.159423828125,121.03250225449497,117.15009947774338,120.28017293845342,4025800,98.38587951660156,98.52361196496615,97.07284325220404,98.28487618815842,11435600
2023-08-24,37.93624496459961,38.60100663291207,37.77454627303269,37.80149833951796,2737600,106.03549194335938,107.49486004429188,105.98006790626573,106.3957164733216,3538500,25.62009048461914,25.69381729542349,25.242240359523635,25.26988857274495,5657500,141.820068359375,143.57104148983873,141.47884816421032,141.63149569851524,5989600,44.43547821044922,44.96317045323043,44.271710814594925,44.54465531745953,5261800,113.8475112915039,116.72812172889564,113.56669930497746,115.4508667364285,2811100,134.97494506835938,135.7086638762337,133.18144245503024,133.39884215605792,2932500,35.88677978515625,36.50616441231887,35.78354841730455,36.13077827103044,4365000,136.2390594482422,137.33010457476752,134.75901300023418,135.52750450225892,2888200,58.444053649902344,59.120426079612784,58.15826437619776,58.4535820182969,6267100,103.08802795410156,103.84933458659899,102.31755401129463,102.3817601731952,1713600,52.90243148803711,54.038913758618676,52.82790619629458,53.47998828479571,6685900,120.24301147460938,120.99534069352916,118.59902388766272,119.55569118732973,2764700,97.65130615234375,98.9551583189725,97.39420933135926,97.71558035758987,10818500
2023-08-25,38.38540267944336,38.73574866064551,37.80149385305169,38.421336479268135,2577700,107.62416076660156,108.18759026924143,105.99853480359809,106.85753330377683,3710300,25.564796447753906,25.804409028236115,25.398910679898076,25.76754474302999,4703000,142.879638671875,143.58901611600453,141.55967103923027,142.8347528120425,5291800,45.88209915161133,46.24602755851416,44.708433683562134,44.963181485987015,10108500,115.1156997680664,115.60486078766544,113.18623015001955,114.5087804499191,2417400,135.4640655517578,135.88073095698945,133.81548255983824,135.53653210518544,1598200,35.80232238769531,36.28093637444258,35.5113979142149,36.14955228317658,5922600,136.5995635986328,138.21241849611684,134.9961908883462,136.8652096063774,4481100,58.910850524902344,59.41574507193498,58.27258424721211,59.053746990745736,6790000,104.46387481689453,104.98669839301967,102.50099282948113,103.45491789780436,2262100,52.59501647949219,53.32162381123851,52.306239877168004,53.275043730227665,8619100,123.6424331665039,126.11305619143332,119.89006974856605,121.25541330589915,5167200,99.39591217041016,100.02029323839264,97.89923721577975,98.64298267713984,13579300
2023-08-28,38.53812026977539,39.02321286830516,38.20573775600499,38.55608374315709,2110400,108.54782104492188,109.36064112037093,107.53180299753174,107.58722703253493,2821600,25.703035354614258,26.016374764215833,25.546365649813467,25.776762171121337,2822300,143.85836791992188,145.28608322222578,142.96940612908506,143.2477641652226,4386100,46.00946807861328,46.91928552682897,45.827503894834514,46.14594208411689,4757700,115.4236831665039,116.75528697745236,114.71711957157706,115.68638112814916,1836100,136.48764038085938,137.65614470078182,135.69053583360184,135.87169532972476,1237900,36.32785415649414,36.684470630487795,35.88677956018499,36.065086007208045,4747900,135.69827270507812,137.82345538609937,134.92031348071725,136.8272755519762,2520300,59.291900634765625,59.84442608185479,58.95847678561849,59.22521295772996,4840300,103.76679229736328,105.28023143625653,103.29900748919171,103.88603732520703,1702200,53.87124252319336,53.973709475775834,52.74407050916887,52.74407050916887,4813200,122.23066711425781,123.67030262464299,121.21825952728828,123.67030262464299,2680100,100.23148345947266,101.03950312960173,99.57037327238355,99.57955029888598,10382100
2023-08-29,39.13998794555664,39.22981900130803,38.295564370254205,38.538112332985094,2896400,108.6771240234375,109.08352695787889,107.67957609477916,108.86185198937267,3213700,25.850486755371094,25.850486755371094,25.50028484664981,25.712249206080738,3676300,143.6339111328125,144.52285939099136,142.86168528849655,144.4869479639771,5374800,46.1550407409668,46.40978852694122,45.63644505055985,46.11864720849094,4677800,115.81320190429688,115.90378574169796,114.08302780329377,115.52332947795115,2175000,136.94960021972656,137.00394668133706,135.19232424588137,135.87168265917725,1175100,36.365394592285156,36.52493137921837,36.04631743847107,36.44985629711675,3945200,135.92599487304688,136.10625780392064,134.39852277014896,135.55598682211507,2673600,59.44432830810547,59.51101235840749,58.82511511643446,59.43479993862907,5509500,103.36321258544922,104.12451230372278,102.75783413699939,103.81265576818018,1933200,54.23454284667969,54.43016641428184,53.26573534013336,53.98302530823622,4911000,122.03561401367188,122.82510345152684,120.12227914726301,122.44429023221181,3041800,100.82830047607422,101.02112309022291,99.55199340716413,100.69057504122723,9665000
2023-08-30,39.274742126464844,39.580172546021295,39.122025203268876,39.36457319175507,2589400,109.6377182006836,109.85940021671271,109.00040178363044,109.240546730615,2847500,25.93343162536621,26.12696561544369,25.832058352264617,25.90578516805939,4256700,143.8314208984375,144.7922192556058,143.60693683757611,144.19957804659094,5534900,46.09135055541992,46.537162620224166,46.04586037836105,46.40068861836951,4350300,115.74073791503906,116.55600631502878,115.4599259315831,116.4654293841572,1642100,137.05831909179688,137.71955753588549,136.84093320419782,137.23042546720274,1518000,36.51554870605469,36.9284706116624,36.402934291788526,36.60001041174123,7221600,135.80262756347656,136.59008341104084,135.52749936450684,136.4667425925603,2539300,59.663429260253906,59.97779638414317,59.46337348977026,59.634847787894564,4714500,104.24375915527344,104.56479000570141,103.41824625563889,103.50996835605436,2113400,54.961143493652344,54.970457378135094,54.364955387036794,54.71894340792531,5843100,122.09132385253906,122.50000001698804,120.5216422992823,122.3885480348398,3167900,101.81079864501953,102.04953444764166,100.98441787620243,101.40679229292525,11922100
2023-08-31,39.382537841796875,39.56220338895555,39.014225012197464,39.46338716667652,2777200,109.94253540039062,110.43207089692585,109.08353689142025,110.0718463977048,4395700,25.979507446289062,26.06245031929467,25.76754134983828,25.9426431659374,5752200,144.65753173828125,144.78324226208096,143.6069342948029,144.57670706472328,7003700,46.48257064819336,46.66453482054138,45.9548748954519,46.40978359098298,6783900,116.51072692871094,116.82778078579541,114.85302235084582,116.14839151108026,2757400,137.4840545654297,137.71956055602152,136.0981642152541,137.49310770374987,1370600,36.243404388427734,36.684482709922314,36.14017298723124,36.64694336767837,8361600,135.45159912109375,136.38136016651393,132.65281932082706,136.1916150824762,5114500,59.81584930419922,60.07306074643799,59.35858572933291,59.996848333623014,10915100,104.71154022216797,105.12429313066629,102.79451562980185,104.28960600723802,3086400,54.92388916015625,55.31513988530604,54.26249310138904,55.07293620936523,10102500,120.65170288085938,122.6950841865469,119.23993019820745,122.43502005171982,4154100,102.09542846679688,102.30661213289137,101.57205080881285,102.03115426337297,17479800
2023-09-01,40.496463775634766,40.75697523552371,39.97543400218592,40.01136779901042,3421300,112.81510925292969,113.14762528691433,110.81078158196549,110.83849007697731,6398300,26.228336334228516,26.440302447058286,26.173041667213948,26.265200617428746,4288900,147.53091430664062,147.88110886211936,146.0403369878671,146.0403369878671,6663000,48.14753723144531,48.529662360780236,47.09214914047368,47.23771979196363,9339800,118.6485366821289,119.35510040785945,117.76080525122308,118.38584558295622,2462000,140.09278869628906,140.60004084803418,138.10905960018374,138.4985518518507,2555600,37.360172271728516,37.43524736766948,36.675095464006276,36.95663333869444,8629600,138.4780731201172,139.37937307086645,137.2826516592349,137.66215628039635,3027600,61.51153564453125,61.77827182192859,60.49221824203956,60.64463943398202,9029500,107.47241973876953,107.60083207471388,105.5737436310811,106.51849453036338,2787700,56.00447082519531,56.34914495018445,55.41760017606283,55.75295330975512,6921700,124.06971740722656,125.01710204642164,122.40714927366821,122.60220447119751,2999600,104.23484802246094,104.51031290469285,103.02281515029382,103.02281515029382,14843500
2023-09-05,40.71206283569336,41.45767375641669,40.68511419941903,40.78393043487256,4229400,113.45242309570312,115.44751208158188,113.20303256814277,113.39699906351149,5785700,25.942646026611328,26.46794977504787,25.924213884403,26.228337199697094,6228100,149.47047424316406,150.45819589757343,148.33906579895609,148.41090234314547,9755800,48.675235748291016,49.55775982481167,48.39319107675393,48.58425538750011,8350700,120.8316421508789,122.66146773383177,119.27357503227898,119.53627994929704,3737700,139.6670379638672,141.70511326345166,139.40434496294554,140.33732943880648,2018700,38.34952926635742,38.528555255521006,37.57688548980742,37.65226352941529,8428300,139.48373413085938,140.6886232941316,138.71525718332674,139.11372617550586,3080900,63.04527282714844,63.73116997410808,61.921165229190215,62.121217352384214,15600800,107.0780029296875,108.93998870332501,107.05048700167467,107.9585476158337,2327000,56.32252502441406,57.20183596668523,56.08866633864413,56.31317224707942,8428600,123.6424331665039,125.52790490331057,123.05729605081113,124.83130162599491,2997600,104.24402618408203,106.35590481465445,104.21648109848229,104.76740382656476,18304000
2023-09-06,40.11018753051758,40.76596395908769,39.849672621036966,40.41561797653449,3448300,113.6740951538086,114.01584966365202,112.6118916663304,113.1199041746219,4664000,25.868921279907227,26.01637491376901,25.60166222770248,25.758331933403873,5123200,149.62313842773438,150.3504646792149,148.68030251968054,149.30885522457598,7195500,48.6661376953125,49.2575169647347,48.35679961860553,48.59335063223877,5102700,120.5870361328125,121.78276762875358,119.59966058741722,120.69574779202988,2015400,141.3971405029297,141.9949654186616,139.06014583835844,139.07825211167147,2533900,38.519134521484375,38.62278247150564,38.06685549862317,38.15165804005928,5467800,140.3091278076172,140.98273943228008,138.53498902216901,139.13268524936072,2593800,62.46416473388672,63.350113987134165,61.88305784369134,62.7499576290047,8177800,106.98628997802734,108.22455583003344,106.04153904648156,107.19725710739617,1764200,57.0615119934082,57.398269028575584,56.219619405489766,56.42541616440314,9299800,124.48765563964844,125.40717712018885,122.43500580205979,123.50312521918357,3163400,105.14387512207031,105.21732635072227,103.96857139928564,104.19812312655961,13325500
2023-09-07,39.8586540222168,40.40663247312165,39.60712427826142,39.88560608538041,3805500,112.41793060302734,114.23753016085148,112.32556660985739,113.60020662821313,3503900,25.76754379272461,26.044020648216495,25.647738385794852,25.721465195702194,7031800,149.63209533691406,150.76349007324035,149.30883774061803,150.0810634594686,7925900,47.76542282104492,48.920891561006876,47.638048915497386,48.49327618894417,7234400,119.16487121582031,121.2211597791945,119.01993153245274,120.64140104572427,1588700,140.28302001953125,142.38450929550476,139.81200799967763,141.21600474176142,1840700,38.70758056640625,38.87718203540133,38.35894593922157,38.434327564902716,7347200,143.1553497314453,143.2881727261327,140.41349225233947,141.01120296674304,3641400,61.68085861206055,62.66477079072977,61.55667799806137,62.378198461188035,6617500,108.9216537475586,109.14178818307572,107.10552541018659,107.54580127916837,3348800,56.902503967285156,57.41699242407926,56.77154009007142,57.033464276098115,7867600,126.54959869384766,127.31122509976251,124.46907174902617,124.68270696381516,3691500,104.62969207763672,106.37428689925875,104.40014031177498,105.27244122526797,13248500
2023-09-08,39.759830474853516,40.20899260750897,39.61609872947717,40.11017981686627,4311400,113.350830078125,114.54234468961522,113.10143952969234,113.38777708703803,4368400,25.988725662231445,26.348143636408636,25.924213166289324,26.034804258690034,5627700,150.1439208984375,151.2932781602772,149.69495278986201,150.33247983124437,7434400,47.910987854003906,48.520567363944515,47.8291041428381,48.065658628729636,5123400,120.23377227783203,121.14869194985418,119.68120182024758,120.18847689825117,2398300,141.333740234375,142.8555104508326,140.86271447433052,141.39715366162005,1414800,38.896034240722656,39.23524442679316,38.679317420598586,38.7358536497418,9033800,147.34877014160156,148.82880185427976,144.0281809741139,144.5879339593873,4432100,62.35908889770508,62.80806022815724,61.91967216458788,62.09161847650525,6346600,112.11363983154297,113.33355709250824,109.5453789704572,109.9489646195287,4711200,56.28510284423828,57.211184745255046,55.95770213440413,56.706049162882266,8323600,131.94595336914062,132.95834678349735,127.68274449139835,128.43507380247868,5146900,106.15390014648438,106.55791342373253,104.9694124062127,105.16223501434585,14283200
2023-09-11,38.52913284301758,40.191035033740675,38.36743417739402,40.09221880176677,3557900,111.2448959350586,114.44073809949906,110.67222788769183,114.015858082519,4294500,25.574012756347656,26.237554076141866,25.46342165748901,26.11774866368206,4412000,147.04605102539062,151.38308521888135,146.2468882258502,150.92514261512937,7155100,46.200531005859375,48.36589760264366,45.81840932619771,48.36589760264366,12427600,117.91478729248047,121.71031048202647,117.28974702011209,121.16679359591258,2831300,138.19056701660156,142.96419634437856,137.45686208938994,142.65622382557572,2383900,38.93372344970703,39.74405806193601,38.75469745641695,39.23524280387676,6512500,146.17236328125,149.89142195051534,145.1382257884455,147.9465022609963,3803000,60.98352813720703,62.95135632346191,60.71605768929316,62.76030079779263,7917300,112.21453094482422,113.79217632641027,111.24226404601104,112.72818732358701,3105400,56.84636306762695,57.4356878854861,56.48154413175223,57.07086538121143,8392300,133.50634765625,135.08531227927125,131.18433668932752,132.81902730796605,5554700,104.82251739501953,107.13639601694965,104.28077160717837,106.67729250419367,14383600
2023-09-12,39.70594024658203,39.79577131829393,39.04117866467252,39.12202799994752,2914100,113.68333435058594,114.01585034948224,111.94686034592289,111.99304586401652,4486600,26.2375545501709,26.2375545501709,25.80440973386959,25.822841876976685,4032300,149.78477478027344,150.12599501059856,148.2493111466558,148.4288956936712,7521100,46.755516052246094,47.31960187354215,46.58265199413159,46.71912252295525,8137200,121.4656982421875,121.5834634319629,119.04707492386721,119.09237029087355,2442200,141.58734130859375,142.4478591529656,139.70325242256044,139.9478253077041,2837700,39.913658142089844,40.27171367815785,39.29177410281056,39.39542204175607,8072900,147.84213256835938,148.6959926427436,145.43232524235916,146.72261201747344,2841200,63.45763397216797,63.51494697976958,61.575779150343394,61.61399025141858,11441800,113.99396514892578,114.49844720017865,112.45301006267343,112.70983474405755,4229600,58.09049606323242,58.109205186284456,56.92120263548297,57.342148983152846,11476400,135.84695434570312,136.8222020005109,132.98623450540248,133.71999806868297,4273900,107.88014221191406,108.0454197578637,105.84172148032319,105.90599569233895,20145800
2023-09-13,37.8194580078125,39.85865492234162,36.921133557015665,39.83170628540518,11134700,112.97211456298828,114.25599301466285,112.19624861244561,114.05279506113062,3879700,26.090099334716797,26.32049583619063,25.914999259202467,26.265201168016937,3597800,149.23699951171875,150.62880341620607,148.68028343049167,150.32350838465698,5759500,46.08226013183594,46.95568414376593,45.80931209126412,46.94658402471833,7766900,120.39684295654297,121.88244030455222,119.50004412573706,121.48386304641626,1963400,141.11634826660156,142.23955934925726,139.36813894427803,142.16709278054546,1322200,39.480224609375,40.19633208775652,39.320040450572456,40.036151523347755,6227900,147.5100860595703,148.48728706774108,146.0964727733587,147.95599500232277,3177200,63.35256576538086,63.81109176625043,62.894039764511284,63.51495750584618,9142900,112.97582244873047,114.82864089010285,112.26038033693308,114.42505528941837,2779400,56.7060432434082,58.025005858541064,56.565730197440715,57.931463827896074,7914300,135.12246704101562,136.24632665825217,133.34846131750902,136.1069974876819,3184900,106.9160385131836,108.31171024302382,106.42020583136338,107.80670053393301,13472800
2023-09-14,38.6099739074707,38.90642253990771,38.026065230506276,38.493190801343864,5219800,114.99492645263672,115.35515095969853,114.0158554382555,114.0712724249047,4686200,26.311279296875,26.560107935906355,26.200689962496025,26.394222176552116,4584300,150.16189575195312,151.30227878154145,150.06312220291127,150.5839269431845,8822800,46.78965759277344,47.18470112160527,46.18331228182403,46.81721762817676,9639000,121.98206329345703,123.24119732668795,121.17585537034095,121.80089561385269,2370000,143.04571533203125,143.68884742076787,142.61998292573725,143.11818189284546,1488800,39.77232360839844,40.07384295673264,39.687521067029806,39.98904041536401,5731900,148.18368530273438,149.63525617206673,147.89906044124098,149.09446748756707,3526400,64.28871154785156,64.64215149264157,63.820631007310425,63.94481891268864,9851300,112.7923812866211,113.7371321517585,112.54472393485956,113.65458436646946,2526300,57.622779846191406,57.678907216471615,56.91185099797754,57.40763027938457,6862500,135.5590057373047,137.09154157302407,134.8809824616155,136.534253237775,3737600,108.82589721679688,108.95445264959768,107.73323558358307,107.9352422568022,15210700
2023-09-15,38.142845153808594,38.852522102514556,37.76555063029499,38.41234173158044,9349600,114.13594055175781,116.37118185489163,113.78495451928183,114.57929763476274,12441000,25.730682373046875,26.311280806308886,25.71225023033103,26.071669982146446,10826300,149.5063934326172,151.18552992335177,148.94967731299835,149.24599793514338,17439700,45.64127731323242,46.4129898670149,45.44835005093241,46.394615341379314,26185000,119.73553466796875,121.93676265567838,119.21015256645202,120.94031972754523,4880300,141.0801239013672,143.5711052222581,140.33735192768623,142.0312286245698,3351100,39.678096771240234,40.06441862794931,39.30119582081456,39.57444883015348,11078600,145.92568969726562,147.82316960121886,145.19515588078923,146.32415873990107,11636400,63.190155029296875,64.19316896714585,63.02776333764819,63.72509579614967,23148000,111.01294708251953,112.33376767608196,110.38005271511297,111.87515019197807,9312900,56.668636322021484,57.454398051057154,56.19156262264957,57.117644553641966,19793700,133.4506072998047,134.9645629832785,132.89333317198816,134.4258547390214,8068000,107.1547622680664,108.81672182843273,106.97112365620994,108.25661495529728,34568400
2023-09-18,38.367431640625,38.600997887454206,37.67572148937759,38.59201272504941,3345500,114.97645568847656,116.13102321526632,114.59775415716747,115.62301068471045,4945300,25.712249755859375,25.95186233338609,25.380479982025793,25.868919450481233,5810000,150.1529083251953,151.17655515329656,149.41659398671555,150.73656143629617,7027600,45.47591018676758,46.10063004141704,45.09005566132184,45.93526281491675,9265500,119.46380615234375,121.23926892592922,118.80252401911,121.13057107266744,1998900,141.5420684814453,142.59281290454095,140.7087237456885,142.2938935175439,1018200,40.177486419677734,40.34709148347362,39.72520744768663,40.01730585631149,5135200,148.3260040283203,149.73963180085536,147.1495757258565,147.54804477765455,3003600,63.35256576538086,64.13587524718108,62.5405997750307,64.12632064832326,7746800,112.31541442871094,113.65458358529332,110.98542657880495,112.38879490265053,2237500,57.257957458496094,57.79115495507766,56.89313849435083,57.061517026787136,6232100,135.86550903320312,137.8531499193916,134.49088246383567,135.0667366674023,4418400,108.01786041259766,108.56878315793632,107.15474367483732,107.91685709199324,14045300
2023-09-19,37.88233947753906,38.92439910360698,37.51402659919413,38.86151324096862,2464900,113.75724029541016,116.40812300476976,112.85205619302204,116.23262647390683,4190700,25.380475997924805,26.00715292025376,25.279100988557584,26.00715292025376,5212200,150.1349334716797,151.7153099901877,149.44351874483243,151.47286337402215,6615100,45.00736618041992,46.16493311042649,44.89711904073779,46.027125938114814,9549400,116.85494232177734,120.97657289679339,115.69545252699686,120.7591633769438,3671700,140.75401306152344,143.0185412424615,140.0293612793066,142.67432853605231,1117900,39.03736877441406,40.65803788980004,38.698158625203604,40.51669912949769,7511600,144.35079956054688,149.56887007932164,142.57666021668345,149.56887007932164,4507700,62.86537551879883,64.2027349613806,62.454615274749194,64.18363305403946,8150900,110.26998138427734,113.26016913360945,109.2151598440766,113.18678866171183,2970100,56.528324127197266,57.71632672781954,55.96706468570036,57.71632672781954,9067700,132.50323486328125,137.2772887595423,131.77876858826954,137.1658225978582,4568700,107.73323822021484,109.1197258651261,107.07212800272293,108.91772619232718,12562900
2023-09-20,37.082828521728516,38.17878533862463,37.03791298905017,37.63979209281353,3287700,111.91915130615234,114.35759725484543,111.81754880438008,113.26768527422347,3444600,24.80909538269043,25.463420604027128,24.79066324067891,25.122434765743044,4993300,149.677001953125,151.31123887160936,149.59619097559224,150.0182221268239,5939100,43.987606048583984,45.07167846720067,43.96923152399598,44.658260425426135,10362300,113.68445587158203,117.31691837004956,113.47610681595148,115.94908646663346,3818600,138.48947143554688,141.08009197589692,138.3264320567077,140.0384146424283,1378100,38.90545654296875,39.70636664137643,38.801808592597226,38.81122949972456,4928300,144.84413146972656,146.7510936240026,143.94283138118683,144.12309429421944,2538500,61.37517547607422,63.00866176204209,61.35607356981534,62.44506442712725,6735500,110.13240814208984,111.71922779960009,109.6554490126465,109.81137728593107,2491400,55.92964553833008,57.0989389963062,55.892227291258735,56.247693501635595,5351100,132.79115295410156,135.15030965887476,132.15027571444875,132.35461379585774,3719700,106.8792953491211,108.36678619383146,106.80583710841941,107.00784376766734,11879900
2023-09-21,36.058738708496094,37.22655967319943,35.90602521452174,37.010963749137346,3039000,109.97947692871094,112.83357133452822,109.68390794286803,112.71349180948796,4470700,24.053396224975586,24.947334059498942,23.942805125694996,24.892039388751595,7253000,148.33009338378906,150.736555990432,148.20438285510502,150.0631037936061,7150000,42.63710403442383,44.03353622281254,42.361493202214106,43.868169022570335,13741800,111.04841613769531,114.83487855070855,110.73136925489233,114.31854308125692,3614100,137.1035919189453,139.08732077608911,136.28836731921248,138.99673412208196,2660800,38.40606689453125,39.103332722195596,38.17992915189038,39.02795107838556,5243200,146.8364715576172,151.32400702276948,145.3943829231312,147.75675037601076,4152000,59.76079559326172,61.699959779191246,59.74169004271906,61.547122662872276,10259900,110.01316833496094,113.59037924296352,109.7838595845532,112.287907220155,2730800,55.02227020263672,56.21962550795671,54.844538889628375,56.21962550795671,6841600,135.88409423828125,141.36403483918156,134.55589650151225,138.0110501986842,6812000,105.3734359741211,107.76995677481625,105.22651949336944,107.41185660968831,14400600
2023-09-22,36.130611419677734,36.86723721377885,35.995861377922395,36.436041877732045,2197700,110.06261444091797,111.92839242736545,109.95177342360513,110.7645864098035,3641100,24.007314682006836,24.624777374507563,23.988884297858693,24.24692725379071,8300700,149.308837890625,150.33248466302095,149.00354285532194,149.26393833804048,5963000,42.8024787902832,43.19752233786472,42.49011885741834,43.01378058242965,8357000,111.07561492919922,112.20793033901411,110.07917183967828,111.84558802565239,3222700,136.38803100585938,138.90618562672327,136.0166450095774,137.6742815529378,1367300,38.283573150634766,38.94314808809454,38.26472774163372,38.64162513847199,4673800,145.5936279296875,149.59729689311325,145.33746410938087,147.7377748406473,2809100,60.07602310180664,60.73515178701136,59.760790653935096,60.333942546798376,7146300,108.76573944091797,111.62750846379616,108.7107005765137,110.52682914698892,2426300,55.22806930541992,55.65836844030704,55.04098163899931,55.35902960139423,5979000,134.92742919921875,139.02344613704696,134.76023702511046,137.06368231271074,4114700,105.5387191772461,107.1363974616797,105.41934777888707,106.24573551406438,13197300
2023-09-25,36.849266052246094,36.87621468674675,36.13060724193254,36.13060724193254,1892700,111.82678985595703,112.01151783777983,109.813223847637,110.18268685820341,3291300,24.486541748046875,24.652427522904695,24.05339692530719,24.05339692530719,6055000,151.4908447265625,151.55369314511591,149.0484568053739,149.3537518701672,5510000,43.64767837524414,43.75792551209964,42.71978775315929,42.78409683070072,10594900,113.8203353881836,113.98338906789934,111.35641618852537,111.35641618852537,2710600,138.26303100585938,138.52571019134416,136.18872928946888,136.61446168995838,1974600,38.61335754394531,38.669893769076936,38.06685507858277,38.208190249820646,4243700,146.29571533203125,146.80804307475665,144.43619290894347,144.83466199960515,2123700,60.33395004272461,60.50589636074848,59.732137929641056,59.84677123766452,6234000,110.3066635131836,110.65521023216026,108.65563800656476,108.692328239817,2499100,55.976417541503906,56.01383578922936,54.947440707857346,55.12517203195251,6279300,136.10696411132812,137.13793736203434,134.6766118489386,134.92739295652328,3241900,106.72319793701172,107.108843178541,105.43770679321766,105.67643555871874,11316000
2023-09-26,36.87621307373047,37.29842660556202,36.42705090857703,36.46298470422979,2827700,110.96780395507812,112.16855711407051,110.22887785001794,110.65376494092659,5204500,24.274574279785156,24.597129716714615,24.1179045965786,24.145552808127658,5263300,150.67369079589844,151.22143240303697,149.93737656602565,150.35043322936718,5659200,43.133209228515625,43.70280546314554,43.00459106307488,43.05052562150627,8722300,114.93453979492188,115.59581502895527,112.47968083873496,112.70614391857993,3382000,138.6434783935547,139.75762244683642,137.3210016067678,137.42969454223416,1392300,38.4343376159668,38.85835038532356,38.12339372030694,38.17992995435274,5599300,143.27870178222656,145.15720270495422,142.6145867566786,145.04335855103793,3004800,60.324398040771484,60.76381478185814,59.693929433643724,59.722585938145954,6196300,109.53619384765625,110.32501644863557,108.7840614836931,109.33440104304101,2350800,55.312255859375,55.920286284868666,55.16258644727191,55.33096498193792,5796100,131.50015258789062,134.85313764908648,130.7663890417725,134.69524257303863,4936800,106.88846588134766,107.18229180168301,105.93352988891716,106.05289426096003,11805400
2023-09-27,38.07099151611328,38.583036183383626,37.19063395787943,37.6667448243641,4192200,114.26322937011719,115.03371188227098,112.13745119240777,112.99147641724991,5364100,25.011844635009766,25.15929826121078,24.569483756406726,24.735369525329336,4937100,153.58302307128906,153.75363316534632,151.58062890199932,152.08347105200744,9124400,44.86955642700195,45.209476326679805,43.77629863907493,43.895727776654155,12027900,117.58869171142578,118.68477914014221,116.32050394632493,117.28070522878843,2735000,142.42071533203125,143.54392638686144,139.90256087341425,140.59098634832944,3027800,39.602718353271484,39.923083108781306,38.75469653767076,39.03737047620434,5787200,144.61642456054688,145.7264630486197,143.47793950854356,144.22745218077657,2709800,62.66477584838867,62.9609100872452,61.27965792375504,61.61399597921595,11679100,110.8019790649414,111.48073093363435,109.82053799879665,110.49011555903581,2793800,56.87443161010742,57.1269994187007,55.73320365117524,56.12608453005345,7663100,133.70138549804688,134.60232686582916,132.02953480667614,132.58682309460968,3644000,110.36848449707031,110.64394941393935,107.79750896286927,108.24742845541579,23976200
2023-09-28,37.93624496459961,38.376425497606476,37.7206489937345,38.08896191856222,2365000,113.91976165771484,115.39573951012201,113.41848415624881,114.049721704507,3964600,25.37126350402832,25.472636769897598,24.919686569779167,24.938116954073514,4868100,153.17893981933594,154.17564959331173,152.1373304930979,153.14302839837794,7151800,44.842002868652344,45.13598825749782,44.38265026050849,44.78687929402546,6520600,117.28070831298828,118.9565407387083,116.73719135810332,117.14483598537221,2274200,142.3391876220703,143.91530426529863,141.51489601903566,142.42070732217258,1221100,39.37657928466797,39.97019345683513,39.216395115230306,39.45195732163144,5174100,146.51388549804688,148.17418020621201,144.0756316544701,144.10409269133754,2994700,62.93224334716797,63.39076929321201,62.19669965958162,62.23491076242051,9156800,113.1684341430664,113.25098891913278,110.42590387992412,110.51762596603939,3294300,57.00538635253906,57.44504178043735,56.41606509160307,56.64056740955964,7574000,136.701416015625,137.72310645902425,133.31128584217848,133.31128584217848,3587300,109.69817352294922,110.82756402578185,108.52286987545801,110.1664609780898,16808100
2023-09-29,36.92113494873047,38.11590815820755,36.84028560803777,38.02607708047608,3231900,111.20915985107422,113.81765283700321,111.06063003151661,113.69697767033135,5308900,24.92889976501465,25.435773102771893,24.892037240293355,25.315965942409782,4998800,151.4100341796875,153.0981590273178,150.6916960075594,153.08918459566402,7396100,43.82223892211914,45.05330403539282,43.73036629898992,45.01655498614113,8856800,114.8258285522461,117.48902936117115,114.62653995944066,117.36221060413204,3374700,140.29208374023438,142.59283877357387,139.57648494474404,142.4841458209773,1851600,38.16107940673828,39.310624183517774,37.868980961741826,39.24466704987248,8529800,143.582275390625,146.7036373859022,142.37738628849377,146.30516841394302,3331200,61.97698974609375,63.09464450004426,61.91012213585935,62.99911309568977,10063300,110.2057876586914,113.2234916760768,109.59124188257175,113.2234916760768,2841900,54.53584671020508,56.911851896924254,54.442304659994285,56.82766262437435,11279200,131.62088012695312,136.81289341494355,131.04501175134396,136.67356424897957,4302200,107.96278381347656,109.43191365420942,107.18230924234007,109.35845541083187,18813600
2023-10-02,35.510765075683594,36.96605317920779,35.079569742843944,36.9211342143995,4081900,108.70276641845703,111.68257671076891,107.64451629903004,111.61759668877923,4769500,24.25614356994629,24.873606268688523,24.081041735375436,24.836743742233818,7588900,149.5423126220703,151.36513600473413,148.36601820427964,151.15860078070003,6839600,41.93888473510742,43.93247290686684,41.66327043089499,43.93247290686684,10400300,112.01769256591797,115.3149942034296,111.20242415859823,115.12475914913483,2625100,136.0528564453125,140.69061976644818,134.73943280580792,140.53661968024784,1678100,37.47323226928711,38.264721343007196,37.04921962365249,38.08569178463166,6581200,142.3299560546875,143.82896675176704,140.7929876567789,143.31663912692377,3986700,59.51242446899414,62.15848297686769,58.9297179570494,62.0916153749079,10859900,109.16930389404297,110.34337054299289,108.40800418149917,110.15074503961037,2445800,54.19908905029297,54.704224680282685,53.188821358713966,54.554555260478374,7553600,128.25860595703125,132.0759928984892,127.3205185437036,131.6208877782043,4109700,106.17227172851562,108.15560218942927,105.18061350342218,107.91686641053484,14395000
2023-10-03,35.62754440307617,35.71737546940739,34.92685249055318,35.42093020904594,2724500,109.16690826416016,109.23188828424983,107.74662562342071,108.387148023084,4162600,24.274574279785156,24.357517156646608,23.96123491337205,24.256142138752452,5016300,149.89251708984375,150.27863686765107,148.6174490424882,148.98560625584767,6168600,42.030765533447266,42.06751458484952,41.42442020363985,41.81946374475797,8624300,112.54309844970703,112.58839383342827,111.22961525505396,111.91806500320641,1917900,136.6778564453125,136.6778564453125,134.38615513069723,135.67240542344544,1693800,37.746490478515625,37.784177701029236,37.05864924472286,37.11518187569035,7272700,139.72093200683594,141.7607170432378,136.84625120870342,140.7645372323769,3734100,59.66527557373047,59.98051173252523,58.948833733573245,59.18764768029232,7765900,106.05987548828125,108.72903257039508,104.68402305369409,108.23372485419002,2988400,54.82582473754883,54.85388663481795,53.50686203990071,53.78749171779181,8407900,124.06971740722656,127.25551031155112,121.45048169075578,127.25551031155112,5762100,106.35591125488281,106.9160180472025,105.6213429027171,105.99781110967686,13297100
2023-10-04,34.14531707763672,35.02567821516113,33.58835677635177,35.02567821516113,3884800,105.203125,107.33818810781695,103.66215994270044,107.05042042600707,7287600,23.804567337036133,24.22849782938056,23.445149344015977,24.127122802514005,7253800,146.39952087402344,148.14151939961138,145.00773064097936,147.89009834451826,9664700,39.82586669921875,41.37848063974702,39.33895409303661,41.286608022347174,14901400,108.1225357055664,110.98502550222804,107.11703905667036,110.74044841165288,2814200,131.80459594726562,135.4822013980082,130.6451586007795,135.4822013980082,2536200,36.05986022949219,37.30362829662001,35.8808342603004,37.07748701423598,8684600,134.61669921875,137.5103587099115,132.17844528715008,137.42497559622674,5777700,57.353546142578125,58.824640616620144,56.68486650492168,58.767323969731585,15878800,101.34529113769531,103.92272619409049,99.66675644013644,103.79431385652745,4464100,52.22532272338867,54.13360686187077,51.748249012467916,54.01200291613829,10923300,119.50926971435547,121.92416701058481,117.99532097599759,121.92416701058481,4097000,102.38007354736328,104.75822615328835,101.46186660971877,104.721504040502,19622200
2023-10-05,33.89377975463867,34.38785749734528,33.57038241706033,33.66021691462969,2787400,105.28665924072266,106.3634791337064,104.14486640768055,104.44191895017758,4070100,24.062612533569336,24.154769733127964,23.611035576145614,23.647898104411883,6375800,147.1717529296875,147.93500425924117,144.91793776695945,144.94487475963354,8073000,39.36651611328125,39.91774133176145,39.256272471418086,39.50432329404684,10595100,107.3072509765625,108.79284803435854,106.7637410378012,107.11702284355124,2526400,131.45135498046875,132.33906016502686,129.60350567895333,129.87525188194894,1718300,35.86199188232422,36.42733974443537,35.673541396822486,35.83372197314283,5538000,134.98670959472656,136.35289734452635,132.75716507573085,133.21257064341196,4003700,56.76128387451172,57.573253290472074,56.45560238549466,57.028757910409745,10278000,100.41889190673828,101.9690143139971,99.6025463102723,99.77682320139903,3206000,51.823089599609375,52.81464820865943,51.56116542782207,51.94469355495287,7491800,118.40399169921875,120.34519664020769,117.26155913388061,118.3947016707906,3399500,100.07539367675781,101.82917266708832,99.80911276697842,100.8191462197156,20128800
2023-10-06,33.76801300048828,34.31599141115714,33.103251462914045,34.17225964990264,5666700,107.0596923828125,108.2293327380038,105.04530468880316,106.17781259239126,4209700,24.698505401611328,25.002628727365547,24.2930088057963,24.375951690800715,7578300,145.6721954345703,147.5937784804226,142.7628907248504,147.53990449711964,10190400,40.147422790527344,40.6251499727843,39.127659334611785,39.50432837192827,11578500,109.3182373046875,110.57737123530319,106.91772773449163,107.99569400026755,3477800,136.98585510253906,138.58914516170856,132.39339845989497,133.8789286133401,4441200,36.455604553222656,36.85135091586721,35.74891795758028,35.95621384250809,5605800,135.840576171875,138.07960298480455,134.43644512951585,135.52750473453355,3372000,58.65270233154297,59.168537647956335,57.02876688798996,57.12429100184134,12539400,100.15289306640625,101.64798361471638,99.2448253672117,101.36364300071789,2625500,52.10371780395508,52.59014431630933,51.2711814231874,51.991466629842705,8642600,117.52162170410156,120.70742822285256,116.73213936719769,120.23372890000876,2829400,98.40424346923828,99.41426977802448,96.51273927249159,97.0820301399793,25367500
2023-10-09,35.18735885620117,35.45685886982453,34.612431890563386,34.89989537338228,5709900,113.08429718017578,113.13071451705856,110.23444691993726,110.42938698672073,6532800,25.942646026611328,25.961078168819657,25.168513631719847,25.24224044276733,7501600,149.70396423339844,151.02393189508214,148.11461289968128,149.39866913242443,8183500,42.35231399536133,42.62792839597234,41.2223068684373,41.4703577262376,10939200,115.26063537597656,115.83132670183372,112.1445084160638,112.52496469256589,3720000,141.7322998046875,142.5837646657033,140.30111624576918,141.143527969262,2184400,38.924293518066406,39.141010278981746,37.56745314448392,37.68994647696421,9903000,139.05679321289062,139.53116309166566,136.4951842862096,138.0511169095269,3354000,61.30831527709961,61.51847271144175,59.80856401786705,60.71605772323994,17276600,102.00569152832031,102.4184514286048,100.29045976053595,101.86810489489216,2769800,54.47971725463867,54.741637822772475,53.29171478454588,53.57234447446069,6667700,117.91171264648438,119.13774122502772,114.81879946129781,118.84980704996904,3798900,101.84751892089844,102.90345837365265,100.56202771777869,101.40678348320014,22369900
2023-10-10,34.93583297729492,35.34007961500232,34.684303259092715,35.18736269549712,4050400,111.7568359375,113.47417107335144,111.57118076476125,112.55516592840017,5705500,25.88735008239746,26.136178716593527,25.850485799796974,25.98872510176306,4565500,149.5423126220703,150.31453842555888,148.77008681858175,149.74884784610444,6512900,42.324745178222656,42.63710506348777,42.03075981615925,42.35230521073424,7999900,114.78053283691406,116.05778086076616,114.2189019780456,115.06134481079634,2833700,141.6508026123047,143.0819863986559,140.66345760203882,141.73232232771795,1661600,38.773536682128906,39.310618170744895,38.72642137010806,38.84891471145367,6024000,141.27685546875,141.77018977083324,138.15549323477572,138.15549323477572,2946300,61.11725997924805,61.499360077408475,60.67784322655845,61.0790488762286,7885600,103.08802795410156,103.63836748438463,101.20769364452538,101.68465970259835,2662300,54.835182189941406,55.17193925948787,54.2084426414857,54.55455248811945,6608900,120.93962097167969,121.34828298192788,117.32656552123306,117.96744279202977,3998900,101.41596984863281,102.33417693465162,101.11296683432333,101.93934760744897,13892000
2023-10-11,34.97176742553711,35.034649856260486,34.10039170431969,34.5944694143614,2961900,111.43195343017578,111.57119837285082,109.56608819583109,110.93067588592085,7300700,26.034805297851562,26.108532109799533,25.518717614215785,25.80440879079093,5721600,144.65753173828125,148.23131408751817,144.10080196023728,148.22233965775374,12570700,42.949459075927734,42.99539362536002,41.87457589996993,42.140997688509806,8053300,115.37841033935547,115.49616865076644,113.05037019672146,113.69352450262062,2447400,143.88812255859375,144.09645527600347,140.97140922852674,141.39714162165708,3028200,39.2352409362793,39.28235265917688,38.26472578589164,38.49086349355767,6052100,140.90684509277344,141.69430089718205,138.96192552541444,140.090928251294,2825100,60.51544952392578,61.03128849683149,60.09513831119416,60.4772420638676,11481200,102.84954833984375,103.17975346856632,101.04260143837756,102.19831239095953,2035900,54.96614074707031,55.08774825577361,54.03070605821452,54.27392107562111,5641100,120.37305450439453,121.31114183537348,119.31421806764682,119.80648326010837,3012300,97.77983856201172,98.40421945595509,96.25561894187348,98.21139687177046,57939000
2023-10-12,35.23228073120117,35.483810442816115,34.75616651399892,35.483810442816115,2670600,112.42520904541016,113.00075142871403,111.82181909364324,112.3973614769471,3859500,26.3297119140625,26.357360127049475,25.988726076152197,26.09009934153282,4916700,144.77426147460938,146.59707101287736,144.4779408603178,146.59707101287736,7397000,42.89434814453125,43.52825702893471,42.49930459484236,43.40882436157742,8040700,116.81871032714844,117.4256296660362,115.70450903702401,116.79152204366231,3039000,147.06752014160156,147.78310497212206,145.0566179919786,145.54575000224054,3206300,39.32004165649414,39.92308030823525,38.9054534820206,39.64040638953084,5969200,140.02450561523438,141.9884039781699,138.7626799259483,141.69429695221237,2773900,60.39126968383789,61.03128928724156,59.91364180881611,60.90710501941268,8634600,101.58378601074219,103.64756495904169,100.79496327511184,103.57418447248342,1976800,54.60132598876953,55.77061943977008,54.049419337161254,55.639659144202085,5023100,117.24299621582031,120.65169997481466,116.28632161972601,120.2801838404194,3961700,97.7614974975586,99.0194365666393,97.4125743645239,98.78988482347997,31183000
2023-10-13,37.055877685546875,37.199609437678006,35.573641207390885,35.93297230113636,5200500,115.90630340576172,116.93670599181874,114.57884826855347,115.16366848673795,5589100,26.808937072753906,27.03011750340474,26.550892358101695,26.716778120536272,6189800,147.31546020507812,148.01584957994984,145.73509689536672,146.73180695982626,8042800,44.456146240234375,44.66744802601271,43.53744099532907,43.77630632157059,10185400,121.2392578125,121.95488880676614,118.90215742613809,119.2101576858289,3573300,150.88099670410156,152.47521963565413,150.12010469847573,150.13822479473873,2908300,39.979618072509766,40.78052813881094,39.649832420360816,40.04557520293955,7413300,140.60324096679688,142.6999623765593,140.50837566905687,141.77018691300836,2568800,61.48980712890625,61.87190354801616,60.90709697132398,61.47069793513753,15373900,101.44617462158203,103.40905667192087,101.33611091651979,103.15223202951341,3393200,55.15323257446289,55.957707038733886,55.05033417995375,55.56482615249945,6819500,117.0758056640625,118.88697153657878,116.70428246076754,117.95816707144927,3825100,100.88341522216797,101.18641823695604,99.0194489500997,99.19391053843536,30276500
2023-10-16,37.900306701660156,37.972174301384314,36.83130185703158,37.424195847412804,3703300,116.32403564453125,117.07595547691132,115.27507033174086,116.57467794942185,3769500,26.919525146484375,26.947173358188525,26.606187536099302,26.81815188580728,4124200,148.5186767578125,148.88683397431427,147.12688628322184,148.46480276543122,5446000,45.38404083251953,45.49428448143245,44.40102649363846,44.76850649154235,9632900,122.16441345214844,122.82978315064581,120.77897413198758,122.78422074324887,1993600,151.64187622070312,152.29406147606568,149.53133418898597,152.10383501759165,1661700,39.913658142089844,40.40362792976349,39.5650271065044,40.39420342928093,5982300,143.02255249023438,143.93334924396603,141.39071856073997,141.76072657518213,2406900,62.445072174072266,62.588354708845095,61.26054977444724,61.69996655313789,8005600,102.52852630615234,103.33569757795678,101.87729030145861,102.2717016280137,2750200,55.611595153808594,55.88287208066431,54.98485203205228,55.57417690836637,5949900,120.00152587890625,120.70742629463464,117.43803083199543,118.28323915280738,2852000,100.95686340332031,101.62715763920467,100.20393389464462,101.46188008825811,18452000
2023-10-17,38.115909576416016,38.53812319650266,37.747596661075356,37.81946084056725,3653500,116.46327209472656,117.3637146016877,115.98056437137475,116.22191469190504,4213800,27.094627380371094,27.26972920823363,26.882663027466084,26.882663027466084,5023100,150.4851531982422,151.03289493286638,147.84521807403456,148.00685374562977,7538300,45.87095260620117,45.88013811652338,44.998181933132834,45.0808655443621,9484500,122.41050720214844,123.24905850465468,121.38965064906168,121.65398491764067,2670000,152.60202026367188,153.6255913847945,151.45163612218226,151.51504954315706,1925700,40.55439376831055,40.921870266469675,39.77232545118681,39.838282587041306,6340900,143.582275390625,144.68281701410476,142.7568764113253,142.79481963296035,1991400,62.597900390625,62.75074478997546,62.08206147485035,62.110717977723034,7290600,104.48224639892578,104.54645257158265,102.43680918780339,102.43680918780339,2471900,56.350589752197266,56.49090282077387,55.32160940730065,55.44321692145395,6525000,121.41329956054688,121.92414476142429,119.76002903583736,119.76002903583736,2277900,102.27906799316406,102.65553619196207,100.70893500467892,100.75484815270501,19775400
2023-10-18,38.61896514892578,38.92439556369122,38.0620015869894,38.430314431838724,3288500,117.51223754882812,118.11562751585446,116.45398742672279,117.15948986889009,4781900,27.380319595336914,27.54620535887929,27.186787376394687,27.315808855689504,4969500,151.6793975830078,152.3797867982676,150.47616623386108,151.27532898980726,6893500,46.008766174316406,46.70698070686083,45.81583538496795,46.18331893130681,10883400,123.74125671386719,124.2152253701318,122.81156661742467,123.35844069040161,2307600,153.91546630859375,155.25606326594783,152.99153484128942,153.70713356356887,1996000,40.63919448852539,41.317611226046346,40.33767513976182,40.85591129579957,8251100,146.0964813232422,146.41904945660596,143.59180824210338,143.65821251585527,2215700,63.524505615234375,63.954367775617065,62.788961914840634,62.788961914840634,8930500,106.6285629272461,107.1055220221034,104.54644267004313,104.73906116977093,3249700,56.6779899597168,57.248605711191594,56.4534840562971,56.46284040182307,6964100,124.48765563964844,125.67652416690007,121.19039710460478,121.23684016022554,3780400,103.71147918701172,104.11549251394479,102.56372042219148,102.6739077855451,23380300
2023-10-19,38.89744567871094,39.148978839950885,37.81047398150866,38.26861791586449,4062700,117.31729888916016,118.21774140858741,115.91558595412786,116.67678354375758,4491300,27.278947830200195,27.454049674439112,27.131494200668243,27.380321101887215,4505000,151.84104919433594,152.80183400793908,150.41331991960598,151.481866417093,6580200,45.24623489379883,45.76989662134015,44.483707831663125,45.21867485695429,12615900,124.1696548461914,124.57981389704263,122.07326936546998,123.0485497317475,2421300,153.0096435546875,154.59481333401047,151.95889912664194,153.46254920592264,1580300,40.761688232421875,41.29877344388699,39.86655460023389,40.23403111776698,7749700,145.00540161132812,146.41902926191827,144.34128658228713,146.03952461916492,1906500,63.486289978027344,63.92570670491203,62.569245423482485,62.99910755316773,8545800,105.65631103515625,106.72947439854389,105.14265463208874,106.53685587162418,2091400,56.09801483154297,56.921194720972686,55.574170164124176,56.15413862449508,7488400,122.9922866821289,124.86847568690949,121.78483803207344,124.06042033012977,2998600,103.77574920654297,104.64805003579578,102.22398418282276,103.50029131732889,20972500
2023-10-20,38.093292236328125,39.00586722113868,37.84933572829305,38.75287681876263,4035200,115.16366577148438,117.5865034618683,114.97801058725143,117.14092818679269,5289400,26.661483764648438,27.232866111076817,26.578540882459507,27.177571442212805,5296800,149.802734375,151.84105388183514,149.14724462575117,151.22147556070826,7458300,44.39183807373047,45.33810337413329,44.152976247119575,45.07168151107026,7909800,121.43521881103516,124.68005177927057,121.17089846813515,123.9782294618057,3425300,150.79949951171875,153.63469402103289,150.37376698726624,153.0096818544287,2465500,39.678096771240234,40.837062341367464,38.820650523695996,40.4601613909418,9437200,143.1269073486328,145.8877440372569,143.07946745650014,144.85360650460595,2478900,62.26356506347656,63.75376158132858,62.16804095377212,63.304790248893056,8296700,104.14286804199219,106.42678134884798,103.78514693361531,105.80306123717455,2667200,54.451656341552734,56.313173077839565,53.076569675451815,55.39644744430549,13102600,121.8405532836914,124.06969232692316,121.54334324805201,123.13160499351001,3075900,101.99444580078125,104.0512277322183,101.72816490256955,103.68394349312064,22445300
2023-10-23,37.21685791015625,37.82223225966108,37.06325757246355,37.5782757409116,3173300,112.63871765136719,114.3282124371197,111.98891741245578,114.23537776102542,5969400,26.17304229736328,26.495597751988125,26.08088334492964,26.421870941598375,5862400,144.28041076660156,147.64767218704787,143.89430470040617,146.6330133959869,16232400,43.831424713134766,44.08866455496345,43.133210295787755,43.79467566364749,8084400,119.9859848022461,121.33495734626949,119.11096693902678,120.25942875374821,2281300,149.7487335205078,151.62375575896974,148.31754998144285,149.11465454151138,2548800,39.244667053222656,39.715791490383104,38.97141401701499,39.678100672755654,7764500,141.78915405273438,143.24072472552166,140.30912234531357,143.04149748308726,2422700,60.009159088134766,61.356073040465546,59.35003400755656,61.32740924929118,16032400,103.69342041015625,104.1887211560748,102.74866247403577,103.931896473614,2463500,55.04097366333008,55.218704958055405,53.216875424749375,54.62002736698069,9655500,121.42259979248047,121.9891710646027,119.50926492439154,121.84055895365206,2749000,100.49774932861328,101.8842438046645,99.79073304924916,101.58123382549564,18185000
2023-10-24,37.045188903808594,37.54213587048807,36.96387005858932,37.48792560483264,3074700,111.34839630126953,113.24210898302229,111.30198604496115,112.85222883503272,4664400,26.136180877685547,26.449520274555457,26.117748734861227,26.3665773896319,4679300,140.66172790527344,144.639593178109,140.5001059341777,144.4689830743379,17689900,43.610939025878906,44.11622620883492,43.418008261281344,43.960044495073305,5672600,118.4365005493164,120.14094624396587,118.14482326042526,119.96776459217908,1813900,147.8827667236328,150.70890773876397,147.8103001518002,150.18353545916642,1604600,37.90666961669922,39.19754949433045,37.5486140584854,38.66046795420672,10122100,141.01119995117188,143.62971656613422,140.74555396747803,142.02634400101184,1759100,59.732139587402344,60.46768693624911,59.53153675881089,60.353057269055626,7463000,102.66610717773438,104.28960994344358,102.62941694035797,104.13368168305429,2331600,53.31977844238281,55.237418883209514,53.29171654298542,55.134520494218776,8407100,119.62999725341797,123.15945644498406,119.55569120836691,122.04487994164711,2913400,99.52446746826172,100.83750390754103,99.2765546324769,100.72731653310097,16786100
2023-10-25,37.063255310058594,37.307211813916545,36.6205186667455,36.98193647543928,2499000,111.77542877197266,112.25813657008747,110.25302629570517,110.95852884583512,5010600,26.016374588012695,26.292851466381194,25.88735309944563,26.145397834365706,6799200,139.96133422851562,141.34416387772765,139.3327815249744,140.92213269790255,10502400,43.960044860839844,44.015168437552425,43.11483771207474,43.39963760154946,6337400,118.24507141113281,118.96514093927712,117.27891484642602,118.21772840707031,2421900,149.1690216064453,149.57664781253806,147.04037301109278,148.37191693631192,1596700,38.04800796508789,38.302415575187766,36.89846326635379,38.05742887165724,9022800,139.79684448242188,142.58612791590824,139.60708490154144,141.4950827089632,2479500,60.43902587890625,60.47723697976362,59.81810824401309,59.88497584850791,6676100,101.57460021972656,103.54665683590608,101.32694985301917,102.8495562882908,2581100,52.96431350708008,53.572347510015106,52.12242438963194,53.20752853561421,8571800,117.82813262939453,121.06966524919096,117.42874643402037,119.52784646688565,3056200,99.7081069946289,100.54367882966953,99.28573256347676,99.6438327769615,22047300
2023-10-26,36.52113342285156,36.82833756681396,35.93383371453908,36.52113342285156,2678100,109.82599639892578,110.61504862773289,108.84201118672651,110.21588361258374,6066500,25.730682373046875,26.071669982146446,25.472637648382715,25.684603774043147,11157800,138.95565795898438,139.34176403446565,137.94997357501254,139.1891164905715,10830400,43.335323333740234,43.702806821779966,42.8759707259817,43.22507968916122,5500600,116.61355590820312,117.21512986851518,115.22811664116458,116.8049569541599,2367500,146.48782348632812,148.22697974865525,144.68525379043993,147.67443423133372,2669100,37.17171859741211,37.6051522144565,36.64405793684013,37.51092876532309,8470700,140.47042846679688,140.8119754127529,136.7229087253992,139.03783641725417,2929200,60.43902587890625,60.821125955446455,59.770346189946956,60.104684212421034,8717500,100.98755645751953,101.39114203434771,99.14391243367314,100.76742205104352,3517900,52.26273727416992,52.97366966602563,51.68276874174048,52.39369756519589,8157500,116.43492126464844,117.72595882610057,112.55251855206295,117.02935551943725,3992500,98.79906463623047,99.47853580546867,97.78903841052767,98.66133219514306,18768300
2023-10-27,36.25910186767578,36.73797750228268,35.554337532766354,36.57533984397554,3287600,109.35256958007812,109.85383996942328,108.09009455868892,109.25973491021551,5312500,25.527929306030273,25.868915093622675,25.36204356815914,25.841268642501188,6661700,129.61712646484375,135.81288222287196,129.2669318124582,135.33697702094858,24524300,42.96784210205078,43.43638020633707,42.214504127578124,43.34451108928711,8089500,114.836181640625,116.73204915601808,113.89736801323805,116.60443687137335,2779000,144.97511291503906,146.80485575730683,143.04573026894522,146.741442326879,1589100,37.31304931640625,37.510924286993344,36.67231987449032,37.360164629742165,7357400,138.5159912109375,140.66963430582098,137.14980377588574,140.15730677936736,3524200,59.445560455322266,60.9071004778243,59.101667827907384,60.67784115555519,9197900,101.74886322021484,102.7853360919442,98.92377817411509,101.94148170091074,5214900,52.22532272338867,52.55272345174581,51.46761930696175,52.38434491476205,6944500,114.76306915283203,116.24916185865004,113.6206437115373,115.98909067478125,3674500,96.916748046875,100.87421782794215,96.37500229423875,99.98355595021631,23092000
2023-10-30,35.85251235961914,36.692805887323956,35.49109452846632,36.222964085519635,3323200,109.66818237304688,110.00236734675954,108.15507219039124,109.33399739933421,5830500,25.18694496154785,25.58322721731606,24.928900252311728,25.39890931674943,7163400,131.17950439453125,131.49378756480425,129.59016708590255,130.7933983810038,13857100,42.41661834716797,43.36288710737399,41.95726573693007,42.89434548236525,6815200,114.343994140625,115.8388055010267,112.98590477315616,115.15520249033192,2614600,143.5076904296875,146.0711382960114,142.25768012282714,145.16532691518677,1496200,37.14345169067383,37.671112393913845,36.606370079516346,37.49208638832618,6783100,139.3319549560547,140.9163489958555,137.10241019777683,139.3509338092337,2949000,58.91061782836914,59.90408464035029,58.61449089072898,59.369143775446084,7252600,103.13390350341797,104.1153446531742,100.76743557292059,102.93211068792552,3194600,52.75851821899414,52.88012216008134,51.776308934642515,52.68368173057109,6698000,115.39466094970703,116.62068251970882,113.25841500224243,115.6640150860382,2925400,97.21975708007812,97.71558971317629,96.60456005591257,97.09120865727827,19379900
2023-10-31,35.888648986816406,36.105496892800886,35.36459356167249,35.95189657995649,3638000,110.2808609008789,110.45723119462566,108.13650606693284,109.44539843845129,4505000,25.343616485595703,25.4542075855041,25.05792530102904,25.297537886008982,7943900,130.85626220703125,131.565639605857,129.50935766393687,131.18850797796117,14261300,42.78409957885742,42.81165961255062,41.93889250283296,42.33393600715199,5896200,115.07317352294922,115.42864653236593,113.25023216020944,114.22550551111644,2368400,145.21971130371094,145.98058967267184,142.51132984988723,143.97874010739568,1342500,37.06807327270508,37.49208601263171,36.67232685064207,37.06807327270508,6359800,143.49691772460938,144.1894938360407,137.05497982093434,140.79300307105026,4139700,59.04435348510742,59.178088694077566,58.22283303684955,58.89151272571139,5572700,104.62899017333984,105.6929860713725,103.11555111049208,104.95919531425017,3618600,52.0662956237793,52.852060920016434,51.860498846450454,52.487241955406375,8045900,117.95816802978516,118.04175703094239,114.56803028727653,116.05411602631413,3914800,97.19219970703125,97.47684861185424,95.98935090055068,96.94428692449537,22185200
2023-11-01,35.78926086425781,36.42174027662804,35.55433826553448,36.195855018405496,2930800,108.30359649658203,111.181294183652,108.13650400727909,110.9120963063831,8350900,25.389692306518555,25.73989595308038,25.085569012286285,25.33439764150879,6438000,129.2848663330078,131.107675949798,129.14120693620356,131.08073895655838,10819600,42.453365325927734,43.17914325579506,42.37068171993548,43.17914325579506,7565000,113.2228775024414,116.2398429220777,113.13173183447665,115.55623998138897,3394600,144.39535522460938,147.2758279771499,143.76129019935652,146.68705627261102,1700500,37.14345169067383,37.76533944506089,36.936159366939286,37.30363588042657,4995200,147.25393676757812,149.55936794048458,143.49692012548758,144.61642633867925,4023200,58.61448669433594,59.684371991559274,58.557170044051965,59.369139525025105,6285100,106.48179626464844,107.3990311653605,104.32629564756449,105.34442694719063,3343100,52.25338363647461,53.039148938090776,52.02887773526989,52.38434392534393,6197300,118.63619232177734,122.07275877353501,116.862172468665,118.75693434598837,3741700,96.99938201904297,98.40423753720978,96.83410448717845,97.81658564732776,28984900
2023-11-02,35.86154556274414,35.969972978040396,34.48816265628059,35.265208565558005,7207500,113.26994323730469,114.41174305909217,108.9534003820437,109.41754538431182,9068700,25.868921279907227,26.044023129287833,25.14086918243791,25.30675320219294,9721400,133.57701110839844,133.79252077235572,129.15019132663988,129.78771848436966,11099100,43.42719650268555,43.46394555286686,42.113447747653126,42.563614850918476,6014900,117.26068115234375,117.2789144576373,112.31140272232163,112.84005731233897,4313600,147.86465454101562,148.0820404262456,142.7558789143398,143.45334372489899,1621200,38.245880126953125,38.30241635069577,37.11518081285843,37.199983351275385,5385800,147.7852325439453,151.46633386722345,146.03953995717984,147.2634226532443,3828200,60.43902587890625,60.496342530192294,58.356568254324785,58.67180072637018,7404200,108.34380340576172,108.71069181650095,106.39926263828357,106.54602360093757,2566900,53.65653610229492,53.722016247213325,52.113067387160605,52.27209314510548,5811800,119.77862548828125,120.902470911641,118.29253273180998,118.82195097328285,3569500,100.18555450439453,100.25901273701065,96.87082706524023,97.21974316212288,25212700
2023-11-03,36.10550308227539,36.981939089940774,35.78022772080222,36.132611660222096,4891500,111.16273498535156,113.14927515253572,110.79141754389008,112.78724259474083,5935600,25.84127426147461,26.034806492549233,25.69381887302632,25.924215390659498,8826900,132.5443878173828,133.3974246266267,131.23339469158762,133.16396610347815,13160000,43.49150848388672,44.03354474411195,43.37207581513674,43.565003084560324,7016500,116.81407928466797,119.95865017674086,116.31276765655475,118.29976695424591,5531600,146.83203125,148.58929372931627,145.71787329329368,148.0729884263419,1294200,37.96320724487305,38.69816020184316,37.88782561113553,38.085697008105306,4748200,143.05099487304688,147.5195659814978,142.216099164076,147.48160828020565,3275900,60.19065856933594,60.60141880172751,59.42645475698343,60.15245111172673,8661700,107.12387084960938,108.54558082598676,105.72966980416429,108.0135898724367,2525000,53.19816589355469,54.02134935913152,52.9362453415802,53.70330144527683,5896900,117.42872619628906,120.01080806453365,115.95192369629177,119.63927784656931,3297600,98.96435546875,99.88256252562148,97.82578067973125,99.53364636594132,30555600
2023-11-06,35.50916290283203,36.4127039611572,35.4639865392629,36.367527597588065,3141500,109.97452545166016,111.91464829361944,109.7146053658753,111.61759575525228,4610800,25.288320541381836,25.914999307811865,25.057924039475843,25.84127249751338,8123700,131.9966278076172,134.08882089935045,131.71826976433167,133.55005367262902,10634200,42.92190933227539,43.86817459473742,42.563614854433744,43.84061455939031,7874000,115.22811126708984,118.06278538163463,114.02497035654764,117.83491773225944,4344500,145.05662536621094,147.71971287928844,144.11458766754154,147.1128209487329,1914800,37.237674713134766,38.292992411047145,37.143447672182,38.22703527957725,5415900,142.2350616455078,144.815634924775,141.11555568879174,144.2084420635721,2427500,58.987037658691406,60.53455082471775,58.83419689715808,60.46768321929761,8165900,107.17890167236328,108.33461965977875,106.71110989208485,107.53662274023876,2484500,52.833351135253906,53.75943305322228,52.57143056259222,53.70330568690899,5165500,116.86217498779297,118.99842095958816,116.36061973714133,118.6361948791468,2073100,97.2105712890625,99.41426234143702,97.11874499074439,99.32244304848193,19097300
2023-11-07,34.40684509277344,34.92186321934168,33.837613261979634,34.80440191688743,3994700,106.98542022705078,108.14578270239839,106.13139514494465,108.07151780422643,5491000,25.29753303527832,25.841268843514165,25.03948835682867,25.574008095357144,13972800,129.67100524902344,130.7485262422256,128.6204212530446,130.34445758245263,15054600,41.608158111572266,42.34312154879623,41.36010729440003,42.159379813344714,11263500,111.78276062011719,113.47809659545109,110.83483030404032,113.02236126775853,3582100,143.8337860107422,144.99323731768342,139.10546322234018,142.9551616692954,3074600,35.75834655761719,36.65348373359227,35.635853193899926,36.44618782490065,6552300,138.66783142089844,140.96378031062324,137.32062245965275,140.69813428877887,2843300,57.50639343261719,58.28014821158103,57.33444711640049,58.1177564929382,13014700,104.4363784790039,105.91312740042291,103.84017432473792,105.7847150592515,2180700,49.88673400878906,51.916625584579265,49.57803884653516,51.77630895293655,17838000,114.28938293457031,115.3946553391793,113.55562661669856,115.2274702656615,2641500,95.68634796142578,96.28318389585746,94.84159922626633,95.9250837362711,20272500
2023-11-08,33.16899108886719,34.35263110414227,33.10574349116212,34.24420714332439,4417200,106.2427978515625,107.32890263821785,105.79722257493223,106.9390154183022,5884300,24.772232055664062,25.408126917340834,24.68007485761788,25.260673291123886,9768000,127.86611938476562,129.88647599253952,127.73143442481542,129.19507492956828,12654100,40.58839416503906,41.43360122828781,40.147416109702924,41.06612126779873,14232200,110.47936248779297,111.83745188091893,110.15123248014287,110.93509783686594,3840500,141.27940368652344,144.51314316348754,140.5547518097833,142.71058734214932,2448500,35.607574462890625,36.19176757215642,35.47566023767509,35.52277194748163,7036100,136.14419555664062,138.68681191163662,135.75520866637473,137.78551177017533,2949700,58.413883209228516,59.48376849408644,58.18462025475344,58.32791005680174,11345100,102.55603790283203,104.4638882854583,102.38176802028593,103.69341428359807,2898600,49.51256561279297,50.176723482664315,49.05420097807571,49.47514736334652,13767100,112.92404174804688,115.06028763703918,112.89617874957104,113.44416994950322,3278200,94.51104736328125,96.31991628510745,94.47431824241492,95.24561576988069,19184100
2023-11-09,32.85275650024414,33.702083933562236,32.78047155439447,33.458127411423476,3833200,105.96431732177734,107.74663263068453,105.87148972736807,107.35675248479073,4306200,24.698505401611328,25.002628727365547,24.48654103228267,24.91968760014702,10085400,127.45308685302734,129.22202254673,127.30941374965363,128.44979674287288,10359500,40.5516471862793,41.46116688120763,40.53327266163019,40.946690704779435,9925700,110.56138610839844,111.77363671641315,110.18767982602523,111.39082073493482,1827000,140.92611694335938,143.38085770836182,140.75401059317295,141.88627466378588,1785400,35.61700439453125,36.09755330177915,35.48509013588092,35.74891865318158,4658400,134.5313262939453,137.5672912045135,134.1708004844763,136.61855126517202,2297300,57.869388580322266,59.13032573708761,57.85028303018811,58.767327572560895,7046600,101.47370147705078,103.58334469195349,101.3911536893633,102.5560390137313,1802200,49.33483123779297,50.073821992579205,49.18516181763874,49.699650226393864,9278600,111.3822250366211,114.6794835825604,111.34507200924477,113.64851010306795,2553300,94.53858184814453,95.46597278124358,94.4467625589599,95.19050790832696,18380500
2023-11-10,33.35873794555664,33.49427049814049,32.92503860271872,33.13285265574089,2500200,107.31961822509766,107.8765908644746,106.38204324806681,106.97614834104105,4602300,24.855175018310547,25.039492930554403,24.60634812190299,24.9841982599956,7132700,128.36000061035156,128.79999436162382,127.2645171491607,128.66529568604827,11988200,41.91133117675781,42.22369109190239,40.90994234625745,40.99262595628344,11178100,111.83744049072266,112.37521176392308,110.88040052752186,111.6369227988869,1934300,142.85552978515625,143.71604789788225,141.18882621363585,142.81023644836313,1692200,36.078704833984375,36.3048425169484,35.69238299739331,36.03159311623301,4292000,137.6906280517578,137.96575625650541,135.23338067761128,136.04929758094093,2377500,58.25149154663086,58.49030546916248,57.47773312578436,58.36612120912288,7604100,104.05113220214844,104.18871184263436,102.49182862981908,102.73031166990657,2429400,49.858673095703125,50.036407987805575,49.269348184732756,49.83061119417137,9267900,113.93643188476562,114.11290698500495,112.1995722249094,112.69183741377165,2965800,95.26398468017578,95.87000471637865,94.49269409449658,95.42926223501618,17825500
2023-11-13,33.11478042602539,33.593656073276996,32.96117665724143,33.593656073276996,3169300,107.62751007080078,108.14064684853,107.28230831869185,107.28230831869185,3225700,24.873605728149414,25.030275417195348,24.753800322542894,25.01184327547564,5308200,129.30284118652344,129.57222484594644,128.27021981039434,128.53958976839527,8747700,41.72758483886719,42.287995522406334,41.65409025170145,42.08588277926412,8175900,112.16557312011719,112.7762637251516,111.56400612243205,112.11088710777372,2413500,143.28126525878906,144.34107694204766,142.5294538304893,143.13634591427086,1289700,36.427337646484375,36.67232074745154,35.96563416331561,36.16350913861299,3605400,139.237060546875,139.79682808220576,137.07393476354054,137.6337022988713,2400900,58.85330581665039,58.89151692022375,58.12730942480221,58.35657240223095,6830600,104.7023696899414,105.1518128506412,103.87685684522434,104.10616557998202,1487900,50.51347732543945,50.850234411886454,49.60610446122398,49.858672276059224,6853600,115.42252349853516,115.65472460623708,113.49061566797893,113.98288088251253,2831700,96.26481628417969,96.54028117993457,95.31906421697832,95.53943893572755,15308400
2023-11-14,33.946048736572266,34.18097142115531,33.20514509455515,33.25935881716741,3475400,107.79542541503906,108.98029496091264,107.60882702175128,108.2245910425996,5421700,25.07635498046875,25.297537174060814,24.84595847344738,24.90125490073832,5503400,130.24566650390625,130.649735109321,129.17712008638617,129.7338362226722,11224400,42.021583557128906,42.44418717005073,41.755158168928425,42.05832910703922,6847000,114.04320526123047,114.23461325491228,112.23849039313659,112.93121000405806,2556100,144.1689453125,144.7033707197305,143.23596067900098,144.06930550593287,2417800,36.91730880737305,37.134025603191226,36.29542473412272,36.63463488214907,5498700,142.94662475585938,143.35459040006242,139.74937624387945,139.74937624387945,2986400,58.967933654785156,59.369142941841254,58.81509288924266,58.98703920597938,6766900,105.5003662109375,105.97733232793476,104.71155055211464,104.84913020322188,2407900,50.840877532958984,51.17763461587572,50.38251650107818,50.681855337359636,6989700,117.1036605834961,118.01388492823229,115.82190597488665,116.0169611349739,2847500,96.63545989990234,97.12655852234099,96.24628820696103,96.64472791242635,18260500
2023-11-15,33.711124420166016,34.578523170868564,33.64787681001497,33.720158315872055,3379600,107.31961059570312,108.84968186182522,107.17966357738686,107.29162261564008,4733300,25.20633316040039,25.49413978757827,25.11349179881994,25.14134473853458,5005100,130.70362854003906,131.6734015581508,129.6710070946526,130.07507576017673,10052100,41.81946563720703,42.63711279270459,41.764342057609156,41.95726932932783,7318600,112.1746826171875,114.53539500629859,112.12910630716286,113.85179207974045,3861900,144.16893005371094,146.1307994983418,143.82653450541633,143.82653450541633,1785600,36.22004699707031,37.068072458291816,36.069287314452524,36.89846736604751,6696800,143.40933227539062,145.77515763959101,142.42675105152134,142.83694836254378,3226600,58.55717468261719,59.43601183653256,58.54762372881882,58.91061827733846,6789600,105.93147277832031,107.24311916504381,104.79410328848776,105.0784439114589,3203500,50.214134216308594,51.17763080073876,49.98962832163353,50.81281184424191,8328000,117.67952728271484,119.71361140473702,116.57425474664976,116.86218187398039,3239000,96.05171203613281,97.43234912555207,95.90345209850294,96.32968881505442,20137600
2023-11-16,32.39194869995117,33.3135610823243,31.93114423213258,33.20513710990862,6600100,104.48338317871094,106.1347452481384,102.60811725987136,105.90150258099904,6733200,24.445037841796875,25.12277678923967,24.333627850736953,24.88138995094462,7859400,128.63485717773438,130.21363539981388,127.70028892016798,129.76904330051354,14031300,40.689449310302734,41.23148545402698,39.92692240278312,41.03855472148786,12410900,110.0145034790039,110.98977678575677,106.97019487896065,110.20591843291864,4075100,141.1243438720703,143.40084769774504,137.58003898396265,143.2435163309355,3097600,35.03281021118164,36.05986153346081,34.36381443462753,35.70180598773576,8186800,138.42007446289062,143.5619358377124,137.25623812442714,142.02605441113843,3494100,57.611473083496094,58.18462505091214,56.95234431255517,57.92670557237152,10976600,105.08911895751953,106.20915541567041,103.58031091465264,105.00581378743216,4559600,48.74550247192383,50.139298167583654,48.00650820729873,49.7557700858061,11053300,114.15886688232422,118.15705304249254,113.06334795821705,116.56526663179355,3365800,94.93977355957031,95.69031997264703,93.72592549507888,95.34748127503035,22469100
2023-11-17,33.313560485839844,33.67497831640212,32.50037553717854,32.843718684803235,5052700,106.90911102294922,107.78610577451389,104.70730667983233,105.23909970369562,5799100,24.83496856689453,25.10420832844564,24.56572880534342,24.62143468271362,7282500,131.0756378173828,131.737998686441,129.20648731619767,129.70553201687702,11075600,41.67247009277344,42.02157906396336,40.827259452721364,41.157993898629464,9335200,113.0223617553711,113.5418997530233,110.73456845337275,111.19030378303151,3667500,144.50205993652344,145.7050898836607,142.04974106474006,142.54020483909673,2182700,35.79603576660156,36.06928520421368,35.37202306079774,35.513358233136245,6189300,141.09120178222656,143.35210527095097,139.18327470170246,139.51716776332555,3451500,58.23238754272461,58.81509411222551,57.85028744292876,58.12730883097706,9178000,107.71797943115234,108.65288159618753,105.68154356066103,105.68154356066103,3354300,49.437721252441406,49.91479493601886,48.85775275184931,49.36288833384893,14077300,116.20946502685547,117.67015700039381,114.79558589078434,115.21694429034619,3131200,97.25629425048828,97.69179898960327,95.20850153776351,95.49574633614867,22984900
2023-11-20,33.4310188293457,34.06349825330206,33.40391370081783,33.75629415862243,3280000,107.65548706054688,108.76572445642576,106.90910766335071,107.28229736194879,4046400,24.76997947692871,25.011366293260586,24.565728140370126,24.983513355329443,4954500,131.00302124023438,132.19164592640476,130.90321232066813,131.22985843515372,8062400,41.93888473510742,42.44417178519444,41.82863761158987,42.104251915802294,7587800,114.14347839355469,114.5900970877717,113.14997171820879,113.70596939944548,3133700,144.50205993652344,146.42690502782966,144.0023471907784,145.3164212768441,1421400,35.9939079284668,36.35196350923339,35.85256915873428,36.05986506250351,6056300,142.13099670410156,143.69549592720915,141.70170157586358,142.05467789366648,2387100,58.404327392578125,59.235398752673596,58.38522184310328,58.69090334667888,6135400,109.32859802246094,110.17093643536919,107.9123536684503,107.9123536684503,2876700,49.33483123779297,49.989632720717424,49.20386737280762,49.989632720717424,8086900,116.78998565673828,117.63268806540233,116.17199627041103,117.145793181647,2324600,96.83004760742188,98.10875765284364,96.7651856573517,97.64545598965022,17458800
2023-11-21,33.08767318725586,33.47619612507847,32.74433006055246,33.1418868925575,2166800,107.4502182006836,107.87938380617571,106.88110558692217,107.45954989936835,3720200,24.630718231201172,24.779263691308397,24.463604145880147,24.68642233604099,4355400,130.6945343017578,130.93045388531934,129.478690053565,130.5039987789307,6783300,41.5714111328125,41.865396522335416,41.30498577837539,41.60816018264843,5040000,113.2502212524414,113.6056942276205,112.23848833724898,113.28668091066089,2281200,143.52114868164062,143.99311456680243,142.11454236029942,143.65996799162824,1127800,36.00332260131836,36.22946387485242,35.5321982429832,35.645270676947035,4322300,140.83358764648438,141.3868880326342,139.37402515880333,141.10069616996046,1926800,58.03178024291992,58.404329360203064,57.621020025399766,58.14640989961987,6092600,108.6806411743164,109.35636216272363,107.77350047197012,108.76394633912537,2039400,49.31612014770508,49.42837131624453,48.63325322245624,48.85775555953515,6888800,115.32929992675781,116.24691868750503,114.5334102586851,115.99410222097036,2369700,96.7929916381836,97.01537447778367,95.64400538592304,96.56134078501847,14989000
2023-11-22,33.03346633911133,33.07864270815893,31.30770284629896,31.452269295292915,4495800,107.15168762207031,107.4129182893092,103.70903044595522,104.51137873047388,4559000,24.76069450378418,24.769978816180235,23.915841554560174,24.157228364452966,5048500,130.95767211914062,131.01211083948004,127.6821419432753,128.60764172418308,7216100,41.48872756958008,41.553036654574065,40.13822977554173,40.46896421527212,6973800,112.26583099365234,112.53015829944592,108.55614596746099,109.9233518535851,3369300,142.6605224609375,143.09546419750978,138.80158302586332,139.7177254798861,1363500,35.70180892944336,35.76776606245974,34.67475752253865,34.99512228050143,4816800,142.34088134765625,142.5030533743727,137.42796124092462,138.32468914091928,2422200,57.51593780517578,57.64967300381754,56.58934236715322,56.93323131622737,10582400,109.23603820800781,109.4211655182713,106.39429091632267,107.27365623330553,2212000,49.1290283203125,49.3254687406928,47.50137045676139,48.240364687792066,7941900,117.37989044189453,117.77315255753403,112.87608553040275,113.49406783444682,2631200,96.37601470947266,96.47794164172488,94.4579460916518,95.05097165961615,18072000
2023-11-24,33.322601318359375,33.494272910156944,32.952149554253715,32.952149554253715,1600400,107.74877166748047,108.75638161507125,107.16100275705287,107.18899073593028,2159200,24.853538513183594,24.9092426227118,24.58429873732744,24.649287160243972,2172900,131.47483825683594,132.4184887812591,130.8396968529228,130.9304372727865,3861000,41.66328048706055,41.91133131797429,41.24986594011995,41.39685863570784,4050600,112.56661987304688,113.1773035102882,111.7189519310668,112.07442491119049,1318100,143.09544372558594,144.60384494884465,142.91035134628115,142.96588753241218,549800,35.86199188232422,36.32369179768972,35.72065311959941,35.739498527588985,2266100,142.6175079345703,144.53496885448413,142.48395365989458,142.89415087628282,1264300,57.46818161010742,58.11775576456034,57.305789893499814,57.31534084694269,4449200,109.8099365234375,111.11510735896648,109.22677914326843,109.5044771693418,1173600,49.2038688659668,49.66223348632408,49.091617689544826,49.33483273492642,3077600,117.0053482055664,119.10275323077695,116.6495406569182,117.93232520317999,1204900,96.89491271972656,97.72885715457554,96.28335818045237,96.38527804581258,9480800
2023-11-27,32.834678649902344,33.069597783122234,32.51844069234956,32.952139939879906,3670900,107.10503387451172,107.41290878050165,105.7615538556422,107.27296887687041,5289500,24.389333724975586,24.68642467331821,24.250072564290196,24.68642467331821,4951500,130.98487854003906,131.40226509648645,129.61478678167254,131.24800361070223,9850800,41.27742385864258,41.36929297445557,40.74457317409728,41.32335841654907,8319900,112.11088562011719,112.35697962636624,110.97154735162006,111.80098894899106,2384200,142.53099060058594,142.86413721912163,141.17989205858828,142.31813712168088,1232200,35.51335144042969,35.890252350030124,35.117608720303345,35.77718351490738,7736600,143.61915588378906,143.76224453449734,141.52997424551256,142.18821115141586,2178700,57.191158294677734,57.468183324933634,56.770847094435624,57.28668605201322,8319500,109.5322494506836,110.03210167808055,108.59734026265478,109.43968579275551,2447200,49.1570930480957,49.241282314305735,48.40874599756222,49.09161290419904,6371200,117.61396789550781,117.88550804519944,115.91919045969074,116.28436341941126,2455000,96.3296890258789,96.73739678583041,95.60693950190883,96.45941293687748,18013500
2023-11-28,32.87082290649414,33.19609822154814,32.6359003137394,32.91599926764377,3073200,107.27295684814453,108.20592739707674,106.80647157367844,107.53418746296549,3469100,24.20364761352539,24.695705534686056,24.194363301337287,24.482171666764092,5316700,132.02833557128906,132.9447668358092,130.71268241420734,131.3659747402837,9746500,41.176368713378906,41.72759045737923,41.08449959090631,41.45197958537907,5942200,112.69422912597656,113.4963207839875,111.82833480146441,112.46636146647661,3380900,142.5032196044922,144.1041674081292,142.0867757699855,142.89188827887156,1066600,35.353179931640625,35.69239011815398,35.17415393071163,35.59816306945895,6057500,143.0849609375,145.5461880039392,142.9323233156298,144.04845863244674,2465000,57.372657775878906,57.69744485466919,56.95234294214369,57.191156863489155,6972800,109.2267837524414,110.3653372328021,108.98611259049888,109.73589446767474,1926400,48.932586669921875,49.45642777776831,48.79227004837734,49.29740560385776,5620900,117.26752471923828,119.01848764681982,117.11771364417122,117.77315049207562,2045500,96.27407836914062,97.20994962408216,96.255542345403,96.58912007846293,20629500
2023-11-29,32.807579040527344,33.23224101968448,32.6991516253616,33.09671192083102,2557300,106.3306655883789,107.81408549783033,105.7242332453071,107.62749421596261,6065300,24.222217559814453,24.380047334022734,24.110807578278543,24.268637352486827,4174400,130.57656860351562,132.91753015946762,129.80531658861253,132.82678974181647,16417100,41.23149871826172,41.53466967335638,41.01100788353412,41.38767695173229,6470300,112.32963562011719,113.37782820859282,111.83744065803378,113.23199652758785,3000100,142.31813049316406,143.33608236921455,141.60557830049848,142.91965264558291,1031500,35.1458854675293,35.58874362866348,34.844366088066096,35.52278648905556,5812100,140.63328552246094,145.2504649782237,140.38526027372754,144.3442026411797,2935900,57.630577087402344,57.75475770246737,57.20071130137774,57.56370583712186,7542200,113.13301849365234,114.66034341001138,112.28142162880313,113.85502483829204,6873900,48.52100372314453,49.35354015244804,48.156184709710466,49.29741634632015,8002000,116.18136596679688,119.3181115580809,115.54465285310165,118.46603655051756,3180500,94.82857513427734,96.90417154634264,94.17995567389562,96.61691972581195,26802100
2023-11-30,32.5274772644043,33.54847959917849,32.129920449775256,33.187061806435345,5839700,107.82341003417969,108.8776642308961,106.02277652357512,107.45022037723561,10242700,24.370763778686523,24.73284313102763,24.101524014575297,24.407901030619787,8915600,130.29530334472656,132.48200360044618,128.87075897238816,131.5474353714139,16276000,41.31417465209961,42.25125439222355,40.90994211444873,41.80108729472569,12904400,112.1746826171875,114.81794865733934,111.07180406348327,113.51454546587642,5597800,142.89186096191406,145.73284839124864,139.85653217225774,143.58591505931534,2406800,34.8914794921875,36.16351780510927,34.58053918973643,35.58874533716625,13769000,142.32177734375,144.6494499659179,140.48062073110455,141.5872215771063,5973500,56.503379821777344,58.003131077707835,56.36964095402854,57.89805236076812,15858700,119.30709838867188,120.10315842373593,113.30888680139051,113.59583621095318,9147400,48.680023193359375,49.95221497064935,48.22165861509451,49.185158793471615,11520300,117.37989044189453,118.15705639212926,115.11394342085622,117.01471745683985,4460700,95.19923400878906,96.81152906003042,94.3374925398232,95.54207982140494,29254700
2023-12-01,32.70818328857422,33.48522906202244,32.49133194262358,32.5094031753474,3209200,107.50621032714844,109.1948849132548,107.15167692728001,107.3196119277437,4675800,24.26863670349121,24.649284659790382,24.23150122450671,24.32434257817026,6027200,131.39317321777344,132.93566335834328,129.3879401885457,130.19548004034684,11906500,41.49791717529297,42.13182608219906,41.01100448240318,41.231495298845,6386200,112.65776824951172,114.50805251203703,111.60957563633643,111.83744329337588,2990900,142.76231384277344,145.07582764793668,142.19781590949088,142.79007487878997,1353900,35.532203674316406,35.95621638050993,34.68418185632352,34.92916497857191,6670500,144.4491424560547,146.690962364417,141.60633547830366,141.9306795546502,3124600,56.19769287109375,56.93323653099513,56.14992717233731,56.455608695520304,9722500,120.05687713623047,121.50088977795511,118.25186133407466,118.9460992675428,4757300,49.00742721557617,49.66223227074442,48.39004040776622,48.62389910115485,6377200,118.33495330810547,120.16082532630567,117.04280333107172,117.04280333107172,2516500,95.43087005615234,96.57059520382568,94.71738863939048,94.9768364273039,17845300
2023-12-04,32.364845275878906,32.744334369456936,32.15703121497936,32.29256377270069,3607500,106.8531265258789,108.14995514926179,106.24669418477153,106.43329258403594,4824800,23.943696975708008,24.34291182534434,23.878706782193447,24.027252254337597,8082100,131.4476318359375,132.20073309077895,129.97773103579027,130.65824271660594,11842800,41.04774856567383,41.62653382224207,40.85482131501182,41.001814006646995,6670300,112.11088562011719,112.9312105642289,111.1994150053195,111.7007266250458,3000900,142.3828887939453,142.6049911942284,140.76342919170324,141.32792710359317,1372900,35.21183395385742,35.53219866510702,34.693597872410805,35.12703142457389,6133900,144.42050170898438,144.9833365558577,141.6349306524511,143.09449331980713,3075100,55.27109909057617,56.073514078132845,55.17557132776493,55.81559458455982,11467600,118.89057159423828,121.60272121561094,118.39071939641738,119.32562852912798,4842900,48.67066955566406,49.10097225843975,48.09070100201045,48.62389853121466,7772600,118.40985870361328,118.99975184216262,116.22817920344143,116.83680319042281,2960000,94.91197967529297,95.77372105769926,94.13362919952804,94.63399584764355,21523900
2023-12-05,31.434194564819336,32.65397362722206,31.425157223972587,32.60879726319522,3070900,105.5562973022461,107.19832761642982,105.46300166214498,107.03972431645782,5821400,23.525911331176758,24.101524583312262,23.516627017974354,24.04582047489953,5458000,129.62387084960938,131.62911811008246,129.4151844688512,131.34782830726525,9597600,40.22092056274414,41.203935042590054,40.16580048267463,41.0477568096159,8282100,111.1538314819336,112.62129963287403,110.70721285676822,112.27494332514944,3478300,138.94964599609375,142.9659170549746,138.85711390789945,142.7068046151202,1842800,34.231903076171875,35.14588203331432,34.10940971698587,35.070503993011215,7064800,142.06422424316406,145.97547990828565,141.77803231902635,144.46821602706456,2761200,54.717041015625,55.48124843057835,54.66927896319317,55.38572068170367,8243300,118.20559692382812,120.87147558046091,118.02972808512033,119.03869106618058,3484500,47.570926666259766,48.63307243381208,47.467531469556135,48.557874623253454,6902700,117.65142822265625,120.69453398844263,117.52034085343686,118.45668328713293,3128600,93.06803894042969,94.82857957808791,92.92904702971397,94.7637176290102,22250300
2023-12-06,30.74750518798828,31.551656285024762,30.657152448872115,31.081817905537427,4374900,103.11190032958984,104.80058183708785,102.38418445164055,104.80058183708785,7489500,23.006000518798828,23.47948983296847,22.90387485178139,23.38664847848003,8607400,129.32443237304688,130.685455667939,128.25376736001996,128.7527981587778,18079700,39.7339973449707,40.579204392421595,39.55944462984463,39.99123366296324,10636500,109.14859771728516,111.28143545377237,108.17332451270907,110.06006826189714,4613900,135.5534210205078,137.9779935214072,134.83160571459956,137.6448469094057,3304500,32.992095947265625,34.279223596131324,32.92584704859997,33.96690426502676,10186300,136.58847045898438,140.9576245084588,136.50261724786412,140.9576245084588,4039700,53.95283889770508,54.74570283960731,53.80955273601955,54.354048167249054,12915500,115.70632934570312,118.35369072610513,115.36383606846445,117.40952312383801,2952000,46.17979431152344,47.72131340043996,46.029402292742034,47.2513378935445,13575300,114.91729736328125,116.71507292331246,114.71130090757921,116.71507292331246,3454000,91.83566284179688,93.32749487001594,91.12217427034105,92.66033929597725,31154800
2023-12-07,30.56679916381836,31.136027614208423,30.340913873326304,30.92821356056405,4447600,103.41978454589844,104.40873817393908,103.23319328219289,103.85828184540696,5816800,22.82032012939453,23.228821068184832,22.69962759585285,23.17311518734861,8554000,129.22459411621094,130.66727515856317,127.92709218184228,130.2136008298958,14786700,39.92692565917969,40.23928555569281,39.63294028652993,40.00960926427381,10954900,107.87254333496094,110.36086111461687,107.51707035986277,109.66814151654175,3524500,136.58058166503906,137.6262943014533,135.59040521474094,136.89521611686718,2245500,32.57566833496094,33.37065868439994,32.178174965388436,33.15298322816348,11219300,135.06214904785156,138.32470234961423,134.48976514663258,136.99869371623998,3606600,54.04867172241211,54.757818894966945,53.512016942798,54.307412139654005,11624600,115.3545913696289,117.31696630991897,114.84548066597574,116.57644999624219,3702200,45.55002975463867,46.44298402282575,45.202248849254055,46.42418457042267,12955100,114.29931640625,116.77125976910828,113.99968712419825,115.56337721666436,3277700,91.19630432128906,93.43868283762737,90.89052350467306,92.53061547057864,29990700
2023-12-08,31.145063400268555,31.190239766763156,30.539689059686268,30.765574338895096,2732000,104.55802917480469,104.66998822461595,103.61572674673145,104.25014712632505,5713900,22.931730270385742,23.024569864117083,22.79246733818525,22.94101281311748,4829700,130.93951416015625,131.26616030951712,129.85976678185096,130.2136322899048,10821700,40.505714416503906,40.661892626047944,40.11985639098987,40.26685259467703,7454700,108.42855072021484,109.85955940255427,108.06396105923035,108.75668071970395,3858400,137.63555908203125,139.19024769884817,136.96001700596346,137.18211941424235,1596100,33.058345794677734,33.27602126943974,32.55674594458678,32.8879904474215,6459800,136.43585205078125,137.51382081428704,135.52958971539394,136.04472355607595,3092100,54.11574935913086,54.57573757160916,53.98158658744902,54.57573757160916,8209000,116.00254821777344,117.00225269261615,114.12347838174684,116.09511187755785,4102700,45.86961364746094,46.16099978363617,45.2304466030713,45.52183273924653,13211000,114.92667388916016,116.28437477014603,114.3274152740099,115.46038881651978,2176100,92.24337005615234,92.4657528897206,91.50208451836106,91.7522643224475,22074900
2023-12-11,31.352876663208008,31.46130062944371,31.045672553260403,31.108920154125876,3434500,104.64198303222656,105.08047322303585,104.06353871366875,104.60466335509375,7250100,23.080276489257812,23.117411973786975,22.653206906960726,22.80175238668098,7848000,130.975830078125,131.92853542582938,130.4949362289829,131.42042221504127,9849600,40.799705505371094,40.98344728102558,40.47816002641289,40.65271278576407,8093600,108.64730072021484,109.09392635388386,107.09780336796814,107.15248938271564,5004100,138.38514709472656,139.04219128322504,137.25616525459807,137.4042194188414,1992800,32.90691375732422,33.5410113032771,32.87852240759311,32.99209141681126,6837600,137.22763061523438,138.076657395272,135.72036680957737,135.9397742993421,3017800,54.68115997314453,54.82490425360941,53.96242760383451,54.019923853755714,15273800,117.01151275634766,117.89087812939884,115.48418763175196,115.74336870750791,2976800,46.198604583740234,46.649780745768965,45.897820475721076,46.05761046439339,8820900,115.61956787109375,116.35927211372902,114.02778143360008,114.81431279954745,3293300,92.30823516845703,92.53061800963323,91.34456676412944,92.47502406669494,22252300
2023-12-12,30.88303565979004,31.108920939076548,30.557760306139738,30.86496442383882,3859800,103.61571502685547,104.00756809787185,102.34687441118562,103.3451526922493,6888800,22.67177391052246,22.857456632272207,22.541797067778642,22.829603692769243,6526500,129.29722595214844,130.286232989252,128.61671423661082,129.9051480899565,9863900,39.81668472290039,40.331160912245494,39.54107385540857,40.331160912245494,11439000,107.25273895263672,108.09129019752692,106.44153071186732,107.30743191484677,3447800,136.8489990234375,137.82066370906196,135.86807124367584,137.2099066805304,2404800,32.5946044921875,32.72710592236317,31.979435526984286,32.36746640390456,8380000,136.76971435546875,137.34209816089677,134.93810655695393,135.96838867292942,2930200,53.234107971191406,54.355332323651595,52.82203447006162,54.16366963499513,23323200,115.90998077392578,116.16916183772263,114.66035375224568,115.78039024202737,3484900,46.0952033996582,46.30199020610026,45.30564432203953,45.578231005109664,8871400,113.20379638671875,114.683219077504,112.55771785158679,114.683219077504,4041600,90.85346221923828,91.43721979068292,90.32529858714382,91.43721979068292,26084000
2023-12-13,31.48841094970703,31.506482188181042,30.50355085665945,30.982430059379965,5054100,104.35276794433594,104.73528933541424,103.4384606744437,104.02622963366014,8570100,22.894594192504883,22.93173144854681,22.513946172084307,22.746048709940844,8660800,131.21173095703125,131.27523818349917,128.52597199892537,128.99779732502088,10641300,40.62514877319336,40.652708810242366,39.4583926421574,39.80750163130248,13256400,107.99102783203125,108.3465007704909,106.4597571148327,107.48059962365303,5765800,138.31112670898438,138.57948811900263,136.36776930750207,137.04331143939802,1840400,32.83120346069336,32.93530990526589,32.19710582236139,32.75549198028239,6337200,139.9082489013672,140.04180316949675,136.0065428372815,136.61707871392002,3457500,54.83448791503906,54.882402673897296,53.29160855243629,53.349104800801456,15845700,117.70574188232422,117.94640597033235,114.2067764384632,115.71559154130851,3054600,46.2361946105957,46.6309759481579,45.53123126589014,46.35838926098745,10502400,116.85554504394531,116.91172330708102,112.6794512722772,112.98844600697608,4238400,91.65959167480469,91.76151859772662,90.4920766712982,90.844183360851,19915400
2023-12-14,32.29256057739258,32.71722255254312,32.02149548877148,32.13895679739157,5938700,107.24495697021484,108.5511171040748,105.1924247012921,105.37901595555778,11490400,23.739442825317383,23.748727137582296,23.21953373409286,23.21953373409286,9206900,136.03880310058594,136.03880310058594,132.33683206696008,132.33683206696008,14960500,42.065025329589844,42.53251836982375,41.288985170790916,41.37313406070057,13683600,111.33287811279297,111.94216590879064,108.73880581058398,108.8126601573361,4842400,141.99420166015625,142.641982592434,139.62516618178887,139.7824833995874,2552900,33.96690368652344,34.03315258406079,33.24762839456332,33.417983734029114,8861700,143.94351196289062,143.94351196289062,140.53787078285058,142.1977574958878,3559800,56.310279846191406,57.19192672566349,56.23361696639388,56.34861311392098,19890300,120.4364013671875,120.67706544090719,116.87264793303821,118.48327801616745,4260100,49.27223587036133,49.582421460314485,46.89416068990296,46.988157953053445,19567600,120.95669555664062,121.29377936756626,118.18513025565213,118.76565792934902,4415300,94.12435913085938,94.64325468478098,92.4008765331378,92.52133240974912,26165700
2023-12-15,31.94017791748047,32.283524515736154,31.587797424389386,32.202205675273916,9915200,106.8624496459961,107.98201147969516,106.00411843229345,106.68518296042687,30860400,23.330944061279297,23.64660362378493,23.173114280026482,23.553764034296407,19496600,135.5125732421875,135.93902836265335,133.67065595381223,133.67065595381223,30850900,41.95281982421875,41.99022011933509,41.27028048844354,41.61622430154858,24624200,110.88052368164062,111.37902991757413,109.66195523040459,110.25277587081372,7429100,141.6888427734375,142.51245313909396,139.61592928073713,141.28166207660638,4063700,33.9006462097168,34.06153892751461,33.1624423323791,33.569401805858405,15661200,141.54910278320312,142.6175371998529,137.8572542965165,139.00202209301517,12266800,56.118621826171875,56.48277690915439,55.62988179300119,56.1857032180719,17700600,120.21424865722656,120.50119810662244,118.22410535545565,118.42774963392532,9648400,49.05604553222656,49.34743165760259,48.51087577082193,48.9526539254436,21720600,120.38555908203125,120.71327037639053,118.71886347284816,118.75631802916166,9641800,93.49427032470703,93.58692923679969,92.9475707253432,93.2070185069714,55527000
2023-12-18,32.20220184326172,32.87985761756179,32.175096715245076,32.663009699957655,6081800,107.19832611083984,109.40946193398551,106.96508345486238,108.06598907579603,7000500,23.702306747436523,24.10152153991934,23.674453811346417,23.971544713101746,6777100,135.8119659423828,138.02589929812126,135.48533365551424,136.85542540170906,11561700,42.298770904541016,43.15895636733992,42.27071889740539,42.60731444952279,12127200,112.27449035644531,113.6407603966245,111.93291932483184,113.31765647111843,2875500,144.02085876464844,146.0752600512447,144.02085876464844,144.84446907355832,1883400,34.26975631713867,35.04581791427371,34.260293736327114,34.695644659540605,6800700,144.8211669921875,146.02317007244534,143.46654084594797,143.98167462582646,3307400,56.51152801513672,57.39317124427022,56.51152801513672,57.20150856012679,9284700,121.53793334960938,123.13005359990868,121.0103056986612,121.54718477137217,2987700,49.14064407348633,50.60696913142419,49.10304875325383,49.883206328920636,9356700,123.52230072021484,124.34628669109709,121.81816480197062,122.21142693695006,3621100,94.18923950195312,95.54207965321488,94.06877653235314,94.63400518677784,21610400
2023-12-19,32.5365104675293,32.6810768922107,31.922105747684938,32.12088242741221,4168400,108.68174743652344,108.82169445557764,106.59189520411758,107.24497180236908,6379200,23.823001861572266,23.83228617461532,23.451638193858294,23.553763866530254,4871300,137.5904083251953,137.76280685857103,135.63961342078596,136.06606857859506,8738100,42.71017074584961,42.75691934343612,42.09307998431536,42.39227528889624,9074600,113.11456298828125,113.52075481370592,111.57289062271035,112.48681518677836,3498900,145.42747497558594,145.68658739716335,143.32681456640978,143.94683458379626,1578800,34.84707260131836,34.97010781849402,34.326543989059495,34.47797056008561,5810100,146.69094848632812,146.75771835157573,144.01984819358705,144.87840938653125,2583900,57.78607177734375,57.814823552998604,56.3869405508488,56.65526608588585,11375100,123.85205841064453,123.87982679988954,121.64900536848812,121.74157608217672,2873100,49.798606872558594,49.88320261162842,49.13124247857925,49.28163450518909,7351000,125.09534454345703,125.5916048494063,122.41740483236737,123.53164023514462,3741200,95.43087005615234,95.61619495424908,94.31894894526003,94.5135347861951,18904700
2023-12-20,32.09378433227539,32.86179298541838,32.05764185650165,32.64494502424831,4384600,108.86833953857422,110.96752334898497,108.57911381778828,109.0362745281271,7767200,23.423786163330078,23.980832571909506,23.377366367115844,23.86014003927146,5341600,136.32916259765625,138.878810611397,136.1567641036235,138.053119847895,9370000,42.298770904541016,43.224405106175105,42.23331859901706,42.869109404863536,8494500,112.09910583496094,114.45316217408696,111.95139713523514,113.41922240542176,3671100,144.20594787597656,147.54666246066225,144.0578795997333,145.3997148168389,1581400,34.50636291503906,35.5284950068402,34.44958020569078,34.92278870516294,6653800,146.557373046875,149.0853697383758,146.35703436739595,147.22514438459942,3166100,57.661495208740234,58.51439394673005,57.575250841713434,57.9873206660449,11445000,124.10198211669922,126.52718215709861,123.87982088903159,124.3056122533439,3365700,49.394432067871094,50.73856249520754,49.3568331614324,49.58242301443553,6480200,124.10281372070312,128.0260906093065,123.64401509491532,125.68523464116139,4492200,93.83711242675781,96.31114859328379,93.70738853121527,95.90344088190892,20988900
2023-12-21,32.473262786865234,32.49133402074487,31.994387152628704,32.29255734153967,2551700,108.99897003173828,109.0456142965546,107.55286258040086,108.6910879883436,4149300,23.897275924682617,23.915844551801825,23.470208125751284,23.57233203330344,4782900,136.74656677246094,136.82822485540433,135.39461184853124,136.8100739997348,7264700,42.869110107421875,42.8784619655166,42.22397099974987,42.43901736897387,8104100,111.77598571777344,112.34833923871685,110.56664380359756,112.31141911225512,3841700,144.60385131835938,145.0295440407189,143.0399279606479,144.77968061410425,1292300,34.67671585083008,34.78082229111721,34.288685052674275,34.544218057844304,4252800,145.63204956054688,147.96925687372968,144.42051202149045,146.57646396784682,2064800,57.92023849487305,58.01607166082274,57.498583531678875,57.498583531678875,9863000,124.30561828613281,125.2775542834262,123.37071622406826,124.35190364301495,3235100,49.42262649536133,49.84560158707939,49.07484203530486,49.34742869244255,7470900,123.52230072021484,124.81445794047062,121.9773413122633,124.20582674381343,2977100,94.26336669921875,94.52281451930374,93.41088620111007,94.02244783653002,19250900
2023-12-22,32.49134063720703,32.88890097004659,32.382916658585394,32.69915469903856,2498200,109.77332305908203,110.6782985524514,109.42812137822932,110.09052964310827,4299400,23.934410095214844,24.092239863789864,23.86013736710904,24.045818301972787,3901800,137.05503845214844,138.27088251639788,136.78283104424565,137.6811113368117,6396100,42.83171081542969,43.43010129693393,42.747561931050114,43.1963547921783,6324000,112.87454986572266,113.55769200387853,112.07140674039336,112.81916262760011,1741900,144.7241668701172,146.51020684373134,144.34474722279924,145.78837755637568,1258500,34.62939453125,35.12153175271036,34.553679446274266,34.884927527602144,3627000,143.92445373535156,147.08207026550338,143.83860052272948,146.76727515255567,2121400,58.27481460571289,59.35770194267683,58.169399953024396,58.78271758067229,10994200,124.09271240234375,125.72186643522788,123.96312188830132,125.54599056810456,1402200,49.89260482788086,50.2215862701812,49.56361979995172,49.808009087628086,5115600,123.78447723388672,125.70398224105448,123.68147898606446,124.62719406719233,2279000,94.43016052246094,95.38456094020036,94.3467625362674,94.8007962451154,12927800
2023-12-26,33.69305419921875,33.783406945951945,32.93407940775633,32.94311330373511,3272600,111.04216766357422,111.42468906060604,110.4450669953306,110.7436173294524,2893600,24.055105209350586,24.203650681586964,23.943696990574157,24.027252269255627,2895400,138.28904724121094,138.8334482665835,137.8262904478422,137.98055194232865,5165600,43.62645721435547,43.888252216606084,43.187012546272456,43.25246129683511,8224800,114.74857330322266,115.21937893970794,113.47461041049226,113.86233518517608,1852100,147.1394805908203,148.05563715714874,145.86241642937486,145.86241642937486,1038900,35.06474304199219,35.39599110067632,34.87545895278607,35.13099193167027,3594500,145.0787353515625,146.08993408528795,143.7336436519507,144.83071014248858,1525400,58.87855529785156,59.22354742541698,58.696477744152894,58.74439250505655,7126500,125.62930297851562,125.97178918732529,124.51852506201045,125.05540411525459,1542400,50.456573486328125,51.105138430740965,50.35317829541548,50.62576496497996,5632300,124.71145629882812,125.76952786559102,123.96237946273365,124.48672896176409,1807100,94.64326477050781,95.46794117919617,94.62473581421679,95.1992253617304,16835100
2023-12-27,33.584625244140625,34.17192841148383,33.50330984380986,33.64787630006933,3315600,110.54768371582031,111.62060132277087,110.16516947355143,110.56634711378508,3441400,23.980833053588867,24.222219894515174,23.86942306131451,24.101525588651143,3249000,137.83538818359375,138.79717589632008,137.3181926144597,138.16203437329767,5337200,43.38335418701172,43.72929802716052,43.233756561540176,43.52359995462888,7982600,114.72086334228516,115.64402151755888,113.98234102794893,114.47161373394194,2568300,146.29736328125,147.8242909452275,145.64033323357927,147.1394857395132,911800,34.69564437866211,35.21617296614205,34.61993290190029,34.9984975062975,4267500,142.9800567626953,144.92613593499613,142.66524705493686,144.50638965798487,1712700,58.49523162841797,59.09896417611157,58.3898169645046,58.94563475287262,5456400,124.68513488769531,125.87923208943221,124.23157512636752,125.15722574041767,1799000,49.84560775756836,50.738562056812235,49.704617238085035,50.26858648727641,7132900,123.42865753173828,124.7676202570079,123.08220114088653,124.30880735423162,1358000,94.19850158691406,95.02317801715304,93.90198172312932,94.55060832102444,14558800
2023-12-28,32.61783218383789,33.512339385357485,32.599764395047046,33.421986654460284,3483400,108.69107055664062,110.27711766606093,108.63509460063771,109.77331982603368,3711400,23.813716888427734,24.138660752720835,23.813716888427734,24.008683915324234,3720500,135.89364624023438,137.93518122933867,135.55791773850646,137.17299764450536,8148000,42.78496551513672,43.33660749739876,42.775617222791915,43.1122128142317,7843000,112.00677490234375,114.52699259231467,111.96984773285769,113.65922876037331,2137200,143.74325561523438,145.92721342754962,143.68773353772477,145.73287203569694,1167000,34.26975631713867,34.676715887623395,34.20350742057549,34.49689796985107,4179200,140.11814880371094,142.61752825286038,140.10859985366525,142.15008094673743,2372400,57.46984100341797,58.43773231191762,57.45067436836249,58.27482139743883,7957800,122.96342468261719,124.67588397532451,122.91713932686422,124.129753500639,1827500,49.103050231933594,49.93020467202155,49.037250351879955,49.59182168033597,6995300,121.80878448486328,123.5972019726991,121.68706968323616,122.66085953351198,1661200,92.83638763427734,94.15216263417582,92.78078662862404,93.94830877543225,16329300
2023-12-29,32.4190559387207,32.84371791594394,32.31966586530597,32.80757889112241,3671100,108.2898941040039,109.67069368371698,108.04731976202716,109.35347998759345,3643600,23.69302749633789,23.925130034262512,23.618754755034082,23.8415729789455,4075600,135.3401641845703,136.31102030052674,134.8955582428435,136.1295532909601,7658600,42.35487365722656,42.99066455121477,42.11177881737896,42.897167358970904,9450400,111.65596771240234,112.70836736725488,111.32363023790815,112.56989928883,1756600,143.51187133789062,144.6963891219904,143.18797379918715,144.36324261267697,2267700,34.212974548339844,34.49689891428285,34.061547979150625,34.40225505210572,4759000,141.53001403808594,142.82740487579824,140.80500707678337,141.10073340894195,2507000,57.22067642211914,57.786079341862475,57.067347002646116,57.49858713730828,5926200,123.24114990234375,123.94463944246169,122.82460985721721,123.42627724192104,2023900,48.915061950683594,49.2534449608264,48.661274693076486,49.11245084472379,8641800,121.72451782226562,122.67021854801747,121.08781181778758,122.42677465585561,1964000,92.64181518554688,93.20703678095487,92.30823738107523,93.00318996215395,17746400
2024-01-02,32.62687301635742,33.105748745481236,32.44616408848968,32.65397814917994,2838700,109.70802307128906,110.83692390142355,109.0176267345305,109.31617707891272,4688400,23.850854873657227,24.092241701110083,23.739444887601426,23.869421728998482,5233400,135.63050842285156,137.4452062058254,135.4127535497237,136.0932652183389,8879700,42.85975646972656,43.46749876927688,42.588609685823286,42.654058417567065,7489500,112.25601959228516,113.82539253281834,111.94214923006078,112.44988194127146,3023000,145.2979278564453,146.78783143402623,144.65940985511247,144.8907612546091,1400300,34.184574127197266,34.80920907667069,34.08993389042302,34.52528475605434,5503400,145.34585571289062,145.39355679136844,142.1691560297636,142.1691560297636,3187400,57.54650115966797,58.39939627306039,57.402756887059645,57.67108245379119,7456200,124.30561828613281,125.19424911562308,123.34294783480055,123.57436049490337,2500300,48.85865020751953,49.67640653434162,48.71765971565549,49.291026786241254,12105200,122.3425064086914,123.52229273738409,121.77133694987037,122.32377555944024,2638200,94.84712219238281,95.53280671161437,93.44794911430716,93.51281106789092,23483000
2024-01-03,33.20512771606445,33.34969412063234,32.166054313602466,32.51843815605072,3007300,111.89116668701172,112.12440934189851,109.54008385767328,110.04388172838792,4881900,24.036535263061523,24.12009230795758,23.73944433489848,23.860138631215722,4181100,138.21644592285156,138.9967664534461,134.9046144585069,135.54883820558547,10255300,43.76669692993164,43.79474536922315,42.560564106756075,42.71951001832612,7374600,115.37630462646484,115.80095651534693,111.9144616857698,112.28371929826727,2794000,148.22218322753906,148.8884762541928,144.69639086515986,145.9271817582684,1391300,34.610469818115234,34.86600284442886,34.11833253895133,34.19404763280472,6926000,150.62127685546875,152.6246057676135,145.36494389394832,145.47941484104487,4674200,58.08314895629883,58.255644987191765,56.961924755494735,57.144005930137965,7269300,125.65705871582031,126.30501125818616,124.04642171824855,124.04642171824855,3094700,49.488426208496094,49.817407654985026,48.557873053867795,48.755261921761154,6572400,125.22644805908203,126.51859096230388,122.21142413914379,122.27696068308035,3078000,95.64400482177734,96.01464759853994,94.19850576876847,94.7637273432883,23490800
2024-01-04,30.765579223632812,31.741405439182824,30.69329771511228,31.39805879518526,19168900,108.67242431640625,113.1133594802345,108.47649421629512,112.52559053390459,5891500,23.572328567504883,24.222216254711377,23.525908777333626,24.19436331812773,6989300,136.7012176513672,140.0493380191859,136.63769656924455,139.4232649299127,8220300,42.66341781616211,44.27159152331592,42.59796907284888,43.981748107697044,8311400,111.72059631347656,116.38254779238187,111.55442756460313,115.91173516338418,2847500,144.19668579101562,149.56402617134464,143.919061328448,149.0550644639652,1815200,33.862796783447266,34.989035246833204,33.81547665874988,34.87546261520656,7153300,146.33798217773438,154.83779970699172,146.28074670179214,152.47197451131169,4495800,56.6552734375,58.50481161408512,56.53069579758826,58.3035674366938,9423300,125.22201538085938,127.79532298760928,124.86101220219467,126.24948813926007,3125200,48.5860710144043,50.14638969525237,48.53907417658208,49.82680617818089,8268800,122.0147705078125,127.08038609867987,121.93986140460304,126.00359810087615,2586500,94.81007385253906,96.89493181583519,94.55989400749007,96.44089806104498,19395200
2024-01-05,31.027603149414062,31.154098358612384,30.530656207533834,31.00049801793898,9375700,108.71907043457031,109.87595206592778,108.22459712108693,109.62405311834237,3984600,23.823001861572266,23.869421655985892,23.470206819944405,23.823001861572266,8725500,136.4652557373047,137.9442387307426,135.94807411407515,137.8988685211502,7455400,42.95326614379883,43.084167212083784,42.56057363901221,42.9906664490231,7073500,111.12976837158203,112.68067424496682,110.3450854034771,112.4868118911859,2157100,144.31700134277344,145.8901880478915,143.1047222589505,145.10360175561692,1654700,34.04261779785156,34.36439969534838,33.88172504395613,34.212973132426,4473700,145.47940063476562,148.79918878331597,144.58267281987384,147.6258180211802,3373700,56.48277282714844,57.08650896627839,56.14736589188815,57.01942757922633,8016800,125.18499755859375,127.20290917284034,124.64811849281885,126.21247033331144,3126500,48.7458610534668,49.46962377779198,48.595469031894595,48.811657338802846,9827700,120.7881851196289,122.98859575733202,119.91739343372065,122.20205718180969,2958000,95.09729766845703,95.81078619485143,94.63399600123766,95.59766431738466,15827400
2024-01-08,30.476438522338867,30.53065222495306,29.979491645283034,30.349943329641256,7849000,106.82514190673828,107.33827862335983,104.94054428187624,107.25430756154843,6769600,23.72088050842285,23.74873345262398,23.02457284061237,23.41450520541832,6894100,135.64865112304688,135.83011812142666,132.99919418057732,134.6687127177426,10038200,42.56991958618164,42.56991958618164,41.4479390247949,42.21462740619747,8222300,108.72032928466797,109.08959394330363,107.14172973605965,109.08959394330363,4244600,144.14114379882812,144.14114379882812,139.46785770278444,141.4019516505452,2130700,33.32333755493164,33.34226632581042,32.339063130998504,33.13405345643775,8938300,149.06629943847656,149.142618248939,141.62539737245046,143.09449444395892,3108000,55.8407096862793,55.85029117530795,54.93031469077046,55.553217491819034,10343500,123.8983383178711,124.21305613167704,121.95446641037374,123.56510353728032,3636500,47.29833984375,47.730716496316624,46.43358653861676,47.55212707520318,16693600,121.0409927368164,121.17208010856183,116.6308135026458,118.45668556977287,2756500,93.51280975341797,93.62400470203684,91.64107406958065,93.3367599215497,23370100
2024-01-09,29.789756774902344,30.666189463022956,29.726509161741156,30.602941849861768,5460200,105.2017822265625,106.82514931481259,104.72596515797129,106.82514931481259,5935600,23.906557083129883,24.008682748005562,23.572328922301487,23.785864564387136,8716800,132.20074462890625,136.05697782342335,132.10093568654042,136.05697782342335,11784700,41.85933303833008,42.68212190157955,41.65363493084537,42.62602144498663,7532800,107.15097045898438,109.27423710585647,105.96932910679531,109.02498045126589,3043300,141.36495971679688,144.5391083874891,140.87449585990075,144.39104009695495,1356800,32.66084671020508,33.30441051230416,32.414779896599704,33.20977026329303,7036000,147.2061004638672,148.9423209632045,146.80543755394183,148.79921770916357,2767900,55.064476013183594,55.85028969654419,54.93031323636517,55.82154157455781,8531400,123.30591583251953,123.84278072148685,122.0285135552713,123.84278072148685,2172600,45.64402770996094,47.1103491633843,45.587629351895046,47.1103491633843,18420800,119.07465362548828,120.6664327454927,118.61584787927704,120.60089621118765,2273300,92.35455322265625,93.85565317879808,91.9097875782292,93.85565317879808,19496600
2024-01-10,29.428335189819336,29.735539320881582,29.211487242443617,29.735539320881582,5385300,103.72766876220703,105.17377599994607,103.40113048471774,105.17377599994607,4445200,23.55376434326172,23.739445295476088,23.303093198430552,23.720876669014146,5252000,131.1119384765625,132.4911129170816,130.75807289883596,132.4911129170816,8490400,41.083282470703125,41.906071127640466,40.989785299848435,41.85932254221313,10531300,106.1539535522461,107.16019959681107,105.39696415199973,107.13250597925072,3128700,140.0693817138672,140.93926517215448,138.69052238950033,140.83746999893856,1470200,32.24442672729492,32.66084890534336,32.03621383312354,32.5188885222855,5756600,145.80372619628906,148.72285114319217,144.94516517296086,147.58764720764748,2327400,54.4319953918457,55.04531307311422,54.30741409544374,55.01656494919906,10864200,119.78845977783203,123.62065308849768,119.34413727492247,123.62065308849768,3619900,45.54063034057617,45.982404907983714,45.00485851420941,45.5970251103229,17704900,116.82743835449219,119.52410904424099,116.21882150817167,119.14957065469525,2714400,91.44648742675781,92.47501771703188,90.95538877939539,92.47501771703188,18206100
2024-01-11,29.32894515991211,29.853000685957664,29.16630747574183,29.663257870004333,4322400,103.55973815917969,104.7166197275573,103.50376220009717,104.12885080318821,4212600,23.37736701965332,23.739446398475977,23.35879839232863,23.646605032654282,7488900,131.8196258544922,132.6271656916339,131.22077235412823,132.07368239797208,8612500,40.756046295166016,41.37313700959065,40.606448654296074,41.21419107659282,10739000,106.14472198486328,107.03095292026123,105.67390937935465,106.4401322966626,2134000,140.09713745117188,141.1891232789641,139.15321989165102,140.65238639690585,1234700,32.357994079589844,32.63245586036274,32.140318615275035,32.518886837740695,5973900,148.23635864257812,148.81827684583084,146.35704975123696,146.35704975123696,2534100,54.74823760986328,55.275307246706674,54.64282295136228,54.93990029298678,9455300,120.5937728881836,121.18618877524995,119.603333977072,120.27905503787217,3540000,45.86961364746094,45.916610486036575,45.427839062095266,45.84141626144135,8783200,119.8518295288086,119.93609691745769,117.50160805889891,117.67951540434797,2388100,91.42794036865234,92.19702275766392,91.3260134462811,91.77078611384854,15833400
2024-01-12,29.401227951049805,29.997564933700655,29.18437657247871,29.88914096778297,4447400,104.21282196044922,105.77088840351233,103.60639671371361,105.42568668992323,5549800,23.739442825317383,24.04581804685345,23.57232874615198,23.804431240370263,4902700,133.62527465820312,134.74130991421322,132.62718534304267,134.13338782045014,9386900,39.98936080932617,41.63493497697442,39.89586004789258,41.550786075028874,12749700,107.13249969482422,108.72955925431398,106.45859118679058,108.13873863722516,3010800,142.36439514160156,143.05844934660612,140.70792531870765,142.50321445494384,1472500,32.63245391845703,33.0772710118397,32.310672031598195,32.94477322494969,6783400,150.21109008789062,151.5943341684994,149.2952787781418,150.39233091468364,2473600,55.63946533203125,56.19528308539787,55.10281055665867,55.82154286826726,11246000,122.9912109375,123.06526469260065,121.80637910450868,122.65797610170185,2909900,46.95055389404297,46.959951826511926,46.339584300332156,46.7249640728737,12732800,123.12902069091797,123.31628630596157,121.42487073288487,121.7245071469151,3276300,92.61400604248047,93.26263265741257,91.89125652907792,92.79006294887134,18041700
2024-01-16,28.253726959228516,29.09402034937178,28.20854887604639,29.003664183007533,5331500,101.35792541503906,104.25013285145258,101.07803138783743,104.02622190049173,6677500,23.04313850402832,23.55376512384402,23.024569876951006,23.535196496766705,8744700,130.37696838378906,132.99920620584638,130.27715944889917,132.93568513589565,9380400,38.970218658447266,39.97065344171174,38.82062103384759,39.764955370378914,13084600,104.34114074707031,107.16041603523524,104.05270219643246,107.16041603523524,3420200,139.88430786132812,141.92019726954618,139.45861509060873,141.61481174022825,1423100,31.714426040649414,32.60406016178429,31.657643342053507,32.48102496433707,6656000,147.0248260498047,152.64366956870086,146.91035510644718,151.11733695074082,3268000,54.259498596191406,55.562800478923066,54.259498596191406,55.43821918422209,13323500,119.84400177001953,123.60214149359109,119.49224997100035,123.11154773406925,3169400,45.399635314941406,47.1291454024453,45.333839027832184,46.86596025400842,14966000,121.06908416748047,127.09913195723414,120.80690941900878,124.07473549369259,3519400,90.5198974609375,92.66961728114997,90.37163750878732,92.49356035532752,20235700
2024-01-17,27.83810043334961,28.298906594944576,27.73871208557899,27.964597357535276,5407100,100.35964965820312,101.26463230163507,99.43601073422663,99.75321732949091,4864100,22.82960319519043,23.210251172759556,22.773899088200263,22.83888750815573,7517900,129.85977172851562,130.67639405554746,128.8798332431048,129.22463025974352,8167000,38.4185791015625,38.79257496930787,38.1567841341541,38.60557703543519,11802700,102.93614196777344,103.98755972000403,102.24760787166981,102.81518548159907,3282300,138.60723876953125,140.03237118929871,137.76511635062937,138.2463311786544,1448100,31.45890235900879,31.951036017107718,31.080334118615745,31.184440565238546,6985400,145.00242614746094,147.63535969775617,144.45866006237185,145.4221723416367,2691000,53.87617492675781,54.30741138662248,53.63659749098342,53.70367888054732,9651200,118.73323059082031,120.53824680345907,117.99270713518874,118.61289146854102,2437000,45.014259338378906,45.68162378452196,44.33749337292171,44.572481156968905,12992700,118.26942443847656,120.68518991632408,117.77316403318713,119.25258696709932,2764600,89.86200714111328,90.7700745778843,89.49136434124976,89.50989330000242,18384000
2024-01-18,27.720640182495117,27.838099762801228,27.31404601342047,27.820030251239547,5286300,99.7625503540039,100.14506461325689,98.68030100001775,100.14506461325689,6150900,22.848173141479492,22.894592938186882,22.523229252122558,22.801751573970368,6650200,128.6802215576172,129.92328506141124,126.68404299599122,129.75088656335765,11187800,38.40922927856445,38.53077489905028,37.876283939933856,38.31572853201137,10038500,102.43370819091797,103.09433697610426,101.5404729347317,102.79659189070884,3378700,138.5702362060547,139.11622210763758,137.24689888803258,138.55172414075247,1460800,31.525146484375,31.676573035536563,31.222293382051873,31.430502633465423,6635600,144.8116455078125,145.33632828355798,142.03560854949876,144.57315466032148,2722100,54.11574935913086,54.288245395767895,53.214935910990505,53.847420160105834,12283500,118.17782592773438,118.918349329851,117.21514832984458,118.918349329851,2337300,45.64402770996094,45.87901549012534,44.845067106024565,45.02366011375206,13695800,117.94168853759766,118.40049431604196,116.12518198496527,117.86677943066474,2565600,89.69520568847656,89.96391443463283,88.78713130929957,89.88052352777518,20940300
2024-01-19,27.665983200073242,27.829955294663797,27.283378170976015,27.78440778019858,6662200,100.6395492553711,100.6861935183113,98.82025216867024,98.94154291191778,5702200,22.63463592529297,22.755330221764595,22.46752360608871,22.755330221764595,7490100,129.06129455566406,129.0703630591854,127.9452455955786,128.5985378202479,11192500,38.30638122558594,38.43727870743694,37.979133954269564,38.381178258062704,9173500,102.5081558227539,102.51746235408108,101.36370092763313,102.34998028420932,2838400,139.791748046875,139.838021144491,137.90392710101685,138.56095707723685,1344100,32.14978790283203,32.15925048467265,31.534615384651843,31.638721836371058,8909000,145.93731689453125,146.0327190570868,144.74486264421827,145.30771211317398,2492700,54.06783676147461,54.06783676147461,53.492852347991075,53.885759216859235,9597300,119.49224090576172,119.52000929575561,117.61317118653093,118.46477516521703,2880300,46.659175872802734,47.32654034821099,46.05760769296267,46.565182189313674,20328400,120.00164031982422,120.0109985999446,117.96977196883024,118.5690305078982,2964700,89.83418273925781,89.89904468432717,89.33382320267809,89.62106794949642,20088400
2024-01-22,27.975711822509766,28.15790537103075,27.410914949642326,27.665985570066415,5194700,100.81680297851562,101.12468499161626,99.82785639849644,100.29434170876978,5740200,22.606786727905273,22.76461651880045,22.337546943695127,22.513945361943094,6860500,129.2881317138672,129.44237934394937,127.8635874939214,128.76186776385788,9184600,38.50273513793945,38.914127815445184,37.92304464538829,38.14743935432247,9522600,102.94547271728516,103.22461187265581,101.4567471191834,101.97779930381812,2482900,140.60614013671875,141.82766828170307,138.9589191693404,139.99536900394162,2268600,32.58513259887695,32.793345462222426,31.96996019915285,32.06460405080706,11147100,147.33010864257812,147.40642746072476,144.6303904954862,146.12810545217627,2661300,54.37449264526367,54.59490343214755,53.60784197964513,54.06783018561948,8047500,120.01988220214844,120.28831471069421,118.48329853444548,119.31637857754187,2307900,47.63671875,48.27588574077574,46.40538160308201,46.5839745945694,18491300,120.90052795410156,121.37807172933056,118.46603910583444,119.58965428915245,2903000,89.7137451171875,89.97319295026064,88.74080867374,89.60255015897476,19955900
2024-01-23,28.103246688842773,28.33098774509348,27.738861346346912,27.811738414846083,5541000,100.75149536132812,102.08564363397988,100.43428876685195,100.59289206409004,3969500,22.86673927307129,22.959580634345812,22.53251285160536,22.53251285160536,6876900,128.9251708984375,130.0502882482966,128.75277243365628,128.8344443372657,6767200,38.614925384521484,39.1198187367216,38.39053071689183,38.540128350874575,5843100,102.6942367553711,104.12713713307404,102.41509764458128,102.83379921196354,2367700,140.1711883544922,141.6703409185288,139.46788517691542,139.7269976171052,1307300,33.40851974487305,33.77762180127987,32.121392033089194,32.63245808517297,15096900,146.8817138671875,147.77844159686504,145.44123468724527,146.6813751920438,2601500,54.36491012573242,54.7769835989133,54.154080816943654,54.154080816943654,6337500,121.36205291748047,121.6490023487611,119.52000310554274,119.85323789251872,2309600,47.392330169677734,48.42627847495931,47.251339663704364,47.429929072188784,11432900,120.89117431640625,121.91178415813229,119.5147497716208,120.60091044283755,2883200,90.72373962402344,91.27043222065166,89.6303473613443,89.70447025840693,15863400
2024-01-24,28.576950073242188,28.677154961981135,28.05769897693397,28.340099153222596,5783500,102.31890106201172,102.64543940288307,101.15268761746978,101.61917299528656,5332000,23.22882080078125,23.30309353690614,23.00600259240658,23.04313807506817,7376400,131.49301147460938,131.54745019776902,129.04317201709895,129.47869564742274,8100000,38.91412353515625,39.157221937566966,38.58687980116782,38.988924141033145,8160700,104.29462432861328,104.83428955348677,102.81520532458109,103.3734765129177,3527900,141.7720947265625,142.15151430346003,139.96755714451479,141.02251866329382,1470200,34.856536865234375,34.97010588465004,33.5788718582055,33.7681559640943,14417400,147.95974731445312,148.37947903463234,146.91038162318486,147.83572739921377,1851000,54.92073440551758,55.04531204392857,54.422412884888615,54.70990508565026,7615400,123.73172760009766,123.75949599120368,121.83414083676968,122.15812423208499,2649200,48.5672721862793,48.65186792969796,47.53332739838805,47.749515723651534,10498000,121.86498260498047,122.55788126637998,121.04101083968423,122.17397737476183,3140800,92.28968811035156,92.33602110354427,90.56620539103194,91.1036370066095,17330600
2024-01-25,29.187294006347656,29.19640211938826,28.330987165845436,28.686262650324235,4761900,104.53937530517578,104.56736328877417,101.93638606049569,102.44019111927267,5958700,23.45163917541504,23.4887746583399,23.15454822880927,23.386650752195244,6597300,134.80482482910156,134.9137022603149,131.7742691582318,132.67254950087585,9773600,39.72755813598633,39.736906426979075,38.77387195373619,39.08241549013815,8101500,106.86267852783203,106.87198505880973,104.21088510344256,104.66680573810524,2962500,144.65939331054688,144.74267641590413,141.09657651754776,143.10470474104224,2399500,35.01742935180664,35.25403360418371,34.07101234229835,35.09314444550861,11492100,150.02981567382812,150.69758708772773,147.768912703184,149.29525984037602,2912500,55.59154510498047,55.639463515385756,54.575739144030116,55.342386186915704,9611700,127.41578674316406,127.44355512845233,124.74065734071573,125.32382168038113,3167700,49.31922912597656,49.33802857587408,48.247685581217496,48.96204674918073,11845300,125.90060424804688,127.25829785823682,123.22266443684865,124.98297841740863,5293300,94.63400268554688,94.68033568331043,92.30823324181304,92.94758478052803,22089500
2024-01-26,29.251062393188477,29.39681653303871,28.813798236111374,29.214622989462715,4159500,104.70729064941406,104.9125381965686,103.03727246783428,104.53002396259815,4156000,23.479488372802734,23.60018088657087,23.200964326658546,23.52590816175938,7025000,135.32200622558594,135.43088365660068,133.36212939705257,134.31484845356556,9151900,39.84910202026367,39.98935134587949,39.38160902379562,39.63405566989099,5768600,107.50468444824219,107.5419034699432,105.29950532937542,106.96501928178158,2683800,144.58535766601562,145.37194385378305,142.7437956724771,144.82595800805618,1443200,35.51902770996094,35.83134704283646,34.79028621021227,34.89439265450412,8835500,153.13018798828125,153.42591427260652,149.094912880579,149.9534885563201,3248400,55.96528244018555,55.99403055854761,55.14113559430354,55.802367906258134,7102800,129.7947235107422,129.85026028482008,126.97148645922678,127.41579477615662,3389100,49.74221420288086,50.043001876105535,49.168847001021945,49.26284068378461,9172000,129.13099670410156,129.19653324916945,125.34816502948982,125.90061795910394,5286000,95.44013977050781,95.51426973106855,93.76299006199845,94.48573950391028,20817200
2024-01-29,29.032428741455078,29.260168045479993,28.59516462115687,29.196400831849864,4862300,104.11952209472656,104.58600741514917,103.08392411394827,104.53003145445881,4705700,23.26595687866211,23.33094530308379,23.061707291793716,23.33094530308379,5374000,135.267578125,135.39460641950046,133.48009965200004,135.276646629948,10494800,39.98936080932617,40.02676111389961,39.29746944147504,39.81171471263639,5362500,106.96501159667969,107.39301966728627,105.84846942108008,107.34650121760414,2648500,143.30828857421875,144.27070402931986,142.24407795477904,144.27070402931986,2775200,35.19725036621094,35.35814314927017,34.799756920349346,35.25403669146032,5857600,152.76768493652344,153.53085850106072,151.2031856795683,153.1588133898435,3124000,55.79279327392578,55.98445229410327,55.20822375766457,55.917370905908854,7175800,128.74874877929688,129.3874500038616,127.462094908184,129.27637644282717,3099600,50.005401611328125,50.03359899826566,49.25344141275165,49.61062026605731,10072600,129.5710906982422,130.0767094045951,127.93249118443275,129.21527594611547,3464000,95.56060028076172,95.62546223203702,94.3838171449321,95.42161543475929,18317500
2024-01-30,29.533458709716797,29.588117814611934,28.567838848605387,28.64982576842171,5113900,106.40530395507812,106.66653459445492,103.33582970639877,103.75566364568273,6206500,23.49806022644043,23.572332967057633,23.006003983902133,23.052423782737204,6827200,136.21121215820312,136.3836106640568,134.02451183592282,134.4509530806063,9902900,40.50360107421875,40.541001377462905,39.652763792205015,39.70886424707125,6014800,108.658447265625,108.75149127179479,105.86708448771525,106.36953063959533,2947200,145.223876953125,145.6403207206101,141.9571966989023,142.34587943129733,2002400,34.837608337402344,35.02688883432165,33.25709019400887,34.02368920359069,18937100,162.06884765625,162.34549064807084,151.2699891235925,154.7805675831251,5858700,56.44444274902344,56.530690768183824,55.34238513260315,55.34238513260315,8337500,131.82191467285156,131.97927359108053,126.90671189859425,127.55466453962764,3664500,46.38658905029297,46.5933794561867,44.88266860459993,45.944814436287054,47358300,132.8576202392578,132.97934932111173,128.40999391709917,128.75643602705145,4304100,97.15436553955078,97.18216251057571,94.60620617739582,94.89345803997362,19610900
2024-01-31,28.540510177612305,29.624558132809938,28.50407251074991,29.579010614850333,5400300,104.37142181396484,106.45194223059127,104.2967824589108,106.33065861712896,5501400,23.09884262084961,23.516627876196072,23.08956007811013,23.516627876196072,5690000,133.7704620361328,136.44715277445928,133.6888039455185,136.43807042324818,10428000,39.28812026977539,40.410104415053446,39.27876841049656,40.37270411131668,6996900,105.87638854980469,108.56540072860118,105.82056356716473,108.52818170724038,3281900,142.2718505859375,145.1128382067702,142.04974817639413,145.1128382067702,1636100,33.73976516723633,34.951177688396406,33.711370204194445,34.93224891646652,12417800,157.97634887695312,163.52840843674986,156.0874908163994,162.16424772712105,4260400,55.16989517211914,56.406115697720075,55.16031368256194,56.339034303834296,8941900,133.5806427001953,136.70008086294385,132.22920066426192,133.7472671614096,8307900,45.77561950683594,46.70616909235014,45.352640792679985,46.480582835219565,26286300,131.04620361328125,134.45208479266248,130.76317796082387,133.29163642954248,4273500,95.26409149169922,97.18216021067897,95.22702650806885,97.05243630268404,22415300
2024-02-01,28.05769920349121,28.886676561490283,27.884617240850687,28.640717525757307,6403700,103.91426086425781,105.63093043655726,103.37314333635968,104.80991176884858,5255200,22.857454299926758,23.2659534128108,22.718191387423822,23.135976583329647,5138700,134.18783569335938,135.2131444375161,132.94477206198087,134.46004314743286,8641100,39.082420349121094,39.84910870663803,38.78322506651395,39.5405651318759,7886700,104.7691421508789,107.02083962514992,103.97825749572777,106.25786746036378,2569600,141.32794189453125,143.58593377840526,140.04162869780873,142.97516270413075,1578800,33.531551361083984,34.20350649973069,33.029951554811646,33.94797350116913,7803800,159.81747436523438,161.4392091033489,155.97300333738764,158.77765783650315,3203700,54.93031311035156,55.68737866998902,54.54698775832559,55.49571599397604,11277700,134.7284393310547,137.66274985684993,131.79412880525945,134.52479508169168,5090500,46.05759811401367,46.593369886857026,45.456030059286284,46.10459494598391,18539700,130.47067260742188,133.30104383328782,126.25343272521312,131.68774029631123,4695200,94.87490844726562,96.37600829278264,94.16142703842587,95.96830059091882,19240700
2024-02-02,27.547555923461914,28.021257702525812,27.474678860338717,28.021257702525812,4652300,103.21453857421875,104.44605952515309,102.33755101937227,104.17550430540327,4610200,22.79246711730957,22.978149844576333,22.643921643816853,22.848172997970632,5345500,138.1348114013672,139.16918866755714,135.69404047056506,136.88266539938328,12839100,38.614925384521484,39.10111858663764,38.53077649248813,39.016969694604285,6951300,103.14086151123047,105.14133974922865,102.7035468384119,104.82498868307245,2927300,139.01443481445312,141.49451512402018,138.98667377520943,141.18914369233934,1282800,32.90691375732422,33.55994007319575,32.887984987405574,33.51261995354599,7243700,158.67274475097656,160.67605929204856,156.72665113241828,160.1036899473111,2301100,54.661991119384766,55.15072750218802,54.36491376942249,54.87281678664218,8412400,134.65440368652344,136.72786626578696,133.2659276857338,135.06169223997773,3702200,46.05759811401367,46.2267895776093,45.578224690911675,45.963604450073184,19020900,130.05557250976562,131.4518850461072,127.95165272239774,130.81032670496853,3639600,94.4857406616211,96.3667442500089,94.15216290443267,96.13509342248484,21973400
2024-02-05,27.155841827392578,27.51111904052471,26.846113865957534,27.34714520946777,5604000,102.59878540039062,103.42912872467376,101.96436506203933,102.86001604829976,4520400,22.458240509033203,22.681058717503102,22.365399146136983,22.681058717503102,4441800,138.21644592285156,139.2871108732949,136.81912100188165,137.572222175773,8277800,38.044586181640625,38.465330673782645,37.8388916484628,38.39988192685935,7451100,102.0243148803711,102.9175501518361,101.3636931826877,102.50814799036354,2957200,138.45919799804688,139.32908162590942,136.8952600867498,138.6442904367525,1613000,32.67977523803711,32.93530824081191,32.25389051037316,32.67031265732429,7251300,163.24217224121094,163.67146731079373,156.8029208733414,157.89043829988424,3430100,54.60448455810547,54.949476624212444,53.73242290462897,54.4511551571314,10196900,136.29281616210938,137.2462352672209,133.0160047261866,133.62693758702767,2899800,45.6346321105957,46.132808707396165,45.34324952019579,45.76622471085753,18305800,132.4708251953125,133.03689086184312,128.1026138749818,129.357413643345,3462400,94.09657287597656,94.8656482825361,93.1236365321995,94.00390688558063,17190900
2024-02-06,27.802627563476562,28.030368611530875,27.164951933913972,27.338035616942612,4672000,104.04488372802734,104.91254671701346,102.81336275507942,103.44778308162843,4777100,22.57893180847168,22.829602943364808,22.37468223789299,22.495374763507304,4477600,138.23460388183594,139.31433739167105,137.7446277459022,138.3707006723482,6198200,38.40922927856445,38.801921714021034,38.09133387366155,38.26897994207923,6864000,104.09921264648438,105.12271793870322,102.05221625965095,102.34996131771403,3506400,140.6523895263672,141.39270264306117,138.81082746525712,139.1809840236041,1927200,32.9542350769043,33.2097680646699,32.69870208913869,32.963701267355155,5298100,158.96844482421875,165.35046167416985,158.77765507417016,163.50930492320492,2783000,55.16989517211914,55.97487555441024,54.76740680880449,54.9973991147952,9081100,135.0616912841797,138.4032907340714,135.00615450443044,136.99629777508852,3323300,45.38412094116211,45.95130647319103,45.20451417268306,45.81896426420071,12807900,130.0366973876953,134.95210095176773,129.65930589973496,132.93310327822297,7278200,94.74519348144531,95.4772109835691,94.11510291439082,94.5784045940067,13347900
2024-02-07,27.829954147338867,28.11235428546506,27.483788534105962,27.85728369740708,3937300,104.79126739501953,105.39769976584054,103.97958033395128,104.2314864058007,6100700,22.616069793701172,22.690342528212437,22.421102758858055,22.64392096239185,4960900,138.0349884033203,139.53210850492167,137.16392739390378,138.84252834604047,6252000,38.624271392822266,38.773869004146746,38.044577528087544,38.493370362061,6761800,104.69470977783203,105.35533854664045,103.39207949827274,104.13643864390625,2986400,140.1526641845703,141.401967293753,139.46787313202466,140.64312798404077,1754700,32.87852096557617,33.257085516464485,32.490490224996854,33.067801435873555,7588000,161.78262329101562,162.09743290875093,159.41679851823605,159.63620598890347,1952400,55.217803955078125,55.60112929779158,54.690734350593175,55.20822246655792,8045000,135.63558959960938,136.5427232883912,134.93210018525116,135.41342835724504,2607800,44.85475158691406,45.714979541466185,44.52389246220651,45.58263733400504,11848000,133.197265625,133.21613879776416,129.25362188204278,130.48011898348372,3014900,94.71739196777344,95.18996163774874,93.75372367207305,94.74518893610923,13826800
2024-02-08,27.757078170776367,28.06680613356374,27.602214189382682,27.866394637800386,6213800,106.26536560058594,107.56219432180436,105.04316912670257,105.52831788338958,7715500,22.746044158935547,22.931726860390306,22.523225979670723,22.569645769633674,5154500,139.78616333007812,140.00393204096486,137.59944925195035,137.87165667929756,9237000,39.65275573730469,39.727556328598304,38.624272573836976,38.64297272166038,11090600,105.1971664428711,106.03457677686349,104.02479907408507,105.0482974383854,3159600,142.03125,142.87337249955635,140.0231215076058,140.1989508339493,1674700,33.15298080444336,33.351731084993546,32.82173635401595,32.878522664215104,5445500,161.86846923828125,163.4997527195916,160.88588830405965,161.7826160435605,1789400,55.629878997802734,55.869456429882554,55.16030927809672,55.36155344368501,7706500,135.90402221679688,136.93148078071007,134.84876701737033,135.77441757885467,4018700,45.17615509033203,45.30849729619407,44.53334699952672,44.71295376376025,12157800,133.7822265625,134.31998965132243,132.96140905385624,133.49918653869227,2673500,96.33895111083984,96.75591978918683,94.61546832000661,94.82858313092262,19636900
2024-02-09,27.210500717163086,27.957491063905255,27.146731765284613,27.80262708439581,5287700,103.70901489257812,106.63854199527233,103.57839246054647,106.34931627020326,5974000,22.56036376953125,22.77389942932841,22.467524180090884,22.62535396126183,4953100,137.04595947265625,140.9294251537937,136.99152075874608,140.1128029100085,9194500,38.88607406616211,39.81171192269598,38.66167582113632,39.63406227176624,7462200,103.32695770263672,105.83918159098944,102.97338050881294,105.19716582224903,2607400,140.42103576660156,142.71603745469278,139.96758198783178,142.24408573271657,1015100,32.66084671020508,33.266556578876155,32.58513523305499,33.15298394770991,4668400,162.1451416015625,162.83199633501994,160.96222188142477,161.99250398161092,2185900,55.074066162109375,55.91737616607291,54.85365534364196,55.78321337706334,8114600,134.8302764892578,136.79265133904386,134.54332704888057,135.91328605018546,2889100,44.50498962402344,45.23287176670422,44.344285795989904,44.968187351183936,8258300,134.97096252441406,135.17852422594902,133.1783998977163,133.80108500232114,3795000,94.3004150390625,97.1450868965951,94.23555309062712,96.45940243178933,20410500
2024-02-12,27.766189575195312,28.094137257095905,27.347146859456906,27.347146859456906,6317500,103.65303039550781,104.62332065643542,103.12123744767257,103.81163368637081,5802000,22.848173141479492,22.90387725168871,22.643921786042814,22.67177472654829,6410400,137.9896240234375,138.47051783858421,137.36355105974386,137.57223743262654,6713000,39.493812561035156,39.82105625384575,39.04501611562529,39.07306812264387,7972800,105.00176239013672,105.26228844853982,103.45721200154576,103.91313260375118,3786900,153.5988311767578,155.57919877182962,146.78784479098906,148.06490915099886,7276300,32.67977523803711,33.26655633046549,32.59459757044551,32.91637946909221,8691200,161.11485290527344,163.79548731200646,160.9240631663073,162.707969787943,2772200,55.61071014404297,56.06111686818016,55.10280717812579,55.131555299015794,8878200,133.71023559570312,135.41342942770257,133.51585686586733,135.3949265839237,3753800,45.50701141357422,45.96075767290126,44.87365838682233,44.94928096034947,13460800,134.47093200683594,136.04650355072908,134.2161945727897,135.62195075799343,2825000,95.59766387939453,95.81078575588487,94.51353967972959,94.66179960588327,18173100
2024-02-13,26.99186897277832,27.747969203039354,26.846114837127494,27.665984022071324,6006500,102.41219329833984,104.42741347993798,101.54453023981871,103.65304607026823,6321100,22.35611343383789,22.811034135680913,22.244703451173542,22.773898655327198,7629000,136.64675903320312,138.8879120739616,135.73941007241172,138.47959396556834,6987100,39.17592239379883,39.521866281947695,38.71777759596177,39.344220191641895,6512500,103.3083267211914,105.50419915924346,102.23830299182504,105.14132259606386,3933600,153.24716186523438,157.0043060687518,151.36858976347565,154.82959741865287,3354200,32.23495864868164,32.77441595495257,31.979425670401664,32.651380755715465,7038000,162.05929565429688,163.03232777332002,159.1592389706811,160.74282159684464,2366900,55.208221435546875,55.735291030188826,54.65240006455845,55.553213506414,10324700,134.36744689941406,135.543013013029,132.84011490739496,133.8583362354077,3226300,44.97764587402344,45.65826350982207,44.429366850073585,45.431392166574184,11578800,133.5652313232422,134.80115784647634,131.93304014131,134.01808670973728,2730300,94.77467346191406,96.41129951827733,94.08261644162928,96.10268402748544,18917400
2024-02-14,27.1467342376709,27.647765622904036,27.019199797351327,27.101186719707176,6141500,102.73872375488281,103.59705498787221,102.17893570745426,102.81335599227268,7248400,22.198284149169922,22.43967097461538,22.031170056876785,22.411818035632646,7822200,137.01876831054688,138.09851584209616,136.1749403812133,137.26375641859894,5995100,39.11981964111328,39.736910341394434,38.94217356124215,39.316165871500694,6715300,103.28973388671875,104.7505468545594,102.53606107612374,104.05270612918069,2568000,157.18939208984375,157.57806073824912,153.7191211713295,155.19977574478966,3724500,32.36745834350586,32.75548912379566,32.21603178559506,32.509418710756904,6578700,162.05929565429688,163.7764180084908,159.43589648876974,163.2994363420313,2509900,54.91114807128906,55.898209601929416,54.68115577792585,55.39030294740094,12516600,134.4137420654297,135.63559362391555,132.4235846198434,135.33939274961628,3086700,45.138343811035156,45.39357676374036,44.656239526628525,45.39357676374036,9389200,133.06517028808594,134.96152809066322,130.4046290071729,134.43319446869532,4085300,94.30706787109375,95.97175640036501,93.91427932227488,95.27034521956409,17651300
2024-02-15,28.467632293701172,28.66804379953933,27.29248759860452,27.319817151115974,6701900,104.29850006103516,104.95623548219699,102.26890418640137,102.45683371300363,9421900,22.894594192504883,23.00600418982883,22.263275006206804,22.263275006206804,8511000,141.6783905029297,142.25624827895925,137.2847567359898,137.5049016958844,8950300,40.38204574584961,40.50359492960884,39.13851616848997,39.13851616848997,8847500,106.30439758300781,106.88128177097467,103.01989523113116,103.23389573233646,3082400,165.2034149169922,166.13806950798158,157.56881856674195,157.85569204909666,3728700,33.44636917114258,33.69243594557184,32.367454618894996,32.40531215658981,9206700,163.42344665527344,164.55866528392517,161.0480874115705,161.32473035712013,2095000,57.604000091552734,57.6327482144577,54.987814893014594,55.054896283567246,21966000,135.4874725341797,136.42238867098635,133.55286618811962,133.75651044815828,2810900,45.922950744628906,46.19708664573115,45.128893845106205,45.23287443873537,9901900,133.9614715576172,135.3200376154007,132.14059196729022,132.31042172202072,2729900,97.00984191894531,97.206236186067,94.08261479987985,94.08261479987985,23196300
2024-02-16,28.75914192199707,29.068869914911144,28.185235192495387,28.52229100167887,8155900,103.89447021484375,105.05021361254475,103.73473547894058,104.74953351075915,6967800,22.913162231445312,23.098843194475723,22.67177538578417,22.95958202950247,9213000,141.83432006835938,142.87998412580845,141.33899741181452,142.51307586241984,7570200,40.634490966796875,40.886937616432185,40.166997963773376,40.38204431716156,6176300,105.6623764038086,107.2348462693093,105.55072644333424,106.80683819028589,4150900,166.0362548828125,167.99811004511284,164.78696591685554,166.0455038545067,2540900,33.41798400878906,33.787086043901624,33.03941578235383,33.541015613630464,7266700,162.18331909179688,164.25341800853155,162.0879314816532,163.56657772398566,1964300,57.99690628051758,58.34189837406622,57.575251308214554,57.86274350095123,13472000,134.0796356201172,135.59001986812729,133.52024089650928,135.4967945273729,2690100,45.913490295410156,46.215987783060164,45.620444276600374,46.03638102666,6365400,131.64999389648438,134.21619829187748,131.20658231561563,134.21619829187748,3002100,97.00984191894531,97.8515295965745,96.81344051670038,97.27170094177424,20151400
2024-02-20,28.22167205810547,28.822908324318778,28.185234391606148,28.695373885281533,6566300,102.9266586303711,104.89047402028226,102.75752562133928,103.87568313487066,6458300,22.86673927307129,23.006002200383914,22.653205381701063,22.84817241745773,6409300,141.25645446777344,142.7332270515995,141.10052369757065,142.6048126528372,6977900,40.58774948120117,40.98044552712638,40.325954495043824,40.559701037452655,6377800,105.26229095458984,106.34162133515925,104.93663337383282,105.94152570771408,3674600,164.77772521972656,166.70257063629057,164.03739788711434,166.17509676668158,2792200,33.24762725830078,33.673515592410205,33.08673450528432,33.27601861047673,7906400,157.49090576171875,161.82385113884172,156.84863524739646,161.6800646906013,2896200,57.07693099975586,58.00648898726401,56.68402414177944,58.00648898726401,16896800,131.59033203125,133.9304979089564,130.98431734351763,133.9304979089564,3483200,45.86622619628906,46.21598824373555,45.62044473133945,45.85677112130009,10236400,127.3949966430664,131.33865436065963,127.04592216229793,131.14995144520626,4060500,96.09332275390625,97.37456962593588,95.99980269893187,97.11270348283568,17650000
2024-02-21,28.640716552734375,29.141746196032482,28.312768866196603,28.349208270268097,8274000,106.05561065673828,106.80730730754661,103.0769901858664,103.35888091040636,6925500,24.287206649780273,24.315059588635197,23.238104077467696,23.29380818437591,13407400,142.57730102539062,142.69654796968035,141.34818973975248,141.7792982348244,6628900,41.24223709106445,41.72843028693393,40.81214434472607,40.87759308583457,7520000,108.26766204833984,108.94688970656745,105.96943880994738,106.35092847731585,3111600,166.34164428710938,170.23760778777384,164.9812970261591,168.6366460514702,3442900,33.24762725830078,33.664049401488874,32.90691659101324,33.38012504884726,6190800,159.17803955078125,159.48478877517618,157.11700831884576,157.8072123578663,2544000,57.94899368286133,58.006489930153386,56.85652111637186,57.08651341686348,10308100,133.83726501464844,134.21952741531814,131.8886799376209,131.8886799376209,2403100,46.51848602294922,46.584657124064286,45.93239758190665,46.11200434121119,9693000,129.3951416015625,129.4140147753351,127.50822731268218,127.63088134818373,3130200,98.05728149414062,98.17886399843321,96.31778119769062,96.3458365032586,20991300
2024-02-22,27.52933692932129,28.42208314738376,27.274268070611686,28.412973297068948,13861400,105.4448471069336,106.09319144079615,104.58978387422913,105.29450348276546,5104900,24.445037841796875,24.48217509575076,23.869422801123797,23.962264165206776,10142600,142.56809997558594,143.66881070302466,141.10050899919813,142.0085911504996,8874900,41.1113395690918,41.39183468309824,40.50359718317043,40.84954103822208,10886600,108.30488586425781,108.9282885641345,107.24416849172627,107.63495760817406,4753400,163.5469207763672,166.90614748003566,163.23228627468941,166.23985434673665,2346100,33.40851974487305,33.68298154435816,32.982631368136566,33.058346461909444,6449600,160.8076934814453,161.0281708731362,156.88696097805484,158.2865309237701,2561300,58.00648880004883,58.33231426578219,57.326089745496155,57.68066333431546,9369300,136.69952392578125,136.74614371569916,133.03543890530557,133.77198037110364,2633700,46.565757751464844,46.88716183754554,46.15927961318099,46.48068009320657,8047900,131.87643432617188,132.00851774637442,126.79120105435446,128.38564588137925,3467800,97.97311401367188,98.5810051200617,96.74797765414435,97.41198650589794,20470700
2024-02-23,27.356258392333984,27.76619128238788,26.946323764753586,27.110297615785743,7868200,104.77772521972656,105.48244490773078,103.4528487652645,104.38307674617187,5206200,24.12009048461914,24.50073842890347,23.813715266760983,24.426465702477294,12210500,141.86183166503906,142.10031153112763,140.56850632283715,142.05444625023247,6561600,41.027191162109375,41.25158582928556,40.32595158547817,40.68124373628862,7029700,104.08061218261719,105.02967238693782,101.47533746287809,102.21970369674712,6200500,163.2045135498047,164.52783662886438,161.381463596274,162.27910805544664,2092400,33.32333755493164,33.4085152187392,32.65138243505751,33.0299506320453,6489900,162.52359008789062,163.41510969578337,159.32181931278944,160.1174715642017,1929200,57.517757415771484,57.719001606143195,56.971521095812875,57.49859078016533,7789900,137.15635681152344,137.66914597950208,135.45017515790025,136.08417291822676,2189700,46.149818420410156,46.38614481691207,45.771694743585236,46.206538053750286,7420700,133.57467651367188,133.90487790696528,130.6310945592101,131.14998451953045,2520800,97.11271667480469,97.34652041156235,96.21491118187011,97.15012612890077,15975900
2024-02-26,26.982757568359375,27.62043139966859,26.964537869243816,27.301593615250912,5751700,105.63277435302734,105.72673553808809,103.93205324645754,104.48642925646115,5751200,24.064390182495117,24.46360681412645,23.980833130721035,24.240788599662817,6649100,141.66920471191406,142.6781849187284,141.1005144114108,141.75175382080283,6900800,40.980445861816406,41.46663553531103,40.65319855975789,40.886945104075735,8164000,104.25740814208984,105.31812548623316,103.401384782891,103.77356792617707,4035300,163.89859008789062,164.66667844773156,161.62208604735022,162.67704789038865,1374200,33.03941345214844,33.417981651884,32.802809229887195,33.124591116574244,5076500,165.3035888671875,168.0356331040345,162.03470789168145,162.60988279802055,2736000,57.94899368286133,58.2269007413169,57.08651341686348,57.211094712099104,8510000,138.2751922607422,139.92543624365493,136.86736551822665,137.06314873784788,2584700,45.90403747558594,46.33887715052841,45.762240204774336,46.03637967178109,5793800,136.8861846923828,138.7447962972338,133.20670782776105,133.9143006398816,3350600,97.49615478515625,98.14145535906013,96.37389974239812,97.00049202235269,13360800
2024-02-27,27.511119842529297,27.757078858758618,27.055637737437927,27.19228202146007,6607000,104.87167358398438,106.48783168447007,104.35487634181331,106.20594097623523,5060000,24.12009048461914,24.333624351744206,23.980829343920245,24.185078898891856,4891100,139.5687255859375,141.1463962786438,137.49573218945665,140.5226591694685,15093800,41.43857955932617,41.72842650560493,41.092635735288574,41.26093350194223,7475100,106.0159683227539,106.22996884270027,104.31323520010504,105.14133898348666,4337100,164.6759033203125,164.96277676152624,163.0009216508513,164.1946885140946,1499100,33.086734771728516,33.54101446167216,32.935308208413964,33.43691163275733,5954600,164.0478057861328,166.95240835199317,163.83690929517942,165.76372036910195,2046200,58.073570251464844,58.447314130279274,57.66149676038314,58.38981422838591,7051800,135.50613403320312,139.07699377273244,135.15185492062878,138.5828552875637,2106200,45.809505462646484,46.329422786843246,45.52591452272593,46.25380021902317,8009200,134.89549255371094,138.64101840423683,134.8294580424288,138.08438216851962,3047800,97.2904052734375,98.3378485340445,97.12206630539572,97.89829638776189,16360000
2024-02-28,27.28337860107422,27.775298367653164,27.073855513662902,27.492899950959206,4815100,105.27571868896484,106.47843905946067,104.43945195733012,105.14417159649054,4578900,23.711593627929688,24.231502762318584,23.609467955338392,24.082957295350326,10329800,139.73382568359375,141.12804924373668,139.2201680551518,139.75217459778688,6715900,41.16743850708008,41.999575599073786,40.88694337907049,41.232887251392675,11356000,106.22994995117188,107.27206116797792,105.01105727080548,106.06246791809237,3162400,166.35089111328125,166.40642730573185,163.5469135186501,163.91708419881596,1458000,33.077274322509766,33.4369137874171,32.76495498475739,33.02995419535482,5557900,160.24212646484375,164.4696231689153,159.48481223661744,163.67397076723935,2605000,57.747745513916016,58.73480706939887,57.71899739043747,57.977741468729384,7838200,131.6835479736328,135.27304411057636,131.33857291557104,134.95605230704908,2594700,45.525917053222656,46.07419602612493,45.32740374484961,45.60154323130075,6991600,131.3386688232422,134.23507462545012,130.57445648193047,134.2162014526243,3895200,97.5616226196289,98.59971177771439,97.26235412311658,97.7019062881774,14810500
2024-02-29,27.13762664794922,27.60221690023199,26.991870765093555,27.410915236059846,6496200,105.74552154541016,106.3280923048161,105.09717724613405,105.71733390957696,6624000,23.934410095214844,24.13865965480542,23.70230759853402,23.758011701912995,6768900,139.4311065673828,140.55933365185953,138.94496539938612,140.25663960452076,9334400,41.19548797607422,41.55078011852092,40.98978989709751,41.31703359847969,7975100,106.49979400634766,107.36511675420094,105.91361037669323,106.77893312454651,4341300,168.90499877929688,169.33994045007736,166.57297320072823,167.17448106683784,2029400,33.19084167480469,33.44637468089939,32.812273456080504,33.238161799571685,9270300,162.22645568847656,162.96459353129396,159.60944013506145,160.4434307271007,4548200,58.08314895629883,58.34189300263823,57.556079375530956,57.920234413494946,7574400,132.8675994873047,133.73468198350517,131.41315321121235,131.6835394344939,3370200,45.68661880493164,46.206536134428674,45.49755697437241,45.913490116759135,12542800,133.46145629882812,133.82940401569354,130.43295247846365,131.3764096392482,4222500,97.74866485595703,98.26303593998628,97.46810464795156,97.89830267499242,17566100
2024-03-01,27.702421188354492,27.93927208890345,27.27426863978118,27.520227653308737,6267000,107.34288787841797,108.55500645534264,106.76971536137349,106.9294572529274,5094300,24.101526260375977,24.32434625113482,24.008686663495226,24.045822148087165,5831000,140.16493225097656,141.5775047057476,139.6512746296491,140.38507722988282,7459100,41.50403594970703,41.878031848294206,41.21419251665673,41.560136404501876,12033200,108.02574157714844,108.61193232269109,107.27207587436831,107.65355844163624,2998400,171.35736083984375,171.9218588456447,169.48803749136965,169.66386682244087,1774300,33.73029708862305,34.30761196414955,33.550479180792614,33.57887053195166,5703500,166.041748046875,167.1153924083638,163.3001079432384,163.3001079432384,2762900,58.80188751220703,59.03187980764656,58.284399363975645,58.437728779489206,7662000,134.44326782226562,135.01199512576673,133.52957967489695,133.53889794249565,2063600,46.65082931518555,47.00059497902847,46.140367038378606,46.31997380187969,8507700,135.17852783203125,135.9899014880364,134.31997844332565,134.39545673644386,2003800,98.98313903808594,99.49751007386823,98.55294105139677,98.87091781945944,18460100
2024-03-04,27.356258392333984,27.94838483631839,27.319818986537282,27.939274984869215,6582400,104.89986419677734,107.48383614337595,104.84348892104256,107.15496842029187,5877200,24.602869033813477,24.927812941250625,24.398619437813874,24.398619437813874,9784600,136.5601348876953,139.96312331408913,135.45025663244684,139.8805742031362,12503200,41.48533248901367,41.812579765846735,41.363786863353816,41.63493012317798,7332700,107.77452087402344,109.93317451802713,107.69077629750977,109.4493343174661,5192400,168.345947265625,172.30780969873328,167.7060344056068,172.30780969873328,1320000,33.294944763183594,33.8627934238022,33.266553413240786,33.66404675361506,5974300,166.55938720703125,168.68751407275312,164.249121117088,165.56243385774948,3154600,58.150230407714844,59.07020680310914,58.01606764034416,58.983958787562095,6359300,134.49920654296875,136.11216310634035,133.37108442437219,133.6134874203969,3479200,46.717002868652344,47.227468778293314,46.32942770156675,46.83989361120772,7684100,136.5182342529297,139.09386800622536,134.89548695150947,135.39551804364348,4296400,97.59902954101562,98.99249777282462,97.29040690524208,98.81481179005613,18138000
2024-03-05,27.747966766357422,27.96659968816081,27.246937186246317,27.35625364714801,5866600,104.50523376464844,105.98984497567768,104.1575694677529,104.49583549479195,6247000,24.779266357421875,24.9928002579509,24.556448143287014,24.59358362690861,7470400,137.2113800048828,138.15614608129505,136.02813404378585,136.51427526772147,6985500,42.149169921875,42.457713442291386,41.447930433024105,41.70037351032456,9578300,108.1187973022461,109.68196096174186,107.37443804936464,107.66287663871088,4264900,169.447021484375,171.3856000431979,168.34598456580324,168.468326787672,1141500,33.45661926269531,33.684860225809125,33.161804088529884,33.27592819791149,4846700,167.92062377929688,170.6239256797073,165.7829159668416,166.0800843401547,2777800,58.054405212402344,58.59105632171103,57.50816530295935,57.910657290602366,6543000,136.21470642089844,137.17501426124446,134.08897506301003,134.49919219104146,2886800,46.943878173828125,47.303095328526844,46.5184899124816,46.5184899124816,6684300,136.1502685546875,139.24480616272118,134.98982055067748,136.4144353459091,2678100,98.79610443115234,99.38528726719579,97.5616210114968,97.75801529017795,19952700
2024-03-06,27.902833938598633,28.212561919554954,27.70242243107894,28.157904551599838,4716100,105.2287368774414,106.08380016652282,104.74953267356186,105.5200258762781,4888700,24.398618698120117,25.00208492460704,24.32434595902637,24.89995924430247,8669100,136.05564880371094,139.79802923512716,135.88136912245494,138.34877303893268,14692100,42.495121002197266,42.6540669348313,41.98087933580191,42.60731834092065,8359200,108.38861846923828,109.21672222107519,107.53260222445454,109.00272170928069,3762700,170.50096130371094,171.11265790549112,168.73178120052702,170.32217226197838,1736600,33.618289947509766,34.11281687584145,33.390048982325744,33.98918786462708,7840600,167.93020629882812,170.01999507318334,166.31973975915537,168.7162777960308,2483800,58.54314041137695,59.09895814300441,58.217314963298286,58.74438457339751,7919100,136.83937072753906,138.116670341074,135.31033565265795,137.16568077426956,3210200,47.293636322021484,47.75683763611343,46.88715464007995,47.73793109206329,7861000,136.27294921875,137.5088757471461,134.15960007959103,137.28244085494626,2885900,99.85289764404297,100.60107246237834,99.27306893820072,99.71262110883846,20472800
2024-03-07,27.829954147338867,28.16701164807526,27.711529572095728,27.81173618481962,4730900,105.9334487915039,106.58179312073696,104.94684564786503,104.98443155363869,5097300,24.287206649780273,24.75141167255253,24.268638023876992,24.454320741306546,7173300,137.00958251953125,138.2753915779082,136.16571447931983,136.21157976331256,8739300,42.90651321411133,43.27115723651288,42.457720296794875,42.49512059824351,7767900,109.6540298461914,110.51935256609883,108.62122508053407,108.66775063166556,3482100,172.03489685058594,172.79715191487605,170.80211255061917,170.84916834606938,1551100,34.41713333129883,34.58831583303944,33.646815701290045,33.684853435591535,6568000,171.56336975097656,172.77121968105462,168.38076015017268,169.19558895071677,2726800,58.71625900268555,59.04326207016772,58.34116800416534,58.38925593520337,7403300,139.11428833007812,140.23309212299733,137.35216844398076,137.67847851096943,2947200,48.00261306762695,48.163316880893895,47.189649744881464,47.255824448735645,8501400,140.6033935546875,141.990276476605,135.7917571648499,137.15033752885162,3613700,100.41403198242188,100.98451367405143,99.69391247358676,99.69391247358676,15195400
2024-03-08,28.06680679321289,28.358315062093144,27.811737926705838,27.8299558903661,5703600,106.17776489257812,106.37508554230197,105.10659155477481,105.43545930431455,5227600,24.472890853881836,24.5935833879817,24.268639498141198,24.27792381165684,5544500,137.47740173339844,137.5782997692108,136.11069452032592,137.00959538730442,7528400,43.15895462036133,43.35530082891923,42.82235908186857,43.04675729642662,6790800,110.46353149414062,110.62170701550308,108.97480608966488,109.3190696245358,3141400,172.48660278320312,173.9923020976058,171.5831946820918,171.9313817252896,1251800,34.4361572265625,34.654889637463995,34.02722161510448,34.41713654372442,5601800,172.11935424804688,173.68188700632845,170.72936519680113,170.72936519680113,2513000,58.47582244873047,58.90862121592849,58.33155863891405,58.59123423035848,5288300,139.23548889160156,140.56874092569345,138.2938317174648,138.80662096134628,2398500,47.643409729003906,48.04043640048562,47.43544131667245,47.91754564719383,7026500,141.0751495361328,142.1789926979627,139.94300381087243,140.2543464046215,2085700,101.35858917236328,101.37729746619466,99.85289259949562,100.2830977361351,16281500
2024-03-11,28.422082901000977,28.458520564418073,27.71153022034176,27.875504049534367,4475600,108.29191589355469,108.39527534556711,105.84888928979858,106.5254212779603,5899300,24.565731048583984,24.575015362326823,24.036537560854665,24.352197144904046,8934000,139.4219512939453,139.49533294784487,137.21137620712398,138.04607677459717,7577100,43.63580322265625,43.71060382891977,42.738217347629295,43.13091339713435,7571700,112.41748809814453,112.71523318981127,110.22161538505118,110.9287626398108,3784200,173.62530517578125,173.72882219226804,170.84918528198085,171.7714186546905,1290800,34.86411666870117,34.96872861984377,33.87506283876612,34.255469274225646,6561200,173.90237426757812,174.11327076639137,169.81866445174512,171.02652887718577,2467300,59.16830062866211,59.20677244559535,57.97569998585262,58.37002693723228,6760600,139.37535095214844,139.38466921990323,136.31728041774053,137.8556339526993,3230900,48.71158981323242,48.758857971670935,47.37870924209113,47.37870924209113,10392700,142.0280303955078,142.6318423844809,139.2731372960673,140.55623957213675,2795400,101.9571304321289,102.05065763497348,100.38596903499895,101.23701806204275,17577300
2024-03-12,28.640716552734375,28.686264070297323,28.148795022927718,28.567839482117805,4969000,108.0758056640625,108.74294659492354,107.45565608092441,108.13218811255084,5653000,24.612150192260742,24.78854859439056,24.510024521953753,24.602865879432688,6200000,139.32107543945312,139.94481259879473,138.3120950329248,139.26604268930097,6432900,43.55165481567383,43.93499897898527,43.47685421469161,43.66385215045818,6939400,112.43608093261719,113.41306067181566,112.10112395505423,112.41747497228674,4069300,173.64413452148438,174.9145549984877,172.8912847798818,174.56636791625496,1099200,34.949710845947266,35.20648466709322,34.72146624009811,35.025793590505295,6193800,173.70106506347656,175.37864160310482,171.25659346598547,173.8448661146858,2744100,58.80282211303711,59.12982519924283,58.52390696062284,59.08173726545138,7124900,140.19578552246094,141.17474414068425,138.3870459133622,139.38465529159438,2367700,48.74940872192383,49.00464166255828,48.276755929501796,49.00464166255828,6986100,142.207275390625,143.73568558237343,139.8203302347599,141.79215199029855,2976300,101.30247497558594,102.20028039937992,101.0312618056185,101.99453198525819,14957200
2024-03-13,29.66099739074707,29.970725376417107,29.005102015198087,29.014211866250317,7910400,110.45306396484375,111.44906545444289,109.15637520571227,109.74834430663023,7685400,24.967761993408203,25.211076227242526,24.799313540373593,24.855462429738125,6483900,141.15553283691406,142.06361493096367,140.47676313060367,140.55932622723904,8065600,44.327693939208984,44.692337972882356,43.96304990553561,43.96304990553561,8846300,114.04579162597656,114.9669394628268,113.45030139823464,113.92483511368017,2941800,176.5049591064453,177.48366814931808,175.02750448438744,175.7427038930902,1436900,34.74048614501953,35.843660521529074,33.894085583881804,35.35864573326555,13037200,181.07281494140625,181.96433463633255,175.6470496865572,175.69498336947692,3510300,59.687652587890625,60.06274358956185,59.187530029371,59.283705892255,8672400,144.0183868408203,144.91342419207783,141.7155086865548,141.78077923631432,4028600,49.69471740722656,49.845966165995854,49.13698693312951,49.401671359462064,8861000,149.6605987548828,151.4059856866765,145.29238793933345,145.29238793933345,4772100,102.43408203125,103.20095792772906,102.04129350417799,102.06934880823698,17122200
2024-03-14,29.579008102416992,30.0162704927834,29.415034271648018,29.834076961367586,8569100,112.54843139648438,112.74575204928922,111.57121923346554,111.97525880886006,7800800,24.892898559570312,25.19236171100327,24.72445009065398,25.145571262944813,5762000,142.81576538085938,142.8432817502219,140.11904921438054,141.04548030331517,9047200,45.16762161254883,45.17705747544087,44.58250091053407,44.648562751079275,9075200,115.1809310913086,115.32050064691138,114.01786329262279,114.68779148047422,2970100,178.33058166503906,178.51879048884518,176.72136534875906,176.92839936276965,1467800,35.767581939697266,35.815131840773134,34.85461077887098,34.90216067994684,10038100,181.1591033935547,184.3129557145934,179.98959163422398,182.80792277138787,3005100,60.18777847290039,60.41860202412889,59.74535994010974,59.822303569768714,7433700,143.9344940185547,146.23737240100445,143.06741138309792,145.29570094115843,3637300,50.3186149597168,50.78181627477264,49.912133276929396,49.912133276929396,9387200,150.3776397705078,151.99095788712592,148.73601909009062,150.39651294504526,3561400,104.2484130859375,104.32323199542067,102.58373159311859,102.71466111715218,22121000
2024-03-15,29.150854110717773,29.906956057239768,29.0233196799918,29.369487045571304,22213300,112.79273223876953,113.5068501727827,111.93766893808835,111.93766893808835,17549000,24.724449157714844,25.10813652912811,24.696373818974443,24.818031835241737,17454800,142.6781768798828,144.04486981487887,141.6416803618377,142.3479664668138,20387200,44.94112777709961,45.57343868497807,44.79956821272144,44.83731526982846,16340700,114.25048065185547,116.22304625959481,114.2039550988398,114.7157077868013,16696600,178.74465942382812,180.09978600406518,176.77785054306827,177.9447539298396,3367100,35.88169860839844,36.28112571613328,35.56786639244383,35.56786639244383,14419300,185.81796264648438,187.04498890449324,181.39874608953932,181.39874608953932,9044700,60.255104064941406,60.60133940184296,59.83192142727123,59.97618890263594,9782600,148.26983642578125,148.93180322534334,143.78528912844487,143.78528912844487,11726000,49.97830581665039,50.970875970560755,49.91213471346001,49.91213471346001,16719700,154.44393920898438,156.70824510384185,152.4626877465001,152.4721171358402,9134400,104.06135559082031,105.02463290176952,103.66856705730116,103.66856705730116,38264400
2024-03-18,29.460580825805664,29.943390714531173,29.2146200876665,29.36948580059225,5540000,112.99944305419922,113.76053794336003,111.96585572068706,113.60080321801642,4827900,24.846105575561523,25.03327093202037,24.74316623595617,24.883539360829744,6355400,142.54977416992188,143.70550371224473,142.11866570655368,143.1184644849526,7242700,44.799564361572266,45.31862325320683,44.601375228318645,44.988310431184466,6691000,114.97624206542969,115.10650510462192,113.36655293997819,114.74362848132881,2269800,178.85757446289062,180.01507238593217,177.662426158946,179.47867651307408,1170300,35.86267852783203,36.24308495799671,35.75806657814552,35.94826979322785,5540100,185.4728546142578,186.98746830235268,184.20749022595083,186.69988083268544,2073500,60.78407669067383,61.00528412177106,59.9184792047506,60.50516153755699,6797600,146.1534423828125,148.80129569875368,145.7338927186634,148.6241490296687,3470600,50.5076789855957,50.744005387884265,49.81760632363967,50.290259128216796,5667300,156.88748168945312,157.86868517815344,153.87786550141652,156.00064406929988,4444500,105.02462768554688,105.54834570422777,103.90236561464415,104.54766612703514,16770500
2024-03-19,30.189355850219727,30.344221585704084,29.433257300664007,29.50613263643967,7294800,114.65318298339844,114.78473724347803,113.03703198044902,113.09340725706969,4457800,25.379526138305664,25.388882799619775,24.808673411324794,24.846105411404576,7819700,143.65965270996094,143.86144877653808,142.18288003880315,142.44889030661872,7736700,45.7055549621582,45.79992798975005,44.676873120966015,44.78068561137719,8230900,115.9718246459961,116.45566486259045,114.65058122933223,114.92971326308772,3304100,181.26669311523438,181.4925523363857,178.3305950373366,178.7164324886899,1288700,36.58545684814453,36.594965378152324,35.843664533652586,35.853176691485636,5649100,188.4349822998047,188.60752600134197,185.0127192795883,185.53996052424006,2509700,61.61119842529297,61.640050451740294,60.47630924816611,60.65904486378947,6956000,146.36790466308594,147.51467764916805,145.7059377137951,146.2373777722015,2877200,51.500247955322266,51.566419057938546,50.53603582370052,50.6022069263168,7467600,157.92530822753906,158.5008177248807,155.67044597979356,156.69881092546493,3957000,105.76344299316406,106.13753035676315,104.80017284810442,104.94981064759327,14878800
2024-03-20,30.781478881835938,30.945452703746856,29.71564903941499,29.852295049358215,5679200,114.54983520507812,114.97266413392305,113.72295954862888,113.90149082332208,3597000,25.38888168334961,25.519898140221244,25.14556923117593,25.183001229609943,5602900,141.7609405517578,143.48536042925116,141.467413936624,142.87080482444904,8449100,45.875431060791016,46.10192777578492,45.29974621002259,45.37524751508747,6248500,116.95811462402344,117.17212225836909,115.37634499188201,115.6833966459765,3139300,181.53018188476562,181.63369889584067,178.8764043381175,180.40091453811934,1373600,36.34769821166992,36.56643064712311,35.96729176785803,36.319165370297966,5711200,189.56614685058594,190.16048356578904,186.51775767960777,187.42843915115307,1957300,61.35151672363281,61.64004429704525,61.18801336271721,61.50540029744373,6313600,148.0181121826172,148.35375474102338,144.9973433833234,145.6126762184331,2388900,51.424625396728516,51.585325615679494,50.97087554145067,51.15993738014066,6819300,159.9820098876953,161.4821030578481,156.67046661485423,157.16106828416613,3952600,105.66993713378906,106.05337869515591,104.8656516912808,105.41743223212902,16119700
2024-03-21,30.890796661376953,31.082098314184694,30.48086206603699,30.790590040843547,4453300,116.05322265625,116.12838729665083,114.33370515736368,114.70015876613903,4925600,25.64155387878418,25.800643885221284,25.36080764857329,25.40759809196144,7043000,142.0452880859375,142.80660701102693,141.6325285231135,142.1278371992784,7899100,45.79993438720703,45.91318635625687,45.48850047257182,45.894311028081894,6671500,117.31167602539062,117.49776403980621,116.38122175570726,117.14419397289551,2675100,182.9417724609375,183.1958622846354,181.04084456939893,181.83133028822172,1326900,36.5759391784668,36.75663387181225,36.26210694594923,36.404756641520954,5623600,190.9657440185547,191.61759534570336,188.2049275099075,189.89208502779888,1681500,61.486167907714844,61.84202667345955,61.30343229988914,61.418844069627795,5371100,148.3164825439453,148.65212513651784,146.37721581201112,148.24189372044438,2488000,51.46243667602539,51.8027472763357,51.358456086868145,51.50024976629426,6457200,161.3123016357422,162.13311915652045,159.31217705768915,160.7367921906968,3685700,106.13754272460938,106.53033842647721,105.27714668265854,105.60447048827855,14878000
2024-03-22,30.480863571166992,31.00011292588698,30.43531605278071,30.836139079654046,5746400,115.60221099853516,116.5606337433485,115.30153089931076,116.0908206402617,4976100,25.538618087768555,25.744498566143143,25.491825852950754,25.641557434485225,6926700,141.86183166503906,142.43052195900643,141.40320684832508,142.24707483154458,5974700,45.6489372253418,46.083062590886115,45.58287537408305,45.856562243641214,4640200,116.15790557861328,117.62802500259137,115.99043062786392,117.37680547766472,3152700,183.22409057617188,183.61933343058814,181.63369938330254,183.50641100344447,1080300,36.509368896484375,36.97536661264648,36.26210724542319,36.61398085079575,5011600,191.88600158691406,192.31737549866097,190.09339585525336,191.72303875924555,2281300,61.37075424194336,61.82278518815189,61.101455229041065,61.5534898441235,4927700,148.66143798828125,148.98776230091323,147.4027889817641,148.64278722649468,2078500,51.03704833984375,52.06743153578006,50.649473207760614,51.69875934140922,9009500,160.04806518554688,161.52929977333525,159.31216978397467,160.41601288633296,3497500,106.13754272460938,106.32458999576639,105.51095042026195,106.12819571239439,14701900
2024-03-25,31.51024627685547,31.64689227285136,30.626610046199968,30.66304944180581,12154200,118.60901641845703,119.00365769542266,115.71496604981797,116.25055268820815,7054400,26.034603118896484,26.137544249908505,25.678991061218685,25.678991061218685,5599200,143.5220489501953,144.29253527079473,142.4213522070364,142.61396678912703,6058700,46.290679931640625,46.46999374077768,45.828247013562105,45.94149537715881,6091000,118.40031433105469,118.57710292662378,116.46496760723508,116.66966869709336,3245900,185.00267028808594,185.74611447692325,184.1933594771179,184.1933594771179,1332700,36.918304443359375,37.30821941779224,36.60447220921816,36.804183960746634,6020200,191.56008911132812,194.61807413030326,191.2629207211746,192.6816672099599,2042000,62.08246612548828,62.399845720803675,61.62081173760148,61.64004397396246,6921300,145.87374877929688,150.49814170028606,145.84576552438364,149.17422218555276,2306200,51.33955001831055,51.746031727337304,51.23556582213326,51.3206434730006,7975300,158.9630889892578,162.70861475790466,158.90646947166567,161.04812107950445,2767900,107.2223892211914,108.27917948470929,106.45551329210689,106.45551329210689,14011700
2024-03-26,29.95250129699707,31.701550742781134,29.888734086476962,31.44648190070071,11751200,118.38350677490234,119.23857008568196,117.64120119254464,118.86271815972145,5203400,25.69770622253418,26.165617859083813,25.66027421977965,26.100110515557464,5997800,142.42135620117188,143.87977977666117,141.85265190429797,143.56791825664186,6677900,46.04530715942383,46.55493018781598,46.02643183243517,46.403927571906735,5832000,117.03253936767578,118.8469294910201,116.51148723730549,118.63292188101637,2957000,182.80062866210938,186.4425207616778,182.6406504270792,185.00270228699193,1541900,36.433292388916016,37.14655180714035,36.40475954526604,37.00389847236548,4408900,189.2114715576172,192.57620562068445,188.94306047364466,191.7134577975309,1673300,60.89949035644531,62.22673498423261,60.870638328976895,62.15941114089011,6182700,146.0042724609375,147.02983668021238,145.34230560486958,146.02290899532207,2351200,51.112674713134766,51.61368553905405,51.01814559331954,51.4057207542496,5912600,157.79319763183594,161.01981913840038,157.34034226144425,159.3121641161204,3025300,106.41810607910156,107.53101411166209,106.06272697989564,107.23174562414037,13152300
2024-03-27,30.708602905273438,30.735934194805232,29.65188455309869,29.815858390078628,7795100,119.18217468261719,119.3513076724766,117.75394612174316,118.06402446461516,3847800,26.072038650512695,26.100112208163864,25.566693193495368,25.641558988800746,5135600,143.41200256347656,143.49455168107448,142.03612795236342,142.05446286997162,7416900,46.6776123046875,46.687051767805706,45.75274292462236,45.80936890303056,5580400,117.6001205444336,117.98161022178594,116.09278199549486,116.65106026467421,2197300,184.9462432861328,184.9744738950403,182.0477811098435,182.45244376987498,987000,36.92781448364258,36.946831539800975,36.28112573952131,36.35720484762847,3537700,188.83761596679688,189.90167943771115,187.2654876034675,188.52127119141076,1674800,61.745845794677734,61.755465582694264,60.524396875517255,60.67828046391438,5725700,148.20460510253906,148.24189240077587,145.35163597788838,145.35163597788838,2211300,51.897281646728516,51.916184586407255,50.951975996376845,51.09376968029667,6995700,158.32154846191406,160.07637940795553,156.26481870155038,158.59515910828324,3098600,107.52165222167969,107.60581813314494,106.06271934196444,106.12818409592286,12415700
2024-03-28,31.318952560424805,31.637788664749003,30.890798241715533,31.06388020191254,26801600,119.59561920166016,120.87351138165354,119.06003256510255,120.27215119916005,4657800,26.09075355529785,26.24984359218741,25.97845575569425,26.193694692385606,6897400,144.6869659423828,145.09972548883354,143.4303243948572,144.14577800767017,8331600,47.35710906982422,47.46092156226115,46.922987374270065,47.15892354795388,9259400,118.94926452636719,119.53545523041335,118.07464238345138,118.95857105626698,3310500,186.4895782470703,186.82835991237525,184.91801213172684,186.3390054270649,1052600,37.48891067504883,37.660093213751544,37.21311980964979,37.21311980964979,5828600,193.16098022460938,193.68822155763203,187.8406624592143,189.56617290033006,6064100,62.505645751953125,62.640293429172594,61.89973120446551,62.19787858434461,7159600,152.28822326660156,152.70777290085914,148.09269847130233,148.55886789300223,3177300,51.812198638916016,52.64406492888861,51.68930790737628,52.38883199694662,8032400,161.0386962890625,161.5576005783778,156.62330953163138,158.56684326943167,3325900,108.7093734741211,108.90576773876927,107.60581965243857,108.04537177884681,18482100
2024-04-01,32.27545928955078,32.330118388175975,31.25518044058034,31.455590185434666,8326100,120.91109466552734,121.15540665787145,119.09762294958529,120.27215572029125,3036000,26.2124080657959,26.334064296512796,25.941018480821214,26.22176651199583,4857100,145.9160919189453,146.38388425287212,143.95317801366352,145.17312186077666,6285700,48.08379364013672,48.319729817369875,47.48923346548107,48.0554788508005,8016600,120.73575592041016,121.08933313004387,118.57710912935892,119.85182709393304,2800600,187.69412231445312,188.0893651768249,185.92494202946708,187.60002507641053,1148300,37.97392654418945,38.09755917563309,37.175075959473936,37.67911138546217,5012900,195.95054626464844,196.98585248729205,191.20540371467942,192.95965674568646,2201100,63.84251403808594,63.996401300318944,62.101706576129125,62.794184580680586,8035300,152.28822326660156,152.763725181607,150.07858476017972,152.13904563733075,2214100,52.19977569580078,52.45500863715289,51.452983416221045,52.13360459316001,4871500,162.87843322753906,163.28412726661367,157.66111661431805,160.4914879153499,2775400,109.4107894897461,109.64459321546535,107.90509292530425,108.86837026877126,13817000
2024-04-02,32.19347381591797,32.53964117255543,31.701552331494085,32.393887044768995,7179800,122.78095245361328,122.94068718531113,120.86412133568119,121.70038807078045,4969700,26.483797073364258,26.521230859870784,25.959736556861188,26.221767707583314,7997800,146.5581512451172,147.87899301012726,145.86104653408154,146.80581257508638,8815400,48.716102600097656,48.74441739044115,48.00829404321865,48.37635391677966,7093800,123.04326629638672,123.06186515777559,120.75434275878972,121.88949799809173,3598800,188.55990600585938,188.8328210395668,186.47075477708455,188.21171892086844,1543800,37.95490646362305,38.458941897623475,37.58401219122088,38.30678005182195,5715200,202.63209533691406,202.78546265948734,196.036817765105,196.96667572371092,3517300,64.68888092041016,65.57371068710208,63.94831129347877,64.17914219259305,11722100,158.02210998535156,158.21789316863595,152.9688353436912,153.21123831273513,2999400,51.689308166503906,52.22813204573116,50.27134983042071,51.94454109972543,18540100,167.199462890625,167.29381435591347,162.98220864125145,163.37845888264064,3152100,111.55242919921875,111.85169767395021,109.72876304618694,110.28053639782924,19919600
2024-04-03,32.075050354003906,32.7127260229313,31.77443395904201,32.4029980394553,9794900,123.68299102783203,124.03064810495654,122.64000545890171,123.00645907298227,3707300,26.549304962158203,26.652244300370274,26.418288500433864,26.586736961978655,4823300,147.16354370117188,147.63133600827757,146.50312279930523,146.8516821631014,7819700,49.80140686035156,49.85803283680645,48.933159888544424,48.933159888544424,8999300,124.47618103027344,124.58783100834243,123.08979894628814,123.75042777761175,3485800,191.241943359375,191.47720802600554,189.1151559424247,189.16219738821826,1490100,38.839351654052734,38.93445145539325,38.09756304568703,38.221192061864734,5700700,206.0639190673828,209.54368211510118,202.98675800005665,202.98675800005665,3902500,65.12167358398438,65.28517329477481,64.48690697948982,65.00625813873607,8505900,161.0242462158203,161.80740742174265,157.6585024573619,158.68406663853784,3210500,51.859458923339844,52.32265658659115,51.320635091200195,52.21867601345101,13255900,170.17135620117188,172.39791558117406,167.6900737637892,168.99203480066254,4127500,111.57113647460938,111.9919803106628,111.03806428588422,111.73947543605539,16504300
2024-04-04,32.27545928955078,32.64895444252538,31.874636324789773,32.22080019092559,6932700,123.79576110839844,124.43470009015537,123.13802558671952,124.15282367912087,3908400,26.539947509765625,27.045291128381677,26.493155277061533,26.942351786315005,6730900,147.39283752441406,148.54856695876666,146.5948348670838,147.4937355382469,9269700,49.584346771240234,50.13171681822473,49.3672859250136,49.97128194931385,7702300,124.70879364013672,125.16472137636057,123.9923398253868,124.61574252740321,3354300,189.1998291015625,191.94771841345226,188.74812500685283,191.6371673610224,1459700,38.658660888671875,39.19122558494569,38.516007557698586,38.991513823843015,5672000,207.30052185058594,209.7929270393651,206.48569313921033,208.00030679980003,3189700,65.04473114013672,65.53523761920256,64.65040786940627,65.12167477170559,7475700,159.13157653808594,161.99386342846805,158.49759299476008,161.46242349389124,2781100,51.301734924316406,51.9918075739348,51.01814396785133,51.85946536798807,12040800,170.3977813720703,173.39796793373017,169.92605283877694,170.47325966491871,3212800,111.96392822265625,112.11355889539381,110.95389442496503,111.33733595626616,18467400
2024-04-05,32.557861328125,32.6671760567301,31.892854418558194,32.1843661532594,6055800,125.45890045166016,125.75957339502033,123.26956957673022,123.99308580107738,3595500,26.502511978149414,26.577377760604143,26.146899957724703,26.521228869998357,9924800,148.22752380371094,148.75034873722169,146.63150464581963,147.9798625214603,7432800,50.273284912109375,50.56584709023365,49.38616611407218,49.8108483854098,7669300,126.48595428466797,127.0163058297302,124.92278374624215,125.39732450496682,3458800,192.27708435058594,192.94522786077889,188.4940250667286,189.52918082658888,1519800,39.219757080078125,39.409956677739906,38.649147403618436,38.84885915785818,4629900,210.06134033203125,211.95939421379418,208.6234176218732,210.4831333340466,2690000,66.60279846191406,66.92018539975952,64.9773992993852,65.40058188317914,12365300,159.19686889648438,162.30155917422064,159.09431104732087,161.18275532739491,2182800,52.02016067504883,52.265942125214025,51.02759061813075,51.51914991240684,10016100,173.02059936523438,174.34143356493757,170.94499659598088,172.6526516670304,2418900,113.50704193115234,114.23650845619444,111.88911691564002,112.20709371137244,21720600
2024-04-08,31.920185089111328,32.8402573642449,31.819978475224477,32.548749110239065,6294700,124.42530059814453,125.92870826421928,124.1997851469659,125.67500517383807,4481900,26.221765518188477,26.64288487157829,26.20304862649799,26.539945537162666,6770700,147.9248504638672,149.05306358005225,147.062633579779,148.2733958028784,7253200,50.424285888671875,50.78290992736175,49.980724672400214,50.48091187375999,7183100,126.03004455566406,127.17449948248299,125.56481735966854,126.59762230268288,3837600,194.39447021484375,196.20130089515536,191.4113019957946,192.52175854397137,1830400,38.95347213745117,39.524081828913616,38.95347213745117,39.419469870754256,5982100,208.00033569335938,210.64612318101248,207.63607183994813,209.524545078454,2478400,66.10267639160156,66.55470363960059,65.35248711910386,66.36235193142004,7830400,157.14573669433594,159.81222672532058,157.08046613759214,158.5255943905543,2624200,51.08431625366211,52.60625886939875,51.008690073624514,52.407741949827425,8975900,170.6619415283203,173.01115471486133,170.52985812000145,172.68093899605827,2539200,112.74015045166016,113.85305124590812,112.42217369964438,113.23581316924194,17513900
2024-04-09,31.783540725708008,32.18436720207635,31.455593054153063,32.002173665095526,6547500,124.26557159423828,125.15821366445452,123.10042988241955,124.77296346084202,3756000,26.09075355529785,26.549308555993484,25.912948408435255,26.380860071646737,6042000,148.5944366455078,149.08057781854748,147.18187840605862,148.4568548026167,6576200,51.09434127807617,51.16040312397626,50.25440900868883,50.55640704711797,7885300,127.52806854248047,127.67694464310793,125.88116039860441,127.08145443820449,2807400,193.41575622558594,196.20129575945327,192.68173172965462,195.31669845425054,1830200,38.972496032714844,39.324369680007734,38.611110227810556,39.18171996626341,4204100,203.34146118164062,208.9781235055565,201.38589251696186,208.00033185956323,3052300,65.92957305908203,66.53548769215477,65.46791857358677,66.36236817731269,4828900,154.21815490722656,157.94750987954745,152.65181842114447,157.42540245964017,2358100,51.20719909667969,51.6231358399272,50.923608157409205,51.51915165411532,6685700,166.2937469482422,171.80354747530046,166.15223413851163,171.70919600480462,3502100,113.32933807373047,113.7688902036363,112.54375387376354,113.16099911196063,14132300
2024-04-10,31.929296493530273,32.038611231289366,31.31895210973475,31.410047145358515,5797100,124.80115509033203,125.6092198344769,123.8051393041184,124.48167129519753,4402400,26.371498107910156,26.39957166159716,25.987810738031527,25.987810738031527,5729800,149.20901489257812,149.3007454658662,147.6863769511664,148.78708784614187,7525800,51.44352722167969,51.48127787752607,50.528097218059436,50.97165482390199,7984200,128.35617065429688,128.78418588860973,126.69996309986256,126.9511897416898,3397400,194.07449340820312,194.62030906969633,191.75007772883262,191.97593694168225,1182900,39.09612274169922,39.35289654078268,38.563554459027074,38.84885747095605,5466100,202.4786834716797,206.3323202860641,201.85558950489545,203.0634392703119,2663900,66.30464935302734,66.84324001804318,65.55446740168458,65.65064325790206,8136300,153.98509216308594,155.45818929422035,152.50267676468263,154.26479667113767,1802400,51.235565185546875,51.53806269463791,50.384788687444114,50.933067676455835,8179200,165.7654266357422,167.65234102976547,163.81247772385558,165.3314443868849,3472200,114.28325653076172,114.53576854634814,112.90849663804872,113.36674993561971,17409200
2024-04-11,31.337173461914062,32.1023836166252,31.10032079673633,32.093272027551336,4740100,124.89511108398438,125.14881416904835,122.7621556244923,124.53804854482453,4328800,26.053316116333008,26.474437239364423,25.800643442514158,26.362137678242387,6204000,148.49354553222656,150.080383510523,146.57649711952152,150.080383510523,7682500,50.86783981323242,51.839895683916254,50.27327965538781,51.42464931976303,7527400,127.72345733642578,128.14215890436813,125.64853416160963,127.79789537924297,3430200,195.98484802246094,196.0130786301457,191.59952610226284,194.79911942145844,1250200,38.934452056884766,39.257796465392644,38.31629608297186,39.229267250114724,4353500,203.4852294921875,204.99024757908032,200.3984877285284,203.35102396451995,2208700,66.61241912841797,66.84324266001266,65.71796968852227,66.79515106112937,7078400,154.21815490722656,154.7216115688914,152.12039273529606,154.33934926990204,1997100,51.04650115966797,51.396263213474114,50.24299286161356,51.330092111566316,7522300,167.02964782714844,167.29382907399565,164.58609725893137,166.18997153785318,2414400,113.89982604980469,114.74152090547076,112.54376013369723,114.74152090547076,17555900
2024-04-12,30.71771240234375,32.11148644673859,30.64483360195717,31.74709939491064,7068500,123.27896118164062,127.01866964361523,122.51786621284657,126.17301175330155,4955300,25.866153717041016,26.661603826018716,25.744497481522625,26.20305065377067,4570200,145.8060302734375,150.30971602796444,144.96214816453906,148.8604597051113,11071000,50.41484069824219,51.99089623655991,50.263841688592024,51.40577552417806,9808700,125.88115692138672,129.9565513284487,125.31357922632833,128.86792149319365,2656100,194.17800903320312,199.46676761089572,192.91699407914012,197.02000974710228,1526900,37.726661682128906,39.51456608174008,37.62205336129927,39.20073386360209,7875700,200.13009643554688,205.14364976164583,199.05643748087985,205.00944422072584,2086700,66.37197875976562,68.46864488746375,66.09306361688972,67.26642823942005,14699500,151.49574279785156,155.20644738700966,150.92701553803101,155.0945712789668,2002400,49.1558952331543,51.642050174834225,49.03300448537601,51.14103571360969,13006300,163.72752380371094,168.30329607801443,162.63312460891834,167.64287904770555,2452400,112.57183074951172,115.73285484242166,111.9171759763993,114.9846799974715,21556200
2024-04-15,30.207576751708984,30.86347217498388,30.061822599320465,30.553744166776635,8170400,122.38629913330078,124.60381729570585,122.17958024495788,124.15280078366514,4219300,25.44503402709961,26.06267721376473,25.36080979392335,26.006528319960942,4999500,144.5493621826172,147.2093944401199,144.33839869195742,146.70490435713506,7236900,49.71647262573242,50.99996603355003,49.537162423208066,50.64134202840089,7850700,124.01699829101562,126.62117614017757,123.93269376851516,125.49707295892918,2979200,193.24636840820312,197.13293024255617,192.54997994993354,195.6554758668254,1229200,37.18458557128906,38.20216860878658,37.17507704297373,37.97392765097244,5376600,198.4525146484375,202.0760787854192,197.64726679675871,201.83642499526272,2587000,65.72759246826172,66.78554910798704,65.64103638196542,66.59319001996928,9248600,149.93875122070312,153.83592105887377,149.09031939326346,152.71711720553634,1589900,48.843936920166016,50.01611741001039,48.635972147525315,49.817604106376486,9480000,161.0198211669922,165.04838700580672,160.28392578232985,164.23701332579276,2413500,111.92652130126953,113.80630527806375,111.71141873138694,113.24517062102173,15029500
2024-04-16,29.606332778930664,30.03448701113498,29.25105734159185,29.870513197739804,6090500,121.70978546142578,122.90311479820502,120.74197158328815,122.15141094029151,3878600,25.44503402709961,25.49182447444591,24.930330181584576,25.332734454550884,6903300,143.3477783203125,144.75116920563448,142.55894303869653,144.2833769092336,5541900,49.24460220336914,49.73534991395515,48.65004199245333,49.42391241296572,6991400,124.55098724365234,124.61655267993613,122.36834574483004,124.01702987765776,3483700,191.92886352539062,193.10518656043152,189.92441883808112,191.93828329969466,1331900,36.55691909790039,37.17507867240559,36.233574703637245,36.98487544734055,6349600,195.4232940673828,199.08519650288997,193.31434356568323,198.768866360846,1599800,64.26569366455078,65.44867808993362,63.13080084080273,65.25631902114266,12448000,147.19766235351562,150.22776361937267,146.93660861333535,149.92940835838843,1864200,48.59815979003906,48.87229927406719,47.917538617570514,48.68323743659763,10349000,159.434814453125,161.54814906337114,157.1516500854056,160.95378090224557,2126300,111.00066375732422,112.43154147706889,110.28054425626233,111.81429619044442,18082200
2024-04-17,29.387706756591797,29.952507124007575,29.27839201372711,29.606339717374198,5993700,120.58222961425781,122.28295070907184,119.84932233955959,121.32452798925198,3869700,25.473108291625977,25.9971705982074,25.416959396256967,25.54797408043172,5467900,143.4578399658203,144.6594487666088,142.76073526894461,143.0817782455731,6733900,48.76329040527344,49.6881634454474,48.546229540775656,49.112478561296484,6183100,124.02638244628906,125.93737105391692,122.90227906790501,124.35425248295314,2642900,189.29393005371094,192.90760596046437,187.61884690855652,191.6089405083773,1578200,36.176513671875,36.92781436150519,36.01483967246715,36.50936657091394,4702900,194.08123779296875,197.10086979038343,193.08426980413049,196.4969375399777,1816800,63.45780944824219,64.49651909915576,63.00577479552364,64.14066765252504,7053800,146.6103057861328,149.04371111259155,145.70593583013786,147.9062564097188,1946700,48.030975341796875,49.11807453911994,47.97425571174133,48.72104794689441,7821600,157.82151794433594,160.6613189100193,157.12335443961,159.69900293919827,2469700,110.94454193115234,111.61789780631214,109.5323725578226,110.86973016123065,14538600
2024-04-18,29.54256820678711,29.824968349508843,29.260168064065375,29.497020693458445,5679700,120.0936279296875,121.4185043744995,119.56743952715303,120.95808235350252,3588200,25.473108291625977,25.688348996266047,25.39824250282023,25.538617418654557,4407800,144.53103637695312,144.96213084290875,143.4486744946848,144.1366117431719,4979200,48.53678894042969,49.216286258702155,48.348039285342864,49.018097140805864,5168200,123.42684173583984,124.71020588961828,122.70555063010984,124.61652466598557,2035800,187.8352813720703,190.80901530353282,187.02597049188046,190.15969700379887,1063300,36.756629943847656,37.36527728669045,36.566426742253206,36.66152652913827,6806200,186.94911193847656,194.65637053710688,185.72208583946383,194.65637053710688,2713600,63.51551055908203,63.842509963836186,63.13079976579921,63.55398237218512,7017500,142.93687438964844,147.22563901739906,142.3867978533339,146.73150053883003,2347100,48.15386962890625,48.93847506749778,48.02152741180767,48.3901960468837,8422100,153.30233764648438,158.50078068766436,151.88715210463022,158.3498241081571,3115000,110.84166717529297,111.96392934008031,110.32730325966513,111.2905734682326,13821400
2024-04-19,29.70781898498535,30.249463527741877,29.515031139779605,29.524210012482314,4814400,121.56883239746094,122.63060016704945,120.09361250213311,120.40369084326998,3984800,25.969097137451172,26.015887589488063,25.49182702992127,25.49182702992127,7173800,146.7599334716797,147.4478706598282,145.06301614246624,145.6133714914322,7734700,48.9142951965332,49.4899765061506,48.52735636860398,48.631168873648335,5075400,124.7476806640625,125.84368246599963,123.4081276707224,123.45495399286784,2489300,188.90809631347656,191.83478894453395,188.30581942281268,189.36920580762333,1800800,37.165565490722656,37.29870664325212,36.17651174646903,36.34769426481387,6634500,188.2528533935547,190.36180386033385,186.95871705193892,188.1953388232263,1748700,64.08296203613281,65.03512303041742,63.59246286207608,63.640547131704686,9794500,144.24215698242188,146.573004224404,143.09536989638562,143.26319829551687,2760800,47.12348937988281,47.99317252998679,46.338887496104476,46.943882588669744,16841600,154.62319946289062,156.18934186518098,153.0476276711941,153.78352313327957,2437500,112.11356353759766,113.09554207075585,111.24381336498212,111.44021477971272,21572400
2024-04-22,29.80880355834961,29.983230152960058,29.16617391718247,29.58847209490238,4376100,121.5218505859375,122.52724310169066,119.27614468152763,120.84531861713512,4194900,26.146902084350586,26.362141003296497,25.688348906401874,25.941019827149113,5311200,148.5210418701172,149.23649538215167,145.32901743210812,146.71405918056115,6779200,49.19741439819336,49.59378546170218,48.23479432954273,48.659480183373965,6363300,125.4314956665039,126.56497556796084,123.34253590410557,124.48537821032745,2576800,190.6396484375,191.68422403336413,186.3766542282904,188.21171558334512,1416100,36.823204040527344,37.32723948928771,36.28112722224646,36.84222472528759,6650000,190.04544067382812,191.11908488870043,186.25891401209313,188.12821050309594,1437200,64.4388198852539,64.9966502363651,63.361631000806305,63.58284211857418,6274000,146.42384338378906,147.6172361704765,142.73177466934945,143.98110552004346,1625500,46.80207824707031,47.312544131917825,46.036383025853695,46.6697360412331,10880000,156.51951599121094,157.84036447480636,153.1796844291714,154.62317253774913,2130000,112.74951171875,113.69408081298488,110.75750645043175,111.5337365688141,16340700
2024-04-23,29.43240737915039,29.72618033535234,29.11109080064522,29.478308746922593,6781900,122.00106048583984,122.32993538579208,120.0184558296865,120.8641208304029,3773600,26.324705123901367,26.390214245493205,25.8848688742882,25.9316593190556,4722600,149.3740997314453,149.3740997314453,147.31028817603084,147.96152754013562,5597600,49.6126594543457,49.744783138628854,48.716101253723835,49.046414064532094,4173200,126.27458190917969,126.73358272953968,123.91395521251582,125.54391412345593,2055300,192.32412719726562,192.47470000833758,188.68223528087165,189.63269922686268,960400,36.6995735168457,37.441362126088194,36.157496667349285,37.327241638779704,9378300,191.3874969482422,191.52170247580653,186.73822253616592,188.655452716974,1703100,64.81391143798828,64.91970710325053,63.87137757733239,64.08296157010788,5385800,148.0926971435547,148.4749594802482,144.4006433235556,145.64065568132327,1756400,46.83988952636719,47.114029002754634,46.25380109199588,46.55629858109427,11136300,158.06678771972656,158.1422660111988,154.2269250146557,155.38737315451593,1969300,113.18907165527344,113.21712696398741,111.71143022526043,112.22580133543087,13929800
2024-04-24,29.423221588134766,29.551746803794252,29.046824812825065,29.358958980305022,4522200,121.47488403320312,121.86013424807165,120.54464885676532,121.55944695718134,3846600,26.633525848388672,26.68967652224294,26.100106941360067,26.24983850175613,5236500,150.03453063964844,150.28217796574918,148.0899518815124,148.48437650550048,7610300,49.16910171508789,49.46166389362105,48.8482283451195,49.263478353373095,6470200,127.02400970458984,127.10831424133794,124.83199169289016,125.76874688453536,1968200,193.14285278320312,194.46973436242618,190.95959015854658,191.70303441895123,1289500,36.823204040527344,37.32723948928771,36.147982428924685,36.42377691621136,7778100,190.8986358642578,191.20539975823775,186.95872669321176,190.59188659758544,1473300,64.75619506835938,64.93892699727687,64.19836481898517,64.53498399093594,5285800,147.11375427246094,147.66384505606618,145.71524587016617,147.27226441058724,1945000,46.42395782470703,46.991139732898965,45.9607565017084,46.546848560368645,10180400,157.55734252929688,158.1139787873811,155.72703337260037,156.76484198598916,2350800,113.20777130126953,113.40416558238567,111.65531107655565,112.50636009651599,12101200
2024-04-25,29.70781898498535,29.781260472756646,28.945844725840143,29.459947397413732,8115800,122.2547607421875,122.75276146198333,120.55403967976505,121.86951057402622,3666400,26.605453491210938,26.76454350439386,26.334063910217278,26.624170383336242,4417500,151.60302734375,151.896553962107,149.20900509773884,150.15377115688122,9702600,49.650413513183594,49.6881641684544,48.53679438339912,49.11247927592676,6392000,126.7991943359375,127.69848568734534,125.28165536754732,127.12706439901615,3444400,194.8932342529297,195.42022475100592,191.43953668845293,193.51928243201885,1093800,36.823204040527344,37.00389510401274,36.30965643547451,36.77565051471437,6082900,191.2532958984375,192.09688187848144,188.32953150609632,189.94957875987225,1295200,65.2851791381836,65.41982683415083,64.42920135478516,64.66964471726223,5316700,146.6009979248047,147.41212834908427,145.09059898388742,146.89933902427796,2617500,46.735904693603516,46.91551505444033,45.99856752485505,46.584655951140896,7966900,157.67999267578125,158.9725243202065,152.96270708764456,155.6043755001906,3299400,113.46961975097656,113.87176242290235,111.66465480048967,113.18905244121511,16041000
2024-04-26,29.82716178894043,29.918964513230033,29.395681280270505,29.616009219385333,4801300,122.37691497802734,122.8749156906876,121.08022630257983,121.64400772778933,4823100,26.474437713623047,26.586735491815794,26.305989261392924,26.493152820027838,4093300,152.1625518798828,153.16235069188713,149.78687852053034,151.55716371998088,9736400,49.744789123535156,49.91466348093728,49.1785436655953,49.480541723176664,4618400,127.11766052246094,127.76402380970407,125.86241215538625,126.57434086497756,1841100,195.51431274414062,196.54007744303678,192.785248782721,193.0863800419154,1184000,36.65201950073242,36.97536386832123,36.42377492391848,36.737610763559594,5056600,190.17965698242188,190.62062638270424,187.76394273470126,189.364828262744,1954100,65.18899536132812,65.41981890676584,64.37148949551893,65.3428826167854,5426900,141.16543579101562,145.29569027554257,139.43128487376325,142.18168177428845,4206700,46.50904083251953,46.934429115724214,46.31052750237569,46.63193158234645,8250900,156.42518615722656,157.5101560367572,155.01942993072808,155.84967676474196,2065200,110.31794738769531,111.38409178974115,108.69067547959222,111.29057172791882,27289500
2024-04-29,30.038312911987305,30.139298016846013,29.735357597411173,29.753718843935456,4261800,122.35810852050781,122.5648274038214,121.02384121574673,121.91648311866116,3609400,26.568017959594727,26.642883738230978,26.371495960027435,26.42764484776938,4092600,152.56613159179688,153.2815851786039,151.06184276875152,152.18088842937144,6364000,50.09397506713867,50.207223433652516,49.54660136213722,49.54660136213722,4809100,127.63288116455078,127.86706993732977,126.59308244166212,126.61182154573397,2786500,193.726318359375,195.24142323586875,192.2394440913104,194.55445449840192,1663400,36.975364685058594,36.984873213216325,36.433287884454245,36.61397894204751,3936700,192.21192932128906,193.02675809575217,189.49904653822531,189.80581042466557,2013800,65.62179565429688,65.81414737968629,64.77543045198831,64.78505023958218,5426900,141.28663635253906,141.8926651978323,139.90677870819232,140.50347505923656,2822000,46.51848602294922,46.698096388308315,45.95130412594732,46.36723727667841,8941700,158.03851318359375,159.30275679491683,155.40627388330148,155.52892792819463,2081800,111.88911437988281,112.27255592852842,110.1309128687271,110.1309128687271,17309900
2024-04-30,28.86322021484375,29.82716467229026,28.8356783442796,29.799621050701216,6414000,118.03584289550781,122.01046477713382,117.85731162792908,121.9728717010343,6296800,25.6041259765625,26.55866438292704,25.594767529399743,26.55866438292704,7061500,147.9248504638672,152.37350273304688,147.63132386668036,152.2359208881896,8457300,48.30085754394531,49.88634904316818,48.26310688917796,49.78253654260826,7539300,123.7734603881836,127.38933577596889,123.68914156290245,127.10830637711271,3554500,189.27513122558594,193.49106996488084,188.88929373210038,192.5217807023106,2042700,35.634437561035156,36.899282229468284,35.59639619246547,36.794670279813936,7441100,174.1995391845703,188.82800051625028,173.89277532786699,186.44105825074038,5782100,63.61167907714844,65.56407750574363,63.58282705508994,65.56407750574363,7386100,133.520263671875,140.69927054711437,133.34311699995598,140.69927054711437,3763900,44.88310623168945,46.65082656703334,44.83584167629501,46.25379997445474,14143700,150.83047485351562,157.49127936187128,150.69839144158834,156.74595462228422,4144100,110.60786437988281,112.41282944344215,110.33665833461288,111.39344861535415,21083300
2024-05-01,28.000259399414062,28.798956093717113,27.678944597084676,28.541903901648645,7638600,116.83312225341797,118.1392093112593,115.9686678404291,117.52845082666396,5423500,25.18300437927246,25.53861822604825,24.94904855874043,25.49182599097709,5867200,146.42056274414062,148.08994979080342,145.7509604378196,147.47539421895755,7713700,47.564735412597656,48.27254395385595,46.97961109308517,48.09323015267292,8501200,121.7313232421875,123.44558680249092,120.71962601182406,122.7523828778673,3408100,184.45689392089844,191.50542811526742,181.80311609401014,191.0348988078589,2875200,34.55028533935547,35.853171428691425,34.33154927520607,35.56786840860815,7796400,171.56336975097656,176.44271778580034,169.55027190687215,173.6052248819418,3856500,61.98628616333008,63.46741792379127,61.25534007065547,63.169270549287006,8655000,130.7232208251953,134.54580111841386,129.2594421766438,133.36172693677108,2537100,44.58061218261719,45.166700647956915,44.35373725077826,44.807487114456116,11217900,146.85853576660156,153.29290570817602,145.83017098176543,151.2833518727467,3979500,108.51298522949219,110.79491190078234,108.16696027811112,110.61721878404707,27777700
2024-05-02,26.7884464263916,28.294033654953743,26.531394222309697,27.651405771286313,13332100,114.86929321289062,117.64118740041427,114.31491724289725,117.19017087716175,7685900,25.416959762573242,25.557332895489463,25.145571943594046,25.314018632128775,6296900,147.42955017089844,148.39266521920052,146.65906373070501,147.13603752535263,8597100,47.50811004638672,49.31066234405038,47.224987346249584,48.24422978676336,13274100,123.46432495117188,123.95144160507591,122.07793140640487,123.0240489109843,4181400,185.9813995361328,186.47073962679087,183.54404706098143,185.21914443394098,1933200,34.902156829833984,35.225501200436106,34.67391225089298,34.864115462039734,5034200,175.37863159179688,176.20304117216017,171.64003851067596,172.1576842344828,2682700,62.18826675415039,62.88073738485986,61.668908277807176,62.294055069235945,5504600,134.13558959960938,134.86281278511612,131.83271143671723,131.97257080399916,2310300,44.97764587402344,45.374672527734724,44.675144739601286,44.958739327743615,8933600,148.4435272216797,149.3964280455474,146.51888119428446,147.64159737527,2416100,108.7093734741211,109.66329662826729,108.39140384615446,108.7280817670151,25513600
2024-05-03,26.86189079284668,27.34845335106404,26.54975658584308,26.871071416702662,9600800,114.85050964355469,115.27333855154987,113.58200858201165,115.11360382353202,5020700,26.380855560302734,26.830050251783835,25.987809759021516,26.764542915727137,11386100,146.98927307128906,147.36534882947953,144.0448952028005,147.36534882947953,11664500,47.69685745239258,48.41410183208332,47.338233462497065,48.2347916371857,8953800,121.79690551757812,124.06385120785892,120.1388449418618,122.63997941370567,5660800,189.62330627441406,189.66094229994897,184.72038469230296,184.99329972523554,1873700,34.93068313598633,35.08284496668093,34.464689116657205,34.94019529105586,3899000,174.9951934814453,176.92200461121928,172.6657511283219,176.15510958800522,1868600,61.92858123779297,62.42870745516134,61.22648717996631,62.32291180678526,6771500,133.89320373535156,134.8814807945297,132.44807544681044,134.3127534381244,1806100,45.05326843261719,45.346314490738784,44.55225757762202,45.346314490738784,11007400,147.97181701660156,149.905907067233,146.03772696597014,148.93414734741577,2356700,108.48492431640625,108.5503890715371,106.73606995059227,108.48492431640625,28023300
2024-05-06,27.467796325683594,27.734027397575012,26.999595043021248,27.054677031856567,6306600,116.09081268310547,117.6599866193533,115.59280480619377,115.64918724946934,4848600,26.530588150024414,27.007858197531224,26.380856580407503,26.43700547277857,6764100,148.86962890625,150.44729950778853,147.429540161076,147.429540161076,8430300,47.99885559082031,48.56510096574053,47.81010593248014,47.99885559082031,5858800,122.2278060913086,123.78282304691035,122.0029940067631,122.41515425967951,3690900,192.1547393798828,193.61338294169977,190.24439175407676,190.57375361680104,1791600,35.11138153076172,35.643949863658065,35.00677319785482,35.27305555039051,5528500,175.2156982421875,177.12334789925723,174.8610152722938,176.4331437332475,1906300,62.53449249267578,63.26544220562982,62.32290854474595,62.332520993914954,8382900,135.30101013183594,136.5037352219635,134.13558656268393,134.86280973172583,2239100,45.33685302734375,45.894583442577385,45.195059359368436,45.45029228898937,9857700,149.25491333007812,151.16070074113088,148.9152681914352,149.2077375949307,2128400,109.18634796142578,110.67333634177969,108.85902414830926,109.11152905124943,31401300
2024-05-07,27.779930114746094,28.073703052344165,27.476976553969983,27.476976553969983,5697700,116.08140563964844,117.39688357244204,115.63978023939549,116.19416334889749,5902000,26.277915954589844,26.78326135032289,26.268557508193922,26.624171331474464,6287100,149.20901489257812,149.64929085289606,148.61280815456675,148.87880442330956,6869900,48.11210632324219,48.395229024692796,47.9611073091285,48.03660861623558,5103000,122.02172088623047,123.19266482558236,121.94677875886204,122.34022850098361,3263600,191.6748046875,193.35930758702142,191.07252777065892,192.39001839834617,1244800,35.377662658691406,35.7200277094639,35.08284750323188,35.08284750323188,4533700,173.4326629638672,176.6152724991664,172.86708349750134,175.38824619399998,1706600,62.58259201049805,62.948063244358494,62.39024027430799,62.44794432761533,6266300,135.38494873046875,136.61562877895165,134.7229817990533,135.6366700105716,2212400,45.535369873046875,45.79060282254877,45.17615633468547,45.31795001370558,8587000,147.81141662597656,150.1511861159757,147.68876260081925,149.5473741702981,2267900,108.64391326904297,109.96256970349056,108.41946369077739,109.682002379316,30122000
2024-05-08,28.00943946838379,28.220588541071308,27.42189361359251,27.55041883157191,5898000,115.63038635253906,116.4854495503246,115.29212038075337,115.41427636259604,4200200,26.268558502197266,26.633529000743092,26.081394922019932,26.184334266388042,6100000,149.0897674560547,149.58509015638825,148.17251771067296,148.54859346534835,6706400,47.715736389160156,48.197044632993546,47.470360735362306,47.57417323503828,5146700,121.61892700195312,122.8648131093414,120.77583876185031,121.09434638700012,2805300,191.241943359375,192.7005871643674,189.86799138810983,190.43263233178936,1390200,35.22550582885742,35.58688798691274,34.96873200424444,35.04481112200477,4167200,173.44223022460938,175.18691680016948,171.9947266293274,172.72326886975233,1844600,61.2457275390625,62.19788110592978,61.01490031956105,61.495786997054395,9079800,136.99789428710938,137.80902466082964,134.3127534273953,135.00268940561742,2919000,45.24232482910156,45.54482232082369,44.977640425358345,45.04381152629415,6453400,148.1887969970703,149.94361318620614,146.4245226285335,147.27364256096607,2776400,108.62521362304688,109.37338127272452,107.93315658493609,108.21371677789388,18957200
2024-05-09,28.3491153717041,28.376657241848463,27.954359072450785,28.137966287005263,4542200,115.94047546386719,116.72976519431795,115.24515408780692,115.56462355264202,5430500,26.661603927612305,26.670962374217254,26.315350327935143,26.399572777497312,5084700,151.7589569091797,151.81398965065586,149.26403665738462,149.5300469026786,6683300,47.989418029785156,48.31973084499662,47.73461012104261,47.83841901714862,4437900,122.30274963378906,122.77112720701513,121.5346178464479,121.94677810413752,3663100,191.7124481201172,192.6064508668423,190.94077321995806,191.30778547848368,1032900,35.64394760131836,35.720030341685245,35.139912143774346,35.263544782958164,5883900,175.35946655273438,176.21264809880668,173.06837687465776,173.87362473662503,1295900,61.78431701660156,62.092084190444915,61.168782668914865,61.34190216281101,4983500,137.72509765625,139.1329242145755,137.02584351064613,137.02584351064613,2187000,45.828407287597656,45.97020454598564,45.327396558453856,45.41247419227583,6367600,149.88702392578125,150.30214735052746,148.06615864434139,148.07558803271735,1676900,110.7668685913086,110.85103451774684,108.66263480886047,108.67198182171518,17564000
2024-05-10,27.89009666442871,28.578627707093617,27.835014671302517,28.440921848765633,4247700,115.27855682373047,117.23595630102264,114.95704779669762,116.34708646589051,4515900,26.277915954589844,26.717752225551422,26.19369172196767,26.670961778512943,4696700,152.0983428955078,152.6486842849938,151.36454038007432,152.30012494103613,5490900,47.30048370361328,48.319729715152526,47.19667120983424,48.187606032197515,5061400,121.8718490600586,123.2488802551616,121.58144296079446,122.53693720293205,2821100,190.2726287841797,193.46281666516603,189.10571102344855,192.352360119413,1732200,35.2540283203125,35.96728759891794,35.14941637899848,35.80561723712304,4942300,172.12892150878906,177.07537883456652,171.2278209927786,176.09758735684184,1584300,61.139930725097656,62.22673195406085,61.014899164032514,62.01514798367949,6540400,135.74855041503906,139.01173658630094,135.58072201423698,138.34045143581804,1808800,45.84732437133789,46.15927696910077,45.4975622878911,46.10255733149255,9206600,147.30197143554688,151.30222059239333,146.707588816255,150.75501371044447,2036200,110.31794738769531,110.97260209069826,109.96256829872117,110.86037373543746,13648100
2024-05-13,27.7248477935791,28.11042520729993,27.449434354621477,27.86255363754551,3969600,114.97594451904297,115.89318121526789,114.67335163914866,115.24071960153589,6421200,26.17497444152832,26.427647135652798,26.090750210153494,26.305990904189777,4316700,150.91510009765625,153.09815897924275,149.49336018734672,152.70373430915254,6848300,47.092864990234375,47.602484424841414,46.82861400921902,47.41373835281688,6733600,121.21611022949219,122.38705416251953,121.15990720770674,122.21844509716321,3006000,188.9363555908203,191.30781313049314,188.33407860876463,191.21371587795014,1384100,35.51080322265625,35.53933243380189,35.168438177610994,35.453741172540575,4721200,170.49929809570312,172.7903878122546,169.96247593024776,172.61784409934694,1681000,60.505165100097656,61.47655463027426,60.12045426839687,61.33229082004227,6419800,135.26373291015625,136.69952859467432,134.95605935782459,136.0096068952303,1748000,46.083648681640625,46.272710525648044,45.8945868376332,46.07419721216489,6555800,147.11326599121094,148.55676867015504,146.69815693926816,148.00956179748653,1510400,110.27119445800781,111.32798474719945,109.53237381622613,110.74814892912275,15060600
2024-05-14,27.69730567932129,27.926816000909625,27.48615660370597,27.633043069440525,4327300,114.45587921142578,115.52440885590845,113.87906034452888,114.91922303070254,6144700,26.352779388427734,26.371496279548815,26.053316270254395,26.343420942867194,4312500,150.0712127685547,151.52963632356145,149.5300388450418,150.74080108063197,4924000,47.026798248291016,47.30992092694794,46.75311143221258,47.18723311282654,4435500,121.24420928955078,121.9467756351655,120.56038204873548,121.24420928955078,2342300,188.22354125976562,190.00075457797757,187.2826559433374,188.6702228694298,1474600,35.720027923583984,35.92924818978007,35.368150714944925,35.5868831369553,5502800,167.28793334960938,168.32323952127885,162.1401744043955,168.0740048350149,4660900,60.64942932128906,60.87063675352834,60.274334629536334,60.485925942493125,4711000,135.04930114746094,135.43154930081897,133.34311918012367,134.25680735792787,1836000,45.96075439453125,46.3199715098128,45.384117437542415,46.22544239813293,8404900,147.11326599121094,147.15101233885073,144.96218484817672,146.33020922785477,2436800,110.94058227539062,111.00657876577681,109.81864193882559,110.11091108295324,15079100
2024-05-15,28.036983489990234,28.092065480350605,27.27500749338473,27.67894617508556,5164300,114.13436889648438,115.27855577419375,112.20534360938618,114.10600193849528,6138600,26.220783233642578,26.36221104946933,25.94735636282449,26.352784086986162,4708000,149.55755615234375,150.245493380279,146.91587271831446,149.63093780285777,7603100,46.913551330566406,47.00792796697877,45.950931239763705,46.828614157845564,5742200,120.92572021484375,121.24421353885174,118.53699884415978,120.84141568091506,2561400,186.97854614257812,187.98595082330752,183.92780723992186,187.3111718286766,1614800,35.52983474731445,35.71052585274544,34.63588049518357,35.65346741304382,4578300,166.29103088378906,167.25419935620437,163.84458943043938,166.8207764829744,2546600,60.957191467285156,61.12069116370123,59.64917922046097,60.49554073350143,6410700,136.31727600097656,136.57832975328262,132.63452598724555,134.32207133614455,1870400,45.6677131652832,46.00802013976097,44.80748524496185,46.00802013976097,6939700,148.79261779785156,149.1511216878238,144.707447040862,146.59436114223297,2799100,111.79854583740234,112.04367155287824,109.44151800574726,110.88401788782767,18244300
2024-05-16,28.00943946838379,28.137964686363187,27.724847163847357,28.036981336961418,4447500,113.31169891357422,114.78683845262307,113.09420687709144,113.80340968846248,5002900,26.409353256225586,26.635638107531562,26.286781171131427,26.5884961045582,7723500,149.25180053710938,150.0949297701643,148.68662770519288,149.65946804045242,6409400,46.46999740600586,47.253303749473886,46.44168261279798,47.121180048173315,5312500,119.8297119140625,121.43156944085194,119.80161040427221,120.63532188013083,2615400,184.93521118164062,187.76736582191947,184.83066836603692,187.11159856965162,1145200,35.64394760131836,35.729538870318734,35.27305331159165,35.3491324241338,3612800,168.33297729492188,169.2094495355242,165.66499620603844,165.85762698319982,2788100,60.457069396972656,61.13992755009017,60.32242172383669,60.94757215894996,5313500,135.9816436767578,136.88601361052426,135.3289950204503,136.12148883090165,1630500,45.771697998046875,45.998572941484035,45.346313338941414,45.35576480880947,7625100,149.5379638671875,149.99081928523887,147.15101834010534,147.5000928919351,2597600,111.12914276123047,112.47736287117775,110.81801338360935,111.76082444810179,15745200
2024-05-17,28.3491153717041,28.468461724638136,27.844193342898205,28.00944106171464,3786300,115.08943939208984,115.35420730583687,113.52919165535543,114.32350261098105,4450300,26.57906723022461,26.805352080559445,26.409353142885447,26.503638946779663,4385200,150.7156982421875,150.99365465658119,149.34446450528267,149.86330893884394,5497900,46.82861328125,46.98905176009745,46.32842971797952,46.63986361205909,4691700,121.72195434570312,122.02170853107636,119.99832847200055,120.63531504951105,2340100,187.8623809814453,188.44211573189963,185.16329422595945,185.6669965253386,1011900,36.043373107910156,36.062390164319936,35.56786688552519,35.862678421596144,3639400,173.05252075195312,174.3816982777198,169.36358282072777,169.57548111314821,3142700,60.986045837402344,61.120693514659145,60.27433196906408,60.57248301789987,6602600,138.21824645996094,138.70691982001296,136.3575479689926,136.73344172938474,1886300,45.93239974975586,46.10255504809808,45.64880878787041,46.03638394385997,5534400,156.67047119140625,156.8308571580563,149.57567033599776,150.26440432903888,4098500,112.79792785644531,112.97706428061471,111.21400480237666,111.5345643407283,15104500
2024-05-20,28.367477416992188,28.71633411120805,28.220590940803906,28.44092065508633,4427400,114.31403350830078,115.46767120478312,113.93579057618436,115.12725328731672,2814700,26.80535125732422,27.022207340774425,26.6733522149375,26.758207457648908,4360700,149.29815673828125,151.02146978103534,149.23330824383828,150.76204752835858,4913800,47.206111907958984,47.25329842452021,46.78142605870707,46.84748790191287,4826000,121.64701843261719,122.32148325130439,120.98191601922478,121.99361324725558,1933600,188.01446533203125,189.2024453122657,187.22564488495053,188.00496671280453,929000,36.100433349609375,36.17651609037577,35.701009844060074,36.01484208015956,5844300,169.5947265625,173.7845010978764,168.74713350296875,173.10065963130702,2454700,61.139930725097656,61.313050219226575,60.59172021664744,61.22649047216211,4840800,135.71847534179688,138.5095295070626,134.70354525084352,138.07723889188054,1969300,45.59208679199219,46.00801994081393,45.261231287935644,45.94184884000262,6877400,154.51937866210938,157.43465719280752,153.349486857436,156.61385425014763,3089100,111.8833999633789,113.03363074317053,111.77026722640161,112.8827846961747,11551300
2024-05-21,28.202226638793945,28.569444540514287,28.009438816313022,28.018619438958503,5116200,113.86016082763672,115.1083575967928,113.74668577066446,114.1249287461873,2756700,26.249067306518555,26.75820776030618,26.230209786435136,26.71106575844973,4204900,148.214111328125,149.59461916308248,148.00101754737648,148.77928415854922,4783300,46.970176696777344,47.413737881850295,46.8663641981347,46.998487887279694,3800400,120.74773406982422,122.10604048303642,120.58848740831817,121.25358985931342,2211000,186.80746459960938,189.22144792394653,186.5983789730382,186.71243490680033,834100,35.786598205566406,36.47132467770074,35.75806536618515,36.0148391536697,4093900,170.07630920410156,172.33974654349473,169.1420345080434,169.1420345080434,2345200,60.928340911865234,61.6208189053711,60.764841201662016,60.99566475358117,4089500,135.45538330078125,136.71464317548092,135.248637430078,135.64333018157663,1804300,45.6488037109375,46.43340540509453,45.563726071228494,45.60153915688901,6926500,153.20799255371094,155.28359522217156,153.00043084726363,153.99106364694168,2206800,111.11028289794922,112.61877916776393,111.04428641092849,111.62883186245315,14495000
2024-05-22,27.660587310791016,28.21141251492053,27.43107695498914,28.11042914906474,6192000,111.76090240478516,113.2076748958612,111.00441656720037,113.0185498292732,4468100,25.919069290161133,26.277354997575433,25.62678490658266,26.277354997575433,5918000,145.99049377441406,147.79718923738193,145.01765340590822,147.79718923738193,6260500,46.054744720458984,46.61155428679667,45.72443548623351,46.536056576159694,5115300,118.07798767089844,120.32619427826323,117.6751826768186,120.32619427826323,3617600,182.79685974121094,186.5983958381564,181.9795289002993,186.51286475638534,1179200,34.58832550048828,35.653462170763476,34.45518432366013,35.56787089597038,7000400,169.53692626953125,171.34767308545673,167.6683769973571,169.15165004513258,2250000,60.264713287353516,60.75521604348302,59.81267867389429,60.687892207717674,5747900,134.2900848388672,135.7466982063376,133.16238925546108,134.65658626195986,2441800,43.937801361083984,45.648805698136165,43.72038151815268,45.582634598376835,11801400,152.8400421142578,154.915644745249,150.00967096399378,152.62305102362097,2510000,108.8758316040039,110.74259359864881,108.38556579212279,110.74259359864881,17879300
2024-05-23,27.10057830810547,28.02780018715588,26.944511224482632,27.86255248084644,5294300,111.25027465820312,112.93344805828579,110.82474867256579,112.36608729181957,3757200,25.5230712890625,26.145355121577296,25.504213767264535,26.03221358749402,5679600,145.4067840576172,146.94479724913162,144.84161121675706,146.31476178741786,6718400,45.516807556152344,46.56436477464949,45.42243452389692,46.40392629969477,4533400,116.18575286865234,119.24894654775284,116.04523815134836,118.64942375767285,3373600,182.43569946289062,185.48642365488334,182.2456110819017,184.40298659110064,1394600,34.21742630004883,35.035297558444974,34.06526445856753,34.730973875482384,7214400,170.05703735351562,171.3765735680558,169.18055044312237,171.328426897838,2740700,59.59148025512695,60.697521156279144,59.31256508264518,60.466693921048666,6609200,133.62286376953125,135.6057340084344,133.0872001523715,135.32380654358332,1696800,43.78654861450195,44.571153877132446,43.52186423966476,44.070139531263834,8766100,153.3683624267578,154.96280700616472,152.64189653045776,154.2740874503537,2251400,107.01849365234375,110.78973818192817,106.87707054386871,108.98896546637413,15979800
2024-05-24,26.953693389892578,27.486157279018734,26.93533214346844,27.30254831682702,3933600,110.87203979492188,112.13914535824519,110.50325490921529,111.95002749381558,2851100,25.579639434814453,25.82478179801011,25.49478419212372,25.72106903545385,5008400,146.15725708007812,147.28760276662211,145.74032953871847,146.46300771372856,4477700,45.441314697265625,45.94149830175112,45.31862686216701,45.75274861700728,4039100,115.47380065917969,117.63770984927889,115.20214796324944,116.74778819591036,3730900,183.86129760742188,185.21084116620298,183.58567812258727,184.14640121006568,688400,34.34105682373047,34.635868332867744,34.15085362658834,34.3695860335633,4022000,171.2513885498047,172.33013273256788,169.71995392674896,170.86611227254124,1806000,59.58186721801758,60.09160598322949,59.389511790185374,59.82231058558918,4616700,134.0833282470703,135.586931797587,133.51009534604745,134.53441791588102,1250600,43.7109260559082,44.30646589933347,43.597486804352215,44.0417815244778,6801000,153.2362823486328,155.19867461228517,152.14186878690168,154.61373588612355,1794500,106.93363952636719,108.49870949711469,106.57537387679912,108.27242964078702,12212900
2024-05-28,27.385173797607422,27.568782770680144,27.128121585510602,27.183205328047382,4687800,112.48902893066406,112.74434600068768,111.32594027864174,111.42049921723456,3830700,25.98506736755371,26.117068209517058,25.664496720196016,25.711640520308674,4471800,147.3524627685547,147.70454185375533,146.34256807805426,146.50007342210424,6928300,46.1585578918457,46.21518387571984,45.63005950932252,45.648934837280564,5336400,117.890625,118.124813769228,115.83913624143709,116.06395545877123,3800000,187.9479217529297,188.3375826466646,185.51494119975902,185.55296467811306,1304000,34.73097610473633,35.254032241662316,34.4456730871244,34.6073434669021,4840200,172.56129455566406,173.98678000699644,171.3862276562401,171.3862276562401,2381000,59.8319206237793,60.447454995170574,59.47606550323264,59.908864254640335,6271900,134.15847778320312,135.51171778724296,133.38789154388323,134.28064966505812,1590100,43.98506546020508,44.64678005697796,43.786552162989544,43.994520534960735,10387400,154.32130432128906,155.78365149486896,153.49105736130974,154.0193911009276,1912700,108.29129028320312,108.52699307292052,106.60365744565723,107.0279195899172,13978300
2024-05-29,26.779266357421875,27.513698739970586,26.375327671507623,27.35763163980087,7221000,108.98082733154297,111.25973573040395,107.61915568361329,111.20299460215104,14290900,25.8813533782959,26.0416386943838,25.645639783952046,25.890780339519885,8695400,145.36973571777344,146.8429006291119,144.94354808961293,146.40743883243573,5909600,44.53531265258789,45.979244542092836,43.94075606289219,45.92261856207876,10321600,114.20917510986328,118.0311374668983,113.51597836713476,118.00303595862029,5506300,185.34388732910156,187.9764405052136,183.68071536868678,187.76736937176196,1527700,34.055755615234375,34.67391150335377,34.02722277609158,34.46469124064501,6275500,166.10804748535156,172.39753667173645,165.98283087624304,172.2145323035886,2624400,58.78358459472656,59.68765386827538,58.437345610718424,59.68765386827538,6714300,129.8638458251953,134.16789562011002,129.4973444885252,134.16789562011002,2220900,43.14374542236328,43.881082609343416,42.926325575075666,43.48405600283244,13138900,146.88685607910156,153.29292423350097,146.15096060322105,153.29292423350097,3774100,107.1316146850586,107.99900629887648,106.35850992864594,107.9801460501645,13902000
2024-05-30,27.29336929321289,27.41271565093955,26.770085996630442,26.770085996630442,5419800,107.40167236328125,110.04935845346694,106.78702850175075,109.4063476346077,9914300,26.17363929748535,26.41878166606994,25.9379256890408,25.975638931248827,6311800,146.62977600097656,146.8150897007896,145.2863365020344,145.3234048969772,6369600,44.912811279296875,45.00718431106864,44.53531195200904,44.53531195200904,6067500,114.51831817626953,115.44570378246165,113.70333861514635,114.2091872585806,3004400,187.54876708984375,188.07148116791745,184.88768910286626,184.88768910286626,1288500,34.19841003417969,34.37910473841042,33.932127684144845,33.95114837026518,4293600,165.67462158203125,168.86272191610675,164.70182661043833,165.66499518710756,2569900,58.870147705078125,59.19715080100981,58.59123254436816,58.6585600563277,3784200,130.0518035888672,130.43710394272608,128.73616133108698,129.39398245997708,1950100,43.09648513793945,43.65421562099019,42.964142922648584,43.10593660786527,14337100,143.35287475585938,148.22630734172975,143.06789056597773,146.29783701347566,3969200,107.47103881835938,107.60303180126509,106.49994450423395,106.79221365308543,14683700
2024-05-31,28.027801513671875,28.128784865954472,27.357630034029235,27.403533149634793,14922000,110.14393615722656,110.20067007783858,107.58134345568648,107.66645155098911,13830200,26.890209197998047,26.890209197998047,26.239639127530573,26.267925408282075,14170700,150.3728790283203,150.63230122040653,146.8613911310583,146.97258216870176,10334200,46.318992614746094,46.318992614746094,44.96943737629026,45.05437454514764,15249200,116.67285919189453,116.85083781418186,114.78997930052776,114.78997930052776,4082400,189.37350463867188,189.5635930340358,187.18763310907232,187.72934443107556,2933800,34.902156829833984,34.9877480934588,34.09379408941643,34.141347613071495,9384200,170.10520935058594,170.9913227110398,165.82873835685754,166.06953051013696,3935600,60.1108283996582,60.19738813930866,58.985555453076024,58.985555453076024,7976900,133.54766845703125,133.857787202613,129.6853013012222,130.28673980614363,3669900,43.38007354736328,43.512415754822655,42.97359184956396,43.1626536913865,41723600,149.28082275390625,149.4708170844257,143.63790271408507,143.90389767593996,4902500,110.55403137207031,110.77087389649952,107.47103505330466,107.59360509962171,29037400
2024-06-03,27.027137756347656,28.183870064134926,26.84352878646717,28.13796694615235,8022900,107.67591094970703,110.09665445108436,106.81540799966088,109.93590353109268,7129500,26.145353317260742,27.02220823847868,25.975639229495705,26.993921957733797,5703500,145.8885955810547,149.79846347833066,144.96208351855896,149.62243806191626,9009900,44.43151092529297,46.09250033927634,44.28994775246609,46.0453138150344,8211700,112.07337951660156,116.5323357907166,110.9118051945104,116.34498048271851,3239500,181.2477264404297,188.9648393442415,177.2275919582349,188.60368880876194,2775100,33.038169860839844,34.91166167950541,32.771883942161026,34.90215315247094,7969000,168.31370544433594,170.03777069589242,166.49331745830295,169.8740338047111,2513900,58.254615783691406,59.860779303672636,57.889140856632146,59.841543394998524,7562900,130.5592498779297,133.73560433951505,129.64770704156632,133.70741303217514,2345700,41.65961837768555,43.62585579785059,41.4138405031923,43.62585579785059,15482100,146.2408447265625,149.31879003815337,144.6163623155062,149.19530171724008,2887600,107.90473175048828,109.70550447480358,107.25419695726305,109.64893810836958,19589300
2024-06-04,26.586475372314453,26.8618888146366,26.320244304197026,26.742542464322888,5729600,106.16293334960938,106.85322728427049,105.24570374185377,106.66410941376887,7683600,25.909639358520508,25.91906811864231,25.372212620042465,25.69278327077535,6036800,144.6563262939453,144.86016006946454,142.78476805392862,144.27645297252755,6360500,44.025699615478516,44.08232200360095,43.31789096314028,43.9313229684395,7669700,112.22327423095703,112.44809347465117,109.97506035339093,110.9586490113496,4499200,179.83164978027344,179.89816911499784,175.9160725990519,179.3659564303706,1744900,32.210792541503906,32.752869379345775,32.00157225724069,32.65776957993747,8608900,168.80491638183594,169.45987864437126,165.1063526420151,166.8015240152365,2319000,57.60060501098633,57.716016785033354,56.744627321462104,57.716016785033354,6910100,128.73617553710938,130.78482075592422,128.04075635872888,128.95231371629012,3147000,41.03571319580078,41.46110140844266,40.6103249831589,41.35711722245748,15700900,147.60882568359375,148.80580279568807,144.16986659124896,144.94886204997073,2997200,106.22653198242188,106.62251094444447,104.57661244758269,106.5376613924732,19412200
2024-06-05,26.623199462890625,26.84352917935707,26.457951737784555,26.696642701712772,4674600,106.12511444091797,106.33314121054785,105.24570264492098,105.96435631684436,5119100,25.98506736755371,26.088781929449464,25.758782522069236,26.022782407643838,5640600,143.59083557128906,145.4809280968617,143.17390797041196,144.68412715715013,7058500,43.997379302978516,44.242754954402926,43.72369606114432,44.12950299216065,5293700,112.70101165771484,112.7384827219543,111.47386467809041,112.29820665073414,3406600,179.80311584472656,180.58242303025224,179.13785007617875,179.83162619897104,825700,32.00051498413086,32.45930329816091,31.790235639570056,32.315934000972064,7989900,167.51426696777344,170.3941461288257,167.10973795363248,169.67176973997715,2148500,57.552520751953125,57.85067182855692,57.17742971069717,57.85067182855692,4903000,129.112060546875,129.72289140567705,127.91857580090215,129.2624237654627,2190400,41.097557067871094,41.59225031117759,40.697995605219965,41.49711490147741,10660500,146.33583068847656,148.62530032771468,145.23385799315471,148.62530032771468,1939200,106.65079498291016,106.71679147265822,105.10458534331768,106.43394526340778,14863500
2024-06-06,26.834346771240234,26.9353318745399,26.448769355307206,26.55893508172728,3577800,106.09673309326172,106.28585816338754,105.4726383978059,105.6901232104709,5355200,26.079355239868164,26.16421228845566,25.871927897961086,25.937927425006418,4487500,144.47100830078125,144.5544051246246,142.11767405874215,143.14610293660024,5215100,44.12950134277344,44.252189163900056,43.714254963706935,43.92187995329038,4095100,113.54408264160156,113.61902476341794,112.03590638769872,112.69163923328097,3399700,181.56134033203125,182.04604541936138,179.43248960141668,179.5085220563255,1181400,32.32548904418945,32.40195558282367,31.742444448541924,31.933607149002217,9083200,169.2576141357422,170.3267318707054,166.7822784735434,167.08085838836246,2229100,57.78334045410156,57.812192478477215,57.24474609622134,57.46595351047378,5026800,130.0330352783203,130.1833985259457,128.26631730672193,128.83956464129372,1567600,41.53516387939453,41.62078392291201,40.6884787985241,40.97387773390091,10522200,147.9793243408203,148.34981830365388,145.3383644015171,146.16484758884525,1981000,107.45217895507812,107.51817544235101,105.69854978688132,106.30194829711273,13154100
2024-06-07,26.485490798950195,26.95369205340107,26.347784959646937,26.595654769982904,3621600,105.9076156616211,106.65464345924609,105.10385394992305,105.87924870458457,4375700,26.00392723083496,26.183070090701587,25.8342131318405,26.098213041204357,4761000,144.61000061035156,146.101685557265,143.72981700160304,144.26719568022204,5887700,44.15781784057617,44.516438254511264,43.64819481012037,43.836944480670724,6467600,112.5886001586914,114.36842916917438,112.45745501364266,113.34736951888414,2494300,180.85806274414062,182.09356473957908,180.36385904562368,181.56133756333358,1027800,32.574005126953125,32.84163074850007,31.981400327633985,32.16300655321996,7534800,168.65081787109375,171.6077376577578,167.83211873028057,168.9686505573255,1908800,57.20627975463867,57.966081599424946,57.06201595009175,57.52366672861557,6964200,129.7510986328125,130.96336804127023,128.36966701653165,129.55374511358983,1687300,42.38185119628906,42.54357956659664,41.2497671203142,41.316360087780694,15023100,146.70632934570312,148.75830256120818,145.34785633913148,147.466321036146,1979600,106.30196380615234,108.32900934395413,106.22653718309955,107.28248832660248,13289200
2024-06-10,27.054677963256836,27.320910795338598,26.50385455389097,26.614018535354177,4277800,107.13691711425781,107.79883691129257,105.87926228550707,106.26695610537465,5307300,26.51306915283203,26.72049649402916,26.013355623788485,26.079355150607924,6294800,145.22149658203125,146.57419619076433,144.83236323688402,144.91574592424743,7074700,44.46925354003906,44.79012691295529,43.91244396939328,44.21444201447906,6607300,113.9000473022461,114.53704104562799,112.1764213771387,112.97266176964753,1717500,184.34597778320312,185.32487210134536,181.1621857182146,181.29523889247545,961200,32.9849967956543,33.27174267169636,32.27769953826792,32.66958143658342,6262400,167.9187774658203,169.6235896706163,166.5318126006835,168.55447214513862,2526000,58.383995056152344,58.441917012304785,57.66964267607813,57.93028227252784,7812600,129.79808044433594,130.71904445633018,128.65158593097703,129.59133459180063,1861500,42.79092025756836,43.09534625941417,41.80153393704738,42.381847137142266,12966600,146.8583526611328,148.28333185907658,145.04387567013129,146.33585738942583,2285300,106.61308288574219,107.68788698417038,106.25481005754746,106.59422263526984,15239700
2024-06-11,27.256649017333984,27.311731009755743,26.614019351988567,26.779267080278814,4158400,107.44895935058594,107.4678754670204,106.52227164806621,107.03289857602762,4181900,26.67335319519043,26.758208441020294,26.201925971224693,26.390495781799704,4437200,144.98985290527344,145.23074091076313,143.1275549307944,144.69336231010175,5132000,44.62969207763672,44.66744273334083,43.855821636205945,44.20500620121722,4211100,114.31222534179688,114.33096444631403,112.21389588895902,113.05697692037245,2063500,184.0608673095703,184.11788802922555,181.75144115327927,183.05346259110382,716300,32.956321716308594,32.98499484376596,32.3732771505085,32.64090637590243,4872400,168.03439331054688,168.7182347574029,164.9618832551047,166.86895288728797,2097800,58.50949478149414,58.62533501921388,57.88201976906394,58.29711794359565,4899100,129.95782470703125,129.9954226802771,127.31713349381147,128.68917272877806,1692600,42.77189636230469,42.88605884327705,42.11547842741372,42.41039272635895,8300300,145.9178466796875,146.1743324475046,143.48587048866344,145.52834896400728,2083400,105.755126953125,106.22653253696856,104.94430877346781,106.05682623906173,12462400
2024-06-12,26.926151275634766,27.991079044212306,26.77008418449712,27.614682251061183,6211700,106.0872802734375,108.71605737693308,105.49154533162331,108.27162248839984,8650100,26.25849723815918,26.937351806282447,26.192497713274552,26.918494285357646,5289900,142.8866729736328,146.04608209210002,141.2004144514772,145.91637098558422,10017400,44.214439392089844,45.15818412703392,43.94075615503241,45.10156174700157,5105200,113.28179931640625,115.4363389962114,112.55113145102655,115.3145562540651,2129600,184.04183959960938,186.27524760370423,182.8063521097265,185.57195828499383,1056800,33.03278732299805,33.491575580051844,32.86074127083725,33.28129626160533,6997400,162.54432678222656,169.82589370487017,161.9471669563685,169.42134996184572,3080300,58.21023178100586,59.13696096713762,57.93028118858238,58.982506102782324,7426100,127.81519317626953,131.2546762583371,126.73448809600212,131.0479304333325,2217700,42.534061431884766,43.28561473450952,42.49600727323544,43.209506417210875,8142100,140.9589385986328,147.93183291767565,140.07544401020175,146.8678531511358,3793300,104.58604431152344,106.82050939392275,104.21834852738004,106.82050939392275,13606800
2024-06-13,26.228439331054688,26.834346441354374,25.897943906882205,26.687459975283225,5387400,104.85800170898438,106.06837338294743,104.10151580556536,105.90762247314576,5939300,25.589067459106445,26.22077996962446,25.43821090122322,26.145351690682848,4892100,141.6081085205078,142.76624866635882,141.0429355638344,142.4697721404965,6163000,43.185760498046875,44.07288291481163,43.100823321975795,43.99738160270369,7572700,111.5675277709961,113.18811719199886,110.65887420663681,112.8883558544975,2253800,180.9055938720703,183.30055102705717,178.92879348101957,182.94891359990535,1268800,32.2776985168457,32.95632262360304,31.838026868478284,32.765159927666076,5759600,164.22987365722656,165.76132290975562,161.7641643782681,163.0355539921735,3284100,57.727561950683594,58.29711497399404,57.322119298070014,58.219889380279604,9185100,129.3751983642578,129.92964664103567,125.98270507399002,127.89039373705253,3486400,41.6778678894043,42.50552594488023,41.31636061210951,42.277204604208634,12180200,142.326904296875,143.81837472485128,139.88543340784494,140.95892218737097,2669100,103.74693298339844,104.5200377878108,103.44523372297111,104.50117753792784,14466900
2024-06-14,25.5399112701416,25.971391845457685,25.11761306990245,25.852045483807494,9514600,103.43959045410156,105.13222198027137,103.18428062378251,105.13222198027137,5690400,25.202497482299805,25.626782678305673,25.11764044309863,25.626782678305673,5899000,141.35794067382812,142.02501629816075,140.8020278265248,141.87678512467073,6159100,43.32841110229492,43.50910334019605,42.7958393510125,43.50910334019605,6809800,110.76192474365234,112.13895593041022,109.75959703885655,112.13895593041022,2850300,176.74288940429688,180.57293523896575,176.47678308092338,180.47789105131508,978300,31.465255737304688,32.16300007486892,31.15939690396484,32.16300007486892,7004200,163.8060760498047,164.86555259596528,162.50579267862446,163.21854266904117,2934000,57.766178131103516,57.7951372692078,57.08078485767462,57.775829949640055,8611100,128.52000427246094,129.5819247038756,127.96555607918721,129.215423349407,2107800,40.907283782958984,41.34489571524792,40.53626481301644,41.34489571524792,12740300,142.56442260742188,143.36240746155067,140.5979444001355,141.23443335490285,2641800,102.87012481689453,103.90721563990104,102.37985899236753,103.72807922019946,13313400
2024-06-17,25.650074005126953,25.888764949461038,25.25531597222923,25.61335151321796,5541200,103.58143615722656,103.92185408607475,102.57909848583138,102.97625033135958,5754200,25.14592742919922,25.28735523239306,24.797070502859132,25.14592742919922,6212200,141.932373046875,142.61798286685348,140.76495889942896,141.2930775161214,6321400,43.518619537353516,43.566173380556585,42.93850110547428,43.27135624080244,5577700,111.5488052368164,112.02654521867835,109.82517204043083,110.7619271926106,2388700,178.25401306152344,178.79573887906997,175.9160766429236,177.3036291023541,1235300,31.933610916137695,32.10565700223532,31.350566251709715,31.474822568585925,8363800,165.40493774414062,165.88652203884521,162.8140118871441,163.23780841796994,3006500,58.11370086669922,58.287463055375795,57.41865211199291,57.8047911273841,7717200,129.01808166503906,129.39398971650405,127.81520457920301,128.23810292952936,1790800,41.506622314453125,41.71591291765501,40.916793774313334,41.002413812137235,11065500,143.55238342285156,144.21737071623394,141.31041590827965,142.64039049504441,1804000,102.16301727294922,103.20010810424178,101.99331097742294,102.9266920062784,21147900
2024-06-18,25.705158233642578,26.22844153180631,25.604173123111,25.705158233642578,5601300,103.45851135253906,105.15113574259266,103.08026840380487,104.08260608572392,5690200,25.155357360839844,25.447641740834296,25.023358311491155,25.19307060421711,4903300,142.06207275390625,144.48952943236424,141.60807682885314,142.26590650495461,6942900,43.414005279541016,44.19384032642791,43.35694285128766,43.59469752723729,5011700,111.9422378540039,113.48788524537969,111.2584034655848,112.2045281464799,2032400,179.49899291992188,180.43987815104543,178.87175060087952,179.42296047179713,1124300,31.484375,32.42106821110957,31.42702874278679,32.134325986667896,11520200,166.09840393066406,169.036070778131,164.7981352812109,166.86894166559085,2557800,59.136962890625,59.465179948367386,58.72186842119553,58.91493424604847,10427100,127.66485595703125,130.2115666910279,127.17618265884839,129.5443531998912,2588800,42.27720260620117,42.99070177214386,41.6778659197213,42.12498959596184,13068900,142.44091796875,147.3333405791562,141.67143154804896,144.65438731835863,2552000,103.12467193603516,104.3880425064248,102.57784698382355,102.79468950114601,17762900
2024-06-20,25.980567932128906,26.145815645291353,24.94318203986714,25.741878736477375,4879400,105.27406311035156,105.76577386683225,103.31666371281965,103.63816551236783,5442400,25.353355407714844,25.56078453620953,25.05164227356126,25.13649931733597,5199000,145.1288299560547,145.8422481095203,141.98795503975964,142.4141567533424,8336000,43.73735046386719,44.02265534082599,43.18575789094495,43.404491750874975,5368200,114.27474975585938,114.35906142910027,111.71741239982894,112.18578993797544,2469000,183.16748046875,183.9943243025172,180.10724322609326,180.10724322609326,1960000,31.857145309448242,32.048304370101555,31.39835335472927,31.665982602669565,12583700,167.26385498046875,170.6831062939996,166.14657592815803,166.52221107716767,3176700,60.27607345581055,60.778052739580275,59.3107295291368,59.77409417204082,11219700,129.64772033691406,131.20769208091775,127.60845330070873,127.66485026059591,2740500,43.2475700378418,43.59005028252712,42.182078765855856,42.2772105542484,14612900,144.84434509277344,145.87982620021276,142.2223893401554,143.4478647202829,3204000,105.34971618652344,106.17939460445288,103.32267076964344,103.62437724385651,17433200
2024-06-21,25.787778854370117,26.090732396850136,25.69597437915881,25.980566676391618,12078500,105.28351593017578,106.15347684549157,104.70670429158919,105.74686695264978,27096700,25.098785400390625,25.391069766454816,24.985642078946892,25.391069766454816,26891700,143.86878967285156,146.08315290192584,143.81320121196757,145.2770919442042,21289800,43.57567596435547,44.022655908323564,43.366450692225996,44.00363509923467,12610300,114.33097839355469,115.18342193434198,113.59094090608536,115.07100873414879,7884300,181.40928649902344,184.08936160084764,180.88657244496144,183.9658215529477,3342900,32.153446197509766,32.344608917108786,31.58951818006174,31.990960255832245,43586100,166.31033325195312,169.0264759683322,166.01175331436272,168.48708916534414,7308200,58.808746337890625,60.594634693072756,58.61568051137978,60.51740541647274,21275100,129.7698974609375,130.7942201255189,128.92412934768134,130.38074273333584,6463600,43.437835693359375,43.76128884301301,43.24756849431989,43.44734742024111,26455400,142.6973876953125,145.99382541565535,142.09889194273669,145.82283491242475,7128100,104.42576599121094,106.2548147484882,104.42576599121094,105.50057013708961,52212500
2024-06-24,26.935335159301758,27.100582893571403,25.91630863198895,25.934669880468917,6535800,108.9051742553711,109.68056898554364,105.82251144836367,106.14401323713552,8802700,26.069923400878906,26.25849499733038,25.325069371434836,25.438210890624102,5396300,147.6026153564453,147.81570914481907,144.71190261867858,144.78602527060212,7971600,45.3065299987793,45.63938871836686,43.75636851186182,43.80392234883748,8375900,117.37542724609375,117.96558043829482,114.75250987589477,114.86492307068897,2784300,188.2045440673828,189.26896951649312,182.33117785491595,182.58777109601346,1809700,32.822513580322266,33.090139197535684,32.22991243672444,32.344608608940824,10900000,167.5817108154297,168.17887064734643,166.19474567323513,166.406643942003,2327800,61.05799865722656,61.44413767113965,59.204540228430666,59.252806684546165,10315100,130.20217895507812,131.141927609623,128.7643646607786,128.7737569851305,1919200,45.169254302978516,45.350006122055525,43.637608816498904,43.70420178295067,19090400,143.19139099121094,144.7113744454065,142.29840179904377,142.55490208726204,2851300,107.5276107788086,107.98015608687746,105.25543253399788,105.25543253399788,16266700
2024-06-25,26.623199462890625,26.907791794448336,26.356966627769747,26.871071050549727,5178300,108.73497772216797,108.80116969885005,107.47733016520863,108.47020981543969,4956400,26.069923400878906,26.08878092019446,25.65506696769688,25.95678188168964,5563600,146.81509399414062,147.64894911788235,146.08314161584548,147.42658115407417,5985400,45.04975509643555,45.23995956324329,44.707387781751294,45.23045097243471,6852700,117.60961151123047,117.73138710741036,116.08269604831362,117.0381903000698,1947600,188.06198120117188,188.77476916569822,186.5888831741425,188.07147982008394,1441900,33.09013366699219,33.18571683296846,32.58355564875533,32.66001853541138,6827800,168.7375030517578,169.02645656026897,165.24119646202342,167.36980545471008,2146300,60.91320037841797,61.01938879968775,60.382261954563866,60.89389674045513,5971400,131.7903594970703,132.07227262835588,129.1684526606999,130.02362739740434,1934300,45.20730972290039,45.321468578705826,44.62699645990218,44.693589428209066,14237000,146.0983428955078,146.5163390614861,140.92092201193753,142.94439686286142,4849300,107.82930755615234,107.99901384102503,106.97134600677441,107.58417465731897,14188900
2024-06-26,26.292701721191406,26.61401651966912,26.026470660298294,26.58647465087682,5614400,107.43003845214844,108.93354489348897,106.62627673866794,108.93354489348897,5366500,25.598495483398438,25.994494386054022,25.47592520802141,25.937923628060933,5782300,144.48953247070312,146.8150864599887,144.34128716910521,146.8150864599887,8637800,44.43159103393555,45.08779257492192,44.10824455841006,45.04024236954867,5120900,116.7009506225586,118.17165582540153,116.0358553674512,118.04987308991588,2297400,187.18763732910156,188.32809521845323,185.33437694448264,188.32809521845323,1258000,32.52621078491211,33.04234902271815,32.39239797795325,32.95632598308381,7334400,167.88027954101562,169.7969755305823,166.43552673033008,169.41171399311372,1704100,60.69116973876953,60.89389475572021,59.957509997764525,60.816665476406676,5259300,131.35804748535156,132.1474328037359,129.3187949098131,131.64936723336785,1517600,43.9800910949707,45.15022936989981,43.96106401378754,45.045582237914786,13501700,145.8988494873047,147.55183032157692,144.5783695464277,146.57333141989164,3843100,107.86701202392578,108.25356080091233,106.66963800292179,107.8481517754422,15771800
2024-06-27,26.687458038330078,26.751720643693982,26.421226994533246,26.61401481062495,4154100,107.77046203613281,108.11087996800373,106.95724222270609,107.79882899472469,3846500,25.31563949584961,25.721067151502382,25.249639979506494,25.702209633018082,4312900,144.83236694335938,145.40679987649855,144.2023314131037,145.18443190038747,5568700,44.7073974609375,44.89760196892467,44.45062554718145,44.82152234243935,3620100,116.67285919189453,117.56277374395545,115.84851006893308,117.56277374395545,1726700,189.30697631835938,189.49705020299504,186.892993028192,188.41361310869308,1036500,32.12477493286133,32.688702983085825,32.01007875288582,32.56444666120563,9507000,166.54147338867188,170.75051514509855,165.7998295084149,169.23834820132745,1648700,60.51741027832031,61.20280727447779,60.295381613999815,61.11592617257022,4730900,131.0009307861328,132.12864041998367,130.26792812778396,132.1192337580666,1847200,44.72212600708008,44.750668441393046,44.13230104758195,44.21792109243203,9948000,146.33583068847656,149.261789180517,145.85134306800666,147.3238242030021,2540100,108.32899475097656,108.41384429567186,107.58417313309214,108.41384429567186,16812700
2024-06-28,27.027137756347656,27.128121113859503,26.568117082671353,26.98123463836508,11159700,108.15814971923828,109.28342044239378,107.45840499408172,109.1226695431955,7191800,25.14592742919922,25.55135511714643,24.976213346025776,25.49478435553931,8900300,144.9250030517578,146.92627233309935,144.69337505542063,145.94417189062182,11283400,45.078285217285156,45.28750685221655,44.64081388348702,45.17338563063141,7931400,117.90937042236328,118.09671858903575,116.90704272222926,117.6470729833976,4029400,190.25735473632812,192.80437662048098,189.1929294118114,190.5899803993859,2105900,32.287254333496094,32.621789955898485,32.20123130443549,32.40195413632696,19130600,167.09048461914062,168.51598472888017,165.68426669328855,168.51598472888017,3656300,60.84562301635742,61.23176203779097,60.59463523017185,61.0097333893398,8397000,132.66432189941406,133.62286958586083,130.8318148072564,132.22263886445464,10211500,44.88385772705078,45.30244262814366,44.560404603328436,44.950450697019086,14139900,148.9197998046875,149.3283013214941,145.9178550681618,148.12181504544532,3898900,108.53641510009766,109.87520511945945,108.12157591936332,109.23409329154175,24565900
2024-07-01,27.201562881469727,27.495337567606125,26.705821491225137,27.311728607648977,5428600,108.13925170898438,109.17941445153086,107.46787387320998,108.78226258491239,3925100,25.023357391357422,25.34392624250915,24.853643306519853,25.29678424043298,4690800,145.0176544189453,147.0374436846162,144.5173300488128,145.61062150163727,5584100,45.39212417602539,45.67742907340581,44.82151438126456,45.36359477464193,4481200,118.5370101928711,119.80162835099866,117.53468236124404,119.62364256649816,2496100,193.60269165039062,194.24894567815036,189.8676757490416,191.80646683573292,1230300,31.952720642089844,32.507088408181836,31.8189078587616,32.459298649296734,6184400,168.3522186279297,169.11312998659596,165.3760314374852,168.5544904830949,1705200,60.70082092285156,61.376562338807,60.35329655564623,61.067648926017675,5321600,132.43878173828125,134.05515070228407,131.28289481452808,133.17179894052092,1422900,44.313053131103516,45.16924988562736,44.21791773901589,45.16924988562736,8464000,150.0787811279297,151.49426545718393,147.76081301640386,150.43028579771726,2205500,108.38556671142578,110.06376937301397,107.9801576375416,109.09267505938112,11972900
2024-07-02,26.953693389892578,27.476976655806663,26.595656088721228,27.284187070402883,5906900,107.91230773925781,109.3212553745202,107.16527987508931,109.10376332722682,3836700,25.24964141845703,25.343925419547798,24.97621277990807,25.230783898898057,3801000,145.2307586669922,146.12947645449216,144.0262902173833,146.0924080568388,7216800,45.4301643371582,46.038815732778694,45.220939059470474,45.79155246375105,4783000,118.6400375366211,120.70090309151195,118.10608740337936,119.71730735544195,2274700,194.73365783691406,198.2690871509397,193.6882442343693,195.29439536648997,1763200,32.13432312011719,32.44018195172078,31.904930819476935,32.16299989229088,7591800,167.72616577148438,171.38620909309452,167.1193648998764,170.87573095236522,2531500,60.19884490966797,61.31864366249236,59.67755833098386,61.241414384541535,6663000,132.0065155029297,134.42166247010684,131.39568451675876,133.23758414053586,2622100,44.41769790649414,44.969472309465814,43.903981290504944,44.73163926591821,7927800,150.05979919433594,153.95473320742923,149.4518087169165,151.9502621107495,2927900,107.65017700195312,109.30952663396077,106.99963500904165,109.27181332492898,13326700
2024-07-03,27.017955780029297,27.458615184449847,26.93533192282234,27.128119755622023,2035800,108.52693176269531,109.36852567965245,107.51513610823139,107.84610316951745,2326200,25.353355407714844,25.523069495264266,25.127070557099657,25.174214358281237,3366400,145.19369506835938,146.14800125350982,145.05470979227547,145.4067888600807,3264200,45.75351333618164,46.06734764195536,45.477717023819295,45.629879881010815,3338400,118.75245666503906,119.33324747710316,118.17167299985017,118.49953589904958,1814100,196.66294860839844,198.41166614034,194.19195897916714,195.85513093222437,741100,32.287254333496094,32.612229815933375,32.12476841533999,32.31593110726635,3917100,168.5448760986328,168.55450249364654,165.37604322155192,167.29275399789418,1344600,60.16023254394531,60.37260938384044,59.72582704529383,60.16988804530135,4119000,131.9125213623047,132.3823957156242,130.68145285091592,131.78095711695232,1081600,45.007530212402344,45.226336195187294,44.62699585944488,44.73164298796041,6655500,150.57278442382812,151.1427818350435,148.4543196544351,150.05979835024334,1479900,108.197021484375,109.04555305128709,107.73503879106346,107.73503879106346,7732900
2024-07-05,26.255983352661133,27.03631886203003,26.136636994803276,26.89861125665174,8165200,106.42769622802734,108.47965446594655,106.03999525938953,108.29998745956479,4188300,24.731069564819336,25.240211785179216,24.608499288631947,25.174212267358932,7394900,142.9700469970703,145.04543871308508,142.3863399843741,145.04543871308508,6183100,44.726409912109375,45.74399966755728,44.51718825750558,45.62036984415231,6394700,117.03820037841797,119.0522183994847,116.57918517132,118.54637686602506,3354600,193.43165588378906,197.18566981302277,192.27218623451762,196.2067754454474,761300,31.637310028076172,32.3254944054195,31.417474162230576,32.210798224570894,6890400,164.45140075683594,168.09217663896737,163.44007085695822,167.71654149864543,1587400,59.64860534667969,60.22781026108624,59.33004006600955,60.18919561812713,4850700,130.0612030029297,132.03468083661386,129.20604265846407,131.71516974793767,1605500,43.894474029541016,45.036073574860744,43.72323391629081,44.883860544087774,7917100,145.1388702392578,150.563297062997,144.46438824886044,149.63230027994823,2416400,106.88650512695312,108.07444202429886,106.2453932424631,108.05558896581904,12631000
2024-07-08,26.47631072998047,26.513031470751184,26.06319145240501,26.072372075353886,2914300,106.12511444091797,106.51280823572081,105.26461154602035,105.8792554403209,4199600,25.0516414642334,25.117640985403273,24.853642900723777,24.938499941757065,4491100,142.98858642578125,143.86876992300338,142.05281447530612,142.05281447530612,4990700,44.241390228271484,44.498165711852565,43.29037153108899,44.30796124684638,11872600,117.6845474243164,117.71265608231114,116.07333456280877,116.19511015995407,2632000,193.2605743408203,193.45064822291314,191.06517532226903,192.32918766566243,774800,31.742443084716797,31.847582747758857,31.465257363265017,31.54172389861382,4909100,161.30184936523438,165.45310375045779,160.59874039035836,163.1029699749416,1897400,58.837703704833984,59.841662112620604,58.80874088754593,59.272109139212255,6330900,127.75881958007812,130.82240919997597,127.65544666027618,129.31880570093432,1647000,43.98960494995117,44.094248449322976,43.55198935575147,43.77079533832905,5470400,140.5599365234375,145.34785963936005,140.436433703441,144.39787362864527,2493700,105.7645492553711,107.05620304906594,105.0480108068699,105.96253872277053,13350500
2024-07-09,26.430408477783203,26.825164745166102,26.12745318372874,26.274341394948205,3304600,105.14168548583984,106.51280806646797,104.64051664208452,104.87691758456415,3460400,24.966781616210938,25.221352710689636,24.749925557218805,24.90078210246132,4599500,141.73779296875,143.38698309498028,141.15410005859115,141.75632716608132,5301600,43.803924560546875,44.61228904007056,43.6327408967668,43.841962553060206,6198100,117.72201538085938,118.90232884487193,115.98901982107375,116.04522284183048,2859700,192.5477752685547,194.46754021886133,189.71562093288225,190.9796332031575,993300,31.379241943359375,31.838030275021545,31.188079226968753,31.474821478491915,6681300,156.91941833496094,160.46388623976654,156.82311029807377,157.95964213212827,3709900,58.90528869628906,59.426575316852364,58.31642829333737,58.403309396764584,5500900,124.80801391601562,127.15738550343984,124.05621214015464,125.00536743870678,2594100,43.00021743774414,43.69468952880112,42.96216327764787,43.65663536870485,6740300,138.98292541503906,141.4053921037458,136.5604587263323,137.15895441883112,3027100,104.59546661376953,106.10396294781643,104.29376734696015,104.75574277577621,11727000
2024-07-10,26.412046432495117,26.568113510602924,26.219256864938572,26.43040767721949,3212400,106.4087905883789,106.50334952206181,104.47030719753467,104.76344205626694,3867700,25.108213424682617,25.221356750914943,24.900786091334208,25.14592846621078,5179800,143.7298126220703,144.0170290831517,141.10778193751722,141.2930815120099,5416600,43.6612663269043,43.89902099076848,43.41400307273879,43.841958565415695,5700700,118.23722839355469,118.34963443015582,117.03818302398157,117.6939087270687,1835300,192.34820556640625,192.59530017087204,190.78957648058093,192.0440902456567,970900,31.560842514038086,31.752005218287398,31.159400470502007,31.283656775182855,5927600,156.20669555664062,157.76703887287607,155.3013293074525,156.04295863827295,2457500,59.281768798828125,59.35899807848699,58.75083038990498,58.93424440535269,5217200,125.89812469482422,126.75329938677822,124.42271246764471,124.51669306610654,2052300,43.076316833496094,43.09534391120522,42.60065077789991,42.90507676315795,8538300,137.65298461914062,139.49596003305794,136.8740035292515,138.29898272611896,2640100,105.51941680908203,105.55713011633122,104.10520015608765,104.57660570708578,10004100
2024-07-11,27.348453521728516,27.440256258811313,26.36614777530785,26.54975675152339,4277200,107.78936767578125,108.15815255508606,105.86979324904495,106.40878708913536,5839100,25.44763946533203,25.504210224515514,25.089355592700617,25.174212630651848,3183700,143.85025024414062,145.16589560789214,142.88668396979142,143.60936220991618,8322500,44.14628601074219,44.26041086601263,43.26184196341094,43.69930969173573,6879200,120.06391143798828,120.40114387940486,117.65645087652129,118.01242242405822,2402800,196.89102172851562,197.96496012645744,191.5783794533132,192.46222947866912,1249100,32.13432312011719,32.25857940987017,31.38879267384904,31.541722089650836,8381100,158.2389678955078,159.83783134994513,155.20499258704996,155.68657690247417,2212400,59.34933853149414,59.60998180883291,58.70255992966772,59.05008061695826,5158000,128.67039489746094,129.0368963300268,124.7798357135204,125.83234970664745,1900200,43.94203186035156,44.05619433427266,42.95264915634509,43.171455121127494,6239400,139.30596923828125,140.30345760050912,136.361006358492,137.13050732064838,2137000,106.77336883544922,106.83936533199523,104.58604713025191,105.05745273217443,13082700
2024-07-12,27.513696670532227,27.678944381932837,27.017955287355186,27.513696670532227,4201800,106.98560333251953,108.36618388546167,106.71137739048267,108.17706602893186,4505900,25.551353454589844,25.626781731275454,25.409925660598322,25.53249593583045,3745400,144.156005859375,144.9435467535389,143.20169958289037,144.68412451162766,6446300,44.20335388183594,44.583762857219696,43.95609058733069,44.49817101915079,4954300,120.79457092285156,121.28168759176612,119.67046762775938,121.16928155038157,2032100,194.03988647460938,198.2976024474483,193.33659714134834,197.08111216949433,1128200,32.440185546875,32.487978957086185,32.06742028242955,32.487978957086185,6790800,159.36587524414062,159.56813241006827,156.13925471291327,159.2888199962872,2256500,59.07904815673828,59.77409326935053,58.95355241706734,59.6099865718918,5098700,130.2867431640625,130.54047929688264,127.46749741093988,129.6195153598096,1810100,44.16084289550781,44.48429601733338,43.9134980983681,44.48429601733338,6584000,140.52191162109375,140.80691028825856,137.85245357977328,140.59791223204667,2311200,106.79222106933594,107.62189952587856,106.18882247898416,107.47104628175133,11684900
2024-07-15,28.881580352783203,29.092731196418264,27.495339439716755,27.513698936142685,6388800,108.33781433105469,108.93354205778657,106.87212572774493,107.80827857395968,5118100,25.69278335571289,25.900210684021975,25.532498029816562,25.636212593147164,4697500,146.4259490966797,147.79719702475478,144.8786757654615,145.41605441768806,5661200,45.69645309448242,46.286083740878965,44.39355834059287,44.650333854632215,8391700,124.26055145263672,125.82494496196112,121.45028630743953,122.01234505397804,3532200,200.46446228027344,201.57642416713506,194.22044780952695,194.828692904869,1410700,33.67318344116211,34.1128551344769,32.478421027072656,32.83206968072798,11872900,160.56985473632812,162.44803069521305,159.9534273781098,160.67580387743382,2198800,59.851314544677734,60.41121570640263,58.94389271437573,59.44587192342395,8332400,131.63059997558594,132.4951670108,130.08939842739946,130.6908513278194,1627300,45.625892639160156,46.31085300244133,44.30354142708246,44.51283567787269,11441800,141.3104248046875,142.54540956765413,140.13243688536542,141.15842355787754,2442100,108.62127685546875,109.5169518060933,107.08449719793788,107.73503203085122,13032500
2024-07-16,29.07436752319336,29.092728769112284,28.349114068619038,28.59698563545012,4852600,108.92410278320312,109.14158761465718,106.99507018756829,107.53406405882035,4633700,25.805925369262695,25.805925369262695,25.475925974068147,25.607925012805158,5841000,146.17579650878906,146.67610674883665,144.6748375137451,145.47163836822872,6924200,45.87714385986328,46.17195733616878,45.14485902271841,45.354080670582334,6136800,123.2020492553711,124.6540226900209,122.90228072708848,123.9701810950325,2925300,198.68727111816406,200.16036917697502,197.8509285811961,199.4380825779536,1077600,34.37092208862305,34.67678095567556,33.080580221128066,33.587158286035304,12012500,161.49447631835938,161.80269732275562,157.7477510772878,159.43329611601538,2271600,59.967159271240234,60.24710987312776,59.11765932981504,59.368647111941904,5007200,131.35804748535156,132.26021237737973,129.72287989204872,130.97274714920283,1570500,46.348907470703125,46.56771344841902,45.13119974687647,45.197792712744594,8220200,141.38641357421875,141.8709012002146,138.60294714597026,140.45543138292584,2483300,109.40379333496094,109.69606245394708,107.20704189766688,107.8104403844574,13614100
2024-07-17,29.57929229736328,29.845521617222186,29.230435617002005,29.285517605628844,4858200,109.76568603515625,111.01388270799447,109.24560108214692,109.45363506335066,6484000,25.46649742126465,26.117067457264127,25.457068661513695,25.805925578890818,6408100,149.3815155029297,149.61314348696092,146.6575681487305,146.8521418757948,7296600,46.267059326171875,46.932769486843355,46.05783405976182,46.05783405976182,7723900,124.87163543701172,125.56022704448695,123.29635673296862,123.30578436832107,2413500,200.47398376464844,203.8573481550132,198.96287683216096,200.1318449778864,1485200,34.75324249267578,35.11645121231273,34.485616934061596,34.57163630979492,9098200,159.46218872070312,166.12731357112327,158.12338497425264,161.81232242164617,3218600,60.96146011352539,61.27036982312172,60.31467787734331,60.333985194504855,7923800,132.26023864746094,134.4310558739069,131.45205418304022,131.86554590987325,2074700,46.5201530456543,46.862629640893665,46.19669990372415,46.37745174252089,8453300,142.54539489746094,146.55433677176,141.86140385284642,142.64038479521363,4185200,110.91230773925781,111.42142664467426,109.88464699554798,110.06377623023039,13602800
2024-07-18,29.51502799987793,30.433069262679115,29.349778541385007,29.69863345079857,6462600,110.26686096191406,111.95949264908542,109.07539814019869,109.97372608914951,5957100,25.56078338623047,25.96621106639121,25.50421082735777,25.55135462641835,5308300,150.067138671875,152.2073789715884,148.46427698891065,149.38151475310204,6577700,46.086368560791016,46.676002808160156,45.90567630115455,46.010288945940964,4782600,124.73014068603516,127.09778706965011,123.93778747733705,124.2584998151429,2155600,199.609130859375,201.74749465047103,196.38732999419193,200.59753824377117,893900,34.8297119140625,35.44143332107428,34.695899109634304,34.75324901701444,11484300,158.46051025390625,162.05312519969658,157.98855232503698,160.8491643884061,3014600,61.521366119384766,62.515672837479656,60.92285393429004,61.16418990856151,9040800,129.40338134765625,131.64937996271496,128.69856988678728,131.44263412037267,2405600,46.348907470703125,46.938732437982694,46.21572153896688,46.39647335645972,10758700,140.388916015625,144.49286208705774,140.30342076304547,143.46687556919954,2327700,112.00596618652344,113.06191005859658,110.72374246208193,111.20457096393888,13033600
2024-07-19,29.386503219604492,29.606834693106336,28.955026149657073,29.459948211455096,4457200,108.1297836303711,110.93822782505332,108.01631580150075,110.78693498176492,7559100,25.268497467041016,25.57963935038701,25.13649842512213,25.57963935038701,4790900,147.45437622070312,150.7434965829635,146.76876640226888,150.53966281600984,6427700,45.401634216308594,46.029306411564086,45.201917532662605,46.029306411564086,4995500,121.9191665649414,124.91879563042588,121.30603918287817,124.89049832930525,3215700,195.275390625,199.17197060588447,195.15183607142262,198.62074617677297,1348100,32.879859924316406,33.67318019480425,32.21079230770456,32.736486989997736,18696900,159.07691955566406,160.73357061981153,157.96926691685707,159.53923633965377,3037100,60.942161560058594,61.82062436351682,60.189190812455294,61.357259732488885,10018700,130.12701416015625,130.87881604884356,128.23812428258637,130.2585784152194,1787000,47.2526741027832,48.460866572148184,45.9969157437201,47.07192227031244,17681000,140.91140747070312,141.8518987113381,139.29643437210134,141.30090516087222,1582400,109.43208312988281,112.08137999587144,109.24352378876705,111.80796391609914,16157700
2024-07-22,28.933120727539062,29.40500745530683,28.757319374494276,29.266215891698394,4602800,106.21021270751953,107.48677632469195,106.00217872861747,107.42058435089439,5172800,25.193069458007812,25.30621277969627,24.938500131324936,25.221355738017948,5209100,145.45314025878906,147.296890297302,145.32342912976077,146.59274618792728,5577300,44.5076789855957,45.18290146095745,44.18433244941773,45.173392869238455,5634900,119.72132110595703,121.6267543207983,119.64585683678793,121.33433927360406,2088100,194.52456665039062,195.531985750077,192.05357725004137,195.18033385141294,930500,31.914491653442383,32.6695823418425,31.895375018101515,32.33505033869074,13880800,159.78964233398438,161.51372211512236,158.07520364343057,159.01911932004268,2620900,59.08869171142578,60.3822525200162,59.01146612415619,60.36294520257524,9944100,131.66819763183594,131.91252714407733,129.0556972600268,129.70412619033695,1688600,47.03386306762695,48.061303594438996,46.834084174872736,46.93873129842334,11212800,141.56692504882812,142.18441018228415,138.81195680996746,140.12294219589552,2435400,108.67784118652344,109.30953014172918,108.02730636581435,108.59299163328774,12065900
2024-07-23,28.396467208862305,28.831342407872086,28.33169874994682,28.748068170749853,3814300,104.80125427246094,105.95489187988895,104.08259347835468,105.7657668212382,5714300,24.63678741455078,25.079930182669514,24.55193216361869,25.079930182669514,6770400,142.76622009277344,145.09177408817004,142.53459210996184,144.86014610535844,6238700,43.70882034301758,44.37453418541912,43.52812808876014,44.26041295261698,6678400,117.81590270996094,119.02330230810477,117.08014402963389,118.74974971217074,3676600,188.51815795898438,194.35351474081637,188.45162412270312,194.20144983078038,1390300,32.010074615478516,32.1056541454165,31.56084280329421,31.90493494487152,10264500,157.93075561523438,160.18456659912601,157.52622656916049,159.78966394815396,2018200,58.31642532348633,59.10800703329073,57.89167532974816,59.10800703329073,8853100,128.81137084960938,131.47084725130875,128.30389848348221,131.10434580440725,1745900,46.662841796875,47.500015115147264,46.291822834528254,46.89116311241987,10099000,139.5244598388672,141.9469273966559,139.0969689747017,141.45293054473848,1793700,106.92420959472656,108.5835519407084,106.69792975321084,108.24413937151262,11251700
2024-07-24,28.017105102539062,28.766571405567152,27.924577984494213,28.63703449918916,3846800,105.05657196044922,106.30476858359656,104.49866922796228,105.64284886464867,4808000,24.31621551513672,24.929070507298537,24.306786755460134,24.815927189531543,6239500,143.67420959472656,144.25790248831882,142.14545645091374,143.32213054267575,5971700,43.34743118286133,44.34600002538228,43.32841037479401,44.04167435200157,5279000,118.0045394897461,119.45719417453559,117.57063077039363,118.76860256215801,2209700,188.96484375,191.9110253131724,188.47064003230147,189.9152277061927,1178900,31.532167434692383,32.17255826128366,31.43658426541564,32.11520835971761,10136200,161.37889099121094,161.55225427306743,157.68995373825857,158.00780111844767,2534900,57.98820114135742,58.7701309365597,57.83374628233535,58.528794989181826,5568200,129.8450469970703,130.36191153387594,127.85278478911843,129.21541723020673,1857600,45.69248962402344,46.78652323060939,45.530764873491385,46.710414903974474,8552900,141.37692260742188,142.1179105232086,137.8334644123817,139.82844079835266,3770300,108.43270874023438,108.61183796143567,106.60365286877048,107.26361777441313,14925200
2024-07-25,28.942371368408203,29.164435382204736,27.87831220902227,27.933829536077333,3953800,104.99038696289062,105.94544880457333,104.44193503682457,104.96202000367762,5492100,24.250213623046875,24.580213010503382,24.19364286467924,24.448213974861574,5256000,145.9626922607422,146.6297820226033,143.25727895428363,143.95216294476805,5432100,44.01314926147461,44.36502883239101,43.26184716052207,43.3949892131504,4900400,119.83452606201172,120.79667037424281,118.19321767212608,118.34413902456636,2258400,189.88670349121094,192.1581204006931,187.7198293893496,188.5561573486089,1067800,32.65046310424805,32.89897205162234,31.283654778376743,31.522607231904942,10808400,165.18341064453125,166.21400807443842,159.7222465868366,161.58115488248973,2366500,58.4322624206543,58.93424166763389,57.708254528711635,57.766176485765094,5711700,133.92355346679688,134.39342771642492,128.97108920010248,129.74167551299197,2014800,45.88275146484375,46.52014592447885,45.36903120705624,45.407085365939245,9608000,149.1478271484375,150.89579820421756,137.27300014617336,139.8664583046891,4181800,110.71430969238281,111.27999492363689,108.00843919866479,108.5835545551452,17021700
2024-07-26,28.87760353088379,29.21995335000929,28.56301414237912,28.997889317931147,3493100,104.82963562011719,105.47264647904451,103.95022381620753,105.10386158202282,5198800,24.306787490844727,24.410500253720866,24.023930087045603,24.287929970921034,4015300,146.24063110351562,147.35244252713957,145.5179529712876,146.13871423166555,5232500,44.070213317871094,44.27943862418645,43.53764145990882,43.8800088237525,4327200,119.93827056884766,120.5231006217318,118.39128914401168,119.6081234104988,2214300,190.799072265625,191.33129944702125,187.91941012239786,189.62060547537448,775700,32.879859924316406,33.0041125781924,32.296815339070726,32.79383689295024,6737800,166.29103088378906,166.7244684538036,163.74826670448402,165.751658890722,1789300,58.44192123413086,58.65429439037589,57.88201999836038,58.49983951197279,5189100,133.6416778564453,134.4592546913989,132.5891494913824,134.03637061605838,1813600,46.45355224609375,46.91019125852966,45.816157796267355,46.41549808779635,8231500,151.1617889404297,152.1497826369349,147.14335165406433,149.86980721890302,3151500,110.62003326416016,111.27999818780226,109.80921510478373,110.09205413216827,11252500
2024-07-29,28.479740142822266,29.007142443925037,28.02635918635132,28.82208819994144,3323600,103.18428039550781,105.23623873390883,102.48452844921995,105.18895566221398,4629500,24.240785598754883,24.372786436751927,23.929643720768773,24.297358157190203,4152000,145.091796875,146.62053614666678,143.4796607719614,146.62053614666678,5072000,43.45204162597656,44.279430479017535,42.93849430252668,44.222368052923855,5309200,118.08000946044922,120.72120123257594,116.8443126739433,120.26842282716301,2343600,188.43263244628906,192.24366691814944,186.74095015191045,191.59741278398613,853000,32.38283920288086,32.92765053349664,32.22034963006767,32.79383773595947,4742300,165.62648010253906,167.55281731626263,163.48824461956298,166.19474605335873,1744400,58.094390869140625,58.68325118333923,57.51518605525363,58.58671459269514,6335300,131.95008850097656,133.65103096813672,131.01034001397767,132.7770574187273,2124000,45.530757904052734,46.43452418475575,45.34049074563459,45.83518390590408,9104400,149.57528686523438,152.65324660151978,147.37132697042546,151.18076546082548,2721300,109.46037292480469,110.67660016978985,108.7815477468522,110.61060367710436,8861800
2024-07-30,28.711057662963867,28.933121701481188,28.29468648773883,28.433476291211143,4077700,103.93130493164062,104.2717156224829,103.0140681989144,103.23155300735208,9794200,24.23135757446289,24.457642403222106,24.089927982930416,24.269070813413446,5195500,147.843505859375,148.32528185273827,144.94351918273262,144.96205337861556,5740900,43.90853500366211,44.041680679261745,43.29037497798301,43.39498762345836,5228300,118.99501037597656,119.61757267332933,118.0139963590341,118.0139963590341,2306500,188.25205993652344,190.49496670269494,187.5107615944735,188.6512194667266,1525100,32.784278869628906,32.956324943470364,32.27770078894319,32.27770078894319,7215400,171.7233123779297,172.8598588964516,165.6264684583006,165.876886987636,2357800,58.181278228759766,58.33573310793911,57.71791359122172,58.00751602937115,5804200,138.30279541015625,139.43049082695603,134.39343791512016,135.01367541315886,3978300,45.29292678833008,45.616379882675055,44.85531484569992,45.22633382441003,9880400,155.3037109375,156.4056982028222,149.8887935070531,150.3067896763571,2954400,111.41200256347656,111.81741168461447,109.58295364820137,109.70551651995788,12483900
2024-07-31,28.859102249145508,29.451273057385382,28.840596470185957,29.256967672734756,5897600,105.15113830566406,106.28586717952581,105.05657936977168,105.53883932152253,7554600,24.32564353942871,24.806499513834545,24.26907277724923,24.523643904585047,5312700,148.67739868164062,149.80774458120283,148.28826529387453,149.80774458120283,6209200,44.726409912109375,45.01171843467116,44.51718825750558,44.59326786976644,6693300,119.60813903808594,121.27775190893185,119.28741947330846,120.88156087381168,3197300,192.27218627929688,193.8593258319655,189.10740579342144,192.94696530552213,1245800,33.14748764038086,33.42467338659053,33.0041146968585,33.09013773374683,8096800,170.50010681152344,176.55843073676047,170.42305156120864,174.2757258962312,1852900,58.71221160888672,59.223842661807915,58.692904290333814,59.06938779587919,5683100,136.7146453857422,141.07507905205802,136.66765507992667,140.05075634664937,2273900,45.9398307800293,46.20620262297074,45.6068623473083,45.78761777991358,6599800,153.63174438476562,159.38865749920228,153.5272453399713,157.69768349844819,2725100,111.80796813964844,112.91106262538618,111.77968495672046,112.79792270059619,15137700
2024-08-01,28.757320404052734,30.91319410134725,28.43347635205232,30.348780232569613,9326100,102.49398803710938,106.55062891718342,102.04955312832227,106.33313688427639,9704600,23.948501586914062,24.551929630494808,23.77878750585548,24.47649955148916,8986000,141.4042510986328,147.77865792037358,140.85761243410985,147.04671969096407,16689900,42.852901458740234,45.11632322226566,42.339350519648626,44.8119975460295,11131100,116.12742614746094,120.74950133644565,115.63691556792078,119.90998828390454,3083400,188.38510131835938,193.6502218414348,186.14219469261755,191.35029450090673,1525000,31.7711181640625,33.09013301335556,31.59907211482864,32.92764710359297,8402800,166.80152893066406,172.85024118127532,165.64572956500834,170.80831378193773,1363300,57.322120666503906,58.86666940261093,56.733260310083516,58.75082916802657,9600100,132.4575653076172,138.27461156791583,131.62118960821658,136.79921368893994,3315700,44.389163970947266,45.97789076319197,43.99911788191263,45.93032124602986,8952100,149.61521911621094,156.47198401256614,148.54415284496946,154.0716427824862,2412500,110.26175689697266,112.65649798952617,109.70550179243092,111.58169389509132,15051500
2024-08-02,26.45340347290039,28.442728659049962,26.185074994935658,28.396465980342697,8733700,100.0165023803711,102.20085188132425,98.3238780687007,101.8604339646662,7445100,22.732219696044922,23.618501519163367,22.619076379076603,23.477073721716977,13521500,137.6333770751953,140.86689529834285,136.21581467472745,140.02378002082514,13278600,40.694087982177734,42.52955422531944,40.00935340878033,42.4534709936761,12250300,115.94819641113281,118.89123819971756,113.19381529938174,117.60837438392439,6668900,179.67958068847656,185.86658925755722,176.75239648943875,185.3248634650704,1999200,30.413867950439453,31.360121269370197,30.031544389946628,31.302771367999366,11237000,158.57608032226562,165.27009926292195,158.0367082488871,164.86557020788806,2599700,55.6713752746582,56.752562983923504,54.4936583407181,56.58845262274269,16195900,125.70076751708984,131.00094904512136,125.00536273063604,130.7002369497584,4079000,42.74335861206055,43.77079556287138,42.39136669298175,43.7422567564458,11848400,142.0699005126953,147.41568831992265,141.6778085603328,147.41568831992265,3457700,110.19577026367188,112.07196972723526,108.81926677737482,109.33781581365184,20403800
2024-08-05,25.528135299682617,25.833473561903066,24.806425877703358,25.61140953163438,15324200,98.88177490234375,99.58151959400503,96.70688358836897,98.34278110218595,8475000,21.921367645263672,22.411652428504226,21.864796877459696,22.21365204366188,8591300,134.0292205810547,135.05764939955114,132.8710806565069,134.82602141464156,13037200,39.44825744628906,40.09495048867484,38.86813542639754,39.41021582547846,12221600,116.1368637084961,117.39142309678024,112.98629859412681,113.75035458801955,5001600,175.9921112060547,177.6077756904751,170.69847959482422,174.99421955612527,2421900,29.51540756225586,29.71612858008407,28.970596235820558,29.63010554716664,9560200,156.08145141601562,156.71714612494452,151.69903199675258,153.28825407229053,2702300,54.2330207824707,54.72534455286034,53.13252932189818,53.576586633621346,13395800,123.70850372314453,124.93957208083208,120.62612949736294,123.0600749022128,2323700,41.63981246948242,42.1440173940465,41.21171223681269,41.363925249645874,13010800,141.19009399414062,141.90732896388712,135.26095449600626,138.1298943749922,2684900,108.20643615722656,109.39438026021377,106.77336632601732,108.93240479524925,18025900
2024-08-06,25.084007263183594,26.09254917129207,25.084007263183594,25.407849537964083,6236600,100.04488372802734,100.65952041916142,98.44681101655627,98.88178789362264,8424900,22.16651153564453,22.430511467166916,21.855369594156766,22.00622618406887,8154200,132.7042999267578,134.4276126840212,132.6023830488436,133.87171400785726,9692700,39.923763275146484,40.351722401614666,39.30560331722428,39.505316366959995,8326700,115.33506774902344,117.23106626805969,115.23131336725446,115.52372843557914,3807700,180.287841796875,185.1728149740217,177.7218078986797,182.8348784563116,1953100,29.563199996948242,29.945523585846967,29.333805843609007,29.505851914379104,7760500,164.59588623046875,167.23497356170208,157.97892245990792,159.25029740637973,2467900,54.184749603271484,54.667421512875734,54.08821301185397,54.51296664910215,8999100,125.06175994873047,126.92245837802083,123.97164800452911,124.046829622001,2082800,41.287818908691406,42.02034150872563,41.22122594505193,41.6683496110535,8364000,142.3472442626953,145.2161842376867,141.34311235301166,141.7352043183845,2457000,107.63131713867188,109.01724339430027,107.13162122040407,107.9047260239784,13647800
2024-08-07,25.000734329223633,25.95375895558802,24.98222855118732,25.62066377497505,6786800,101.1134033203125,102.5412669187363,100.65005953013184,101.41599621391387,7735400,22.091079711914062,22.75107673776512,22.072222191599202,22.534220649200577,5046000,131.94456481933594,135.02057701659788,131.82411374675692,133.9550939724675,8867900,41.05547332763672,42.27277966504665,41.02694392908394,41.388332031428156,11873900,116.1368637084961,118.2686755032261,115.95763785445433,117.07071072288382,2726800,181.8844757080078,186.90250154774682,181.62786799412697,184.00382774785598,1454900,29.381591796875,30.079332483979538,29.314685405380377,30.0411010415808,8365200,163.1125946044922,166.89783983047403,162.36132433526242,166.52220469585916,1753400,54.165443420410156,55.21766835270405,54.117176964936846,55.20801285211269,9895000,124.892578125,127.68363250064525,124.81741085875154,126.48075548871886,2146800,40.77410125732422,42.258177260811664,40.72653537011787,41.84910772760147,9259000,141.79257202148438,144.61369323746644,141.42916831094226,144.03989944105072,2148900,109.06439208984375,110.42204242236053,108.66841314055239,108.84754236442528,13660700
2024-08-08,26.323867797851562,26.342371811319286,25.13952446031788,25.16728312773169,4667100,102.3805160522461,102.73039204107336,101.10395241748483,101.40654533249776,5392900,22.619077682495117,22.675648445063146,22.138221704786584,22.18536550555337,5956800,133.87171936035156,134.17747000631886,132.2225291881284,132.55607406214264,7531100,42.90045166015625,42.995552073525275,41.4644114744857,41.62608653063091,8819700,119.59870910644531,119.7402028262148,116.43871628271802,116.43871628271802,2667200,187.69131469726562,189.27845401142307,181.52331819353063,181.52331819353063,1319600,29.849939346313477,29.897730929718456,29.400709400681656,29.43894084434314,6142400,167.73582458496094,168.43894832334368,163.46899426385747,163.7386803262989,2373100,56.5015754699707,57.25454619183106,55.121133442803774,55.507272463372914,13799500,127.26075744628906,127.66485681271398,125.0335577871884,125.0335577871884,2546700,41.5637092590332,41.62079050675579,40.82167118386428,40.8882641583515,6697400,144.98666381835938,145.75171739696185,142.3663600541055,142.4906854558811,2042100,111.14800262451172,111.35542222229529,109.11153434089066,109.44151679505634,13851000
2024-08-09,26.203580856323242,26.536677791468932,25.88898969864299,26.323866645040553,4063900,102.7020263671875,103.16537019595025,101.26470459210924,102.38051733287358,5776200,22.722793579101562,22.883078914409232,22.449364913666976,22.58136576520708,6221100,134.33497619628906,135.37266508315815,132.66725181564178,133.6122979875837,7653100,42.71976089477539,42.97653639493821,42.13013028024335,42.805352728162994,6233400,119.35343933105469,119.94771144268402,118.19320680232167,119.60812943508688,3070700,189.8582000732422,191.70194720136828,185.85707738266578,187.3111636225368,1289100,29.63010597229004,30.012429555707058,29.62054765482178,29.83082516993548,4846600,169.3539581298828,169.91259775218157,166.9556627215846,167.30240404932906,2321900,56.3857307434082,56.617414873785656,55.767911305727424,56.607759373668834,7596900,127.25135803222656,128.51061768175944,126.52774761415307,127.38292225920125,2056900,41.43051528930664,41.677863685840755,41.21170932563061,41.36392232771151,5418000,144.47982788085938,145.3022579752141,142.9688509822921,144.95798457310784,1568100,112.0531005859375,112.4867928395649,110.64831402602725,111.14800277057451,12151900
2024-08-12,27.00856590270996,27.101093029938685,26.26835064968834,26.26835064968834,4282800,104.79740142822266,104.98789456866265,103.13062459886676,103.29253831831304,5906900,22.94907569885254,23.015075217560298,22.69450458524946,22.901933699304713,6017400,134.36276245117188,135.95636408283963,129.4244522264334,135.12249487327398,8442200,43.109676361083984,43.25232697927818,42.77681766293451,42.90995969105503,4920600,121.46640014648438,121.52299475095873,119.73075791035862,119.98544082716214,2931800,191.3027801513672,192.80438854227887,189.66813308837206,190.7325584787061,1114700,29.993310928344727,30.289613280989663,29.80215006086617,29.859498138803485,5072700,169.8836669921875,171.79073653244907,168.6893327454619,170.57714949715265,2970500,56.935977935791016,57.06147366321193,56.289199345418645,56.8104822083701,6594400,127.69304656982422,129.29061634962858,127.42991810441767,128.19111218930277,1576600,41.76348876953125,41.98229475962949,41.382954403854946,41.706407525966405,6599200,144.87191772460938,146.8801670469938,143.9729808217489,145.4456969914975,1610400,112.19452667236328,113.297613989778,111.27056858187176,112.71307568127355,13228900
2024-08-13,26.758745193481445,26.999315036377084,26.370132641851303,26.60144959485,3913300,103.18775939941406,104.178301838717,102.73059043762478,103.8068493322996,5866800,22.571935653686523,22.73222097940194,22.364506527259444,22.73222097940194,7101500,133.5566864013672,133.9272996484749,132.53753178108315,133.49183791902948,7794800,42.45347213745117,42.83388105022046,42.16816726679833,42.56759336014266,6873000,119.19308471679688,120.55141276492819,118.85350270476405,120.15522895311072,2975900,186.40829467773438,189.3544905227692,185.8665834040155,188.90780893655347,1783000,29.716129302978516,29.88817537299868,29.496293468202822,29.697012667851237,6076200,169.27688598632812,169.4117290060702,166.75338888967443,168.0536577164475,2087300,55.468658447265625,55.94167856864614,54.99564200837977,55.87410479166245,22503600,126.54655456542969,127.25136604131693,125.92631702518663,126.60293718919247,2463300,41.63981246948242,41.83007964278502,41.27830520311193,41.47808410200964,5253400,141.09446716308594,143.98253760529306,140.84583094188045,143.44700445673732,2530900,111.1197280883789,111.73255680413195,110.78031548251809,111.51570706419032,11585100
2024-08-14,26.786502838134766,27.03632379655917,26.629207245522544,26.971555334567352,3807700,104.13068389892578,104.61642501199725,103.08299715713824,103.3496802623311,6388000,22.571935653686523,22.685077178690282,22.421079088113437,22.6285064161884,4840300,134.03848266601562,134.56660126568252,132.88960275376778,133.77906044993554,5874200,42.310821533203125,42.64367661112501,42.006492226155345,42.605634994263006,5709600,119.36288452148438,119.89112004728747,118.74031505464275,119.42891396220976,2025700,186.70291137695312,187.15909158144382,185.47692254560093,186.41779331100625,1066700,29.505849838256836,29.955079795720803,29.467616570525834,29.8690567663886,8870900,172.45535278320312,173.0043512811193,169.37321598784794,170.11484527982617,2968900,54.96668243408203,55.73896052949528,54.6770799895495,55.73896052949528,18222200,129.40338134765625,129.80748070838925,126.82847932118088,127.11979909736523,2134400,41.649322509765625,41.92520971843858,41.38295065534724,41.85861675483398,6305300,141.36224365234375,142.79671364944932,140.6736968863584,141.79258173303873,2672600,112.14738464355469,113.04305956171144,110.90287419964741,111.3459965958932,12194500
2024-08-15,27.276891708374023,27.434187289903516,26.91603786566852,26.91603786566852,5336300,105.94034576416016,106.07368733836233,104.46405470704502,104.46405470704502,6307000,23.00948715209961,23.20923792222974,22.590959396341123,22.590959396341123,4806500,136.011962890625,136.6790526540833,134.78896027846773,134.89087716281418,6304200,43.21428680419922,43.31889943773868,42.54857664139958,42.54857664139958,5403700,120.85325622558594,121.13624363632836,119.29684705650904,119.39117379453357,2037700,189.0786895751953,190.271377598034,187.05881777514367,187.35698611172143,1220000,29.897733688354492,30.308730405184612,29.783035700661962,29.907292005917423,10671800,174.09271240234375,175.29667306902664,172.40716746898772,173.87118775477404,2391300,55.80652618408203,55.92236640852774,55.1693994258891,55.24662501468813,10305800,130.32432556152344,131.59299187416119,129.72288704680764,130.3901148447296,1935000,42.847999572753906,42.92410425528117,42.18206636268115,42.305740554462496,7940000,142.77757263183594,144.33635332290174,142.03164945643456,142.48111785599465,1917700,112.84117126464844,113.69652679854012,112.26142577995161,112.38497536238337,11579400
2024-08-16,27.06407928466797,27.175112181325726,26.758741024869163,26.777246801780127,3230100,105.89270782470703,106.08319368860262,104.63548222991436,105.07360553013015,3819100,22.8572940826416,22.980949054061977,22.752661696947452,22.847781882645165,3423700,136.4474334716797,136.77170420649392,134.9372143071946,135.31708764043165,6874400,42.88143539428711,43.19526969392753,42.62465989757298,42.76731416058592,4917900,120.79666137695312,121.1456710266025,120.08920004820163,120.37218745836975,2339800,187.38583374023438,188.7131640786434,186.10658370112796,186.49131415470498,1163700,29.993310928344727,30.079333956781962,29.54408097555446,29.630104003991697,6481400,173.39926147460938,175.64344632979382,172.6576174537109,173.04289375531513,2452400,55.613460540771484,55.84514100571177,55.275587979199564,55.43004284999128,8914700,130.54986572265625,131.5272122363299,129.33759641292764,129.66649979894441,1644500,42.60065460205078,42.84800300542926,42.38184863232017,42.40087571173731,6013000,143.27487182617188,144.44156067797994,141.20923150643097,142.0029733309291,2005500,112.3089599609375,112.60358939975397,111.82426034567096,112.13788737584665,10056000
2024-08-19,27.128849029541016,27.64699845403969,27.008565003514004,27.119596140645385,4001800,106.42608642578125,107.38805686336562,105.83557581913344,105.93081876215044,4335600,23.304357528686523,23.39947771818757,22.971437772566233,23.01899877445011,5094500,137.5623016357422,138.40548920173407,136.68163080709337,136.794052003712,5967400,42.97653579711914,43.30939453470683,42.84339375322351,43.043106819066956,5064500,120.96647644042969,122.44742154382479,120.59858987726841,120.80612024409643,1985300,188.36692810058594,190.93504167556108,187.79944546252815,188.21303002623964,1189700,30.442541122436523,30.757958269296818,30.06021758428199,30.06021758428199,6224100,172.31085205078125,173.7941398852935,171.44400621268994,173.7941398852935,2076600,55.40108871459961,56.18301863998548,55.32386311347843,55.9030680106195,11056500,130.94454956054688,131.8561067319002,130.20215457183403,130.6250385192995,1833900,43.15243148803711,43.551989291534525,42.81946302274472,42.94313723151301,8046500,141.74476623535156,143.97297809711654,141.33354390595582,143.43744495461544,2637900,112.65109252929688,114.52338470918187,112.30894739738955,112.52754294038132,12417500
2024-08-20,26.212833404541016,27.05482685539207,26.05553782774422,26.990058399912456,4312200,104.62596130371094,106.49275048182508,103.67351740059738,106.26416597971752,6783300,22.88582992553711,23.23777408459613,22.686079159184732,23.19021308241695,5033700,135.55738830566406,137.26250522434398,135.435589134445,137.09387341405053,7497600,41.88286209106445,42.79583912164259,41.654616019495805,42.78633053142433,6267700,118.14604187011719,121.26830223057709,117.58007424660009,121.01361212215969,2867300,182.50929260253906,188.22262932790616,182.3265405014913,188.22262932790616,1114600,29.706571578979492,30.356522601792218,29.677896625715622,30.28005788281794,6250100,165.28936767578125,171.85817003018624,165.23157990999383,171.79075586902985,2701000,54.223365783691406,55.38177921489477,54.204062146041736,55.372127396069935,14461100,125.44867706298828,131.08671051813582,125.28759204527063,130.94458093154893,3026500,41.88715362548828,43.13340005505763,41.86812654690201,43.019241212584184,7409000,135.0888214111328,141.48656019204034,134.98362635673135,141.48656019204034,4084300,108.89701080322266,112.76514480264333,108.83048298508966,112.76514480264333,15632000
2024-08-21,25.9630126953125,26.58294216137658,25.944508681478013,26.499667922292733,3738100,104.40689086914062,105.90222732868297,103.72113017773303,105.54029403790149,4011900,22.762176513671875,23.190214677118664,22.609984924766323,23.190214677118664,3810700,136.1476287841797,137.38430495170306,135.42622601397923,136.25067202710233,5985000,41.69266128540039,42.45347554414248,41.47392741275257,42.32984209339421,5366600,117.891357421875,119.66472453822774,117.84419045525132,119.07045962078024,2668800,183.8270263671875,185.61605101127265,182.61511212823714,184.61574294243658,1105500,29.830825805664062,30.194034584947605,29.58231683844398,30.0411051483217,6201800,166.43621826171875,168.87513189860067,165.49743048630967,166.03940801277676,2088100,54.07856750488281,54.75430899368611,53.81792420138033,54.61916143242442,13709700,126.86056518554688,128.30085991453961,125.97931833834289,126.41520651866838,3332300,42.04888153076172,42.50552052483247,41.96326149255819,42.37233460519235,5529900,137.5847930908203,139.06708165969482,135.3374655374019,136.0164398250121,2696200,108.20320892333984,109.83790065743278,108.11767626913144,109.30567813972364,11752400
2024-08-22,25.833477020263672,26.240595345995064,25.79646546119342,26.037035300725233,3957100,104.74024963378906,105.26408938277804,104.20688341181634,104.38784279908863,3644500,22.69559097290039,22.885829535575372,22.619495184977062,22.790709347104535,4181200,136.53172302246094,137.0938575832149,135.96960275738266,136.1757178099474,4027000,41.53098678588867,41.92090795344529,41.4073569612888,41.797274500996814,4173600,118.11774444580078,119.25911452443135,117.86305433764781,117.91022130483726,2216200,184.41372680664062,186.0584809817607,183.50959413418488,184.19250753886703,893400,29.773475646972656,29.935963389942334,29.658779489030863,29.89773194498259,4860200,166.25234985351562,167.59762093551691,165.5361567401305,166.47494462841001,2178700,54.15578842163086,54.55157925217061,53.97237441613496,54.11717746639114,8677000,126.17831420898438,127.76075298860698,125.89404056609379,126.92688749179676,1813500,41.9727783203125,42.277204353372035,41.83959238447952,42.09645253031936,7164300,137.16400146484375,138.6080438010398,136.6571566133337,137.79517170746524,1176800,109.03956604003906,109.3056772968416,108.00362464635731,108.13668027475856,10609500
2024-08-23,26.342370986938477,26.434898110614075,25.935254466458805,25.972264257044188,3948500,106.10224151611328,106.18795797076,105.02597536397408,105.55934883697539,4024200,22.980953216552734,23.095097822918085,22.733641414650283,22.866810424454354,3571400,138.30242919921875,138.74276460566716,137.08449480249843,137.2812318930621,4824100,42.51053237915039,42.57710339128833,41.79726842523125,41.84481862992291,4314300,119.70245361328125,120.05146324937054,118.38185774492055,119.08931904618501,1995800,187.7705535888672,188.4342260588517,185.56793003843964,185.7122149577766,755500,30.356523513793945,30.53812791046232,29.97419990743639,30.04110631066612,5391700,169.6687469482422,169.88166881216102,167.0943387883368,167.52987018039497,1996000,55.25628662109375,55.27559025855595,54.435742094149724,54.71569270978338,12116800,128.27243041992188,128.36719311784228,126.44362891187131,127.13535033866559,1911900,42.92410659790039,43.09534667923736,42.22963454760902,42.33428166720875,6244500,139.4974365234375,139.90865888968978,137.17360187348163,138.0725388398989,1524000,110.55071258544922,110.93087467139486,109.32469366504361,109.32469366504361,10381400
2024-08-26,26.81425666809082,26.934542453550804,26.360875721313402,26.832762445055128,4352800,108.1595230102539,109.55961665479369,107.5690124644159,107.64520245104113,6253900,23.018999099731445,23.418502449867834,22.96192589666429,23.228262068177465,3300600,139.12689208984375,140.61653012974244,138.23685759217526,139.56722750475862,5780300,42.92898178100586,43.78490002712336,42.80534833926705,43.27134907945286,5334100,122.6832275390625,123.73969854001459,121.53242260159489,122.15499203858647,2270000,189.75196838378906,191.65640922430399,187.01071599432152,190.10784481430983,1127100,30.461660385131836,31.016030019085107,30.270497688018605,30.882217224943396,4848700,167.6266326904297,171.85602147249816,167.25887066817407,171.01400696730008,1903200,55.381778717041016,56.44365922047117,55.24663115973957,56.1250939646937,11299600,128.13978576660156,129.76013554769506,127.17327554087075,128.96418084694287,1923600,43.38075256347656,43.913499971872454,43.038275974912935,43.76128694505146,6222100,136.83888244628906,140.92234479612847,136.41810221079663,140.20510973804397,2752200,112.91719818115234,113.04075501490968,111.12093995348981,111.91928097188865,13671000
2024-08-27,26.305360794067383,26.740235974441653,26.083296759526817,26.656961740887933,4577900,107.08326721191406,108.25477639793696,106.7308603554359,108.25477639793696,3521700,23.02850914001465,23.142653730167407,22.809733974344137,23.009486553544782,5989700,137.67474365234375,140.11064144907607,137.4780065285094,139.28618109405684,5100000,42.462989807128906,43.043108213199666,42.40592737453317,42.85290736024465,3767300,121.26829528808594,123.42841848123749,121.06077215878744,123.0888364872342,2150800,187.28005981445312,190.3483201491457,186.48173005631975,189.62693942901018,876600,30.222707748413086,30.528566603554353,29.888173941953863,30.43298525555706,5710500,164.42315673828125,167.3362934759167,164.32636870312786,167.1911261909674,1657100,54.87014389038086,55.46865603874599,54.58054147552641,55.35281580930311,8436300,127.33434295654297,128.4335121469505,127.05953981487309,127.90287575321776,1505300,42.847999572753906,43.32366563294244,42.600651189191204,43.23804559694674,5199400,134.7732391357422,136.51373651091794,134.3142127940565,136.51373651091794,2030300,111.84325408935547,113.48745195240096,111.57714281695235,113.05976690662021,9991600
2024-08-28,26.43489646911621,26.555182251867663,25.925999967712944,25.953756867726366,3879300,106.81657409667969,106.864191926949,105.37838191766677,106.71180469688984,4506400,22.876319885253906,22.999976688329642,22.648032496037427,22.942905294592247,3227600,136.78469848632812,137.8527428204902,136.29751610536803,137.1969286320884,5614400,42.40591812133789,42.67220215964931,42.08257166288206,42.120613276311666,3651200,121.41922760009766,121.92859341030352,119.95713801388378,120.35331462034105,1726100,187.1453857421875,188.01103665745177,185.7218506827602,186.0681139841713,698700,29.63010597229004,29.897733392213276,29.45805990398672,29.840383487403738,6303400,164.4618682861328,166.4168714692892,162.67140772149034,163.5618015554573,2143100,54.81222152709961,54.94736907419443,54.29093865723308,54.58054106993548,7284400,127.89341735839844,129.3905784444066,126.50048946378195,126.81318903795695,2070900,41.611270904541016,42.01082867584303,41.39246131087268,41.82056151515644,9866400,134.88800048828125,136.50417237916702,133.32920506345567,133.94124502173713,2139700,110.74079132080078,111.74822194819397,110.4936921253359,111.19698727956225,10742900
2024-08-29,27.147357940673828,27.267641980583996,26.259099917059753,26.60144978647967,4703300,108.9310073852539,109.6643859635367,106.74038359054892,107.6071109950895,5270200,23.237775802612305,23.35191858774769,22.771688832397945,22.95241521124012,4207600,138.11508178710938,138.82710664651214,136.26006024835053,137.21568346951415,4466700,42.79583740234375,43.1191838744976,42.329836687709516,42.73877497978198,4365500,122.60775756835938,123.13599304427721,121.777679417633,122.0323551263766,3152000,189.28065490722656,191.05045323000016,187.00109678327297,189.56921009828406,1054700,29.993310928344727,30.15579866838589,29.467616263950532,29.983754434573946,5204400,165.46839904785156,166.0103765809253,161.89713629940033,163.9489126082596,2338700,55.22732162475586,55.57484600530405,54.45504726936798,55.02460029693428,9452000,129.34320068359375,129.58009299253806,126.89847032023738,128.3956314478165,1594200,42.02985763549805,42.25817533530294,41.29733139295558,42.08693887497147,8000800,135.6147918701172,136.45635227546163,133.13794383151347,135.7869358585665,2275000,112.27092742919922,112.89819590439207,110.57921390663144,111.38705373751078,10753900
2024-08-30,26.360876083374023,26.786500135358853,26.231339172460753,26.74023569231265,6069000,108.37858581542969,108.61669677628618,107.06421592746699,107.74045018431104,5559500,23.14265251159668,23.190211696667195,22.866805972507777,23.14265251159668,4884800,138.61160278320312,138.73340194202694,136.50361959499588,136.99080193461526,6414800,42.58662033081055,42.6436827643373,42.20621499084521,42.358377852401105,5832500,121.51356506347656,121.97576392110696,120.36275295079561,121.14567135392768,2820200,187.66476440429688,188.1360716932302,185.40443258949844,186.83758070574578,1811900,29.716129302978516,29.88817537299868,29.39115379806546,29.706570985414878,11287300,171.42050170898438,171.7689179631807,164.49091251429397,164.85867456143725,3460900,55.00529479980469,55.13079053749187,54.41643443353569,55.06321675931294,9622300,132.95343017578125,133.46512563313178,128.5282838121616,128.54723924433412,3981500,41.8491096496582,41.89667553904916,41.27830808983247,41.68738127087526,10174700,140.31985473632812,140.63543989508668,134.6297931826615,134.88800187477008,3359500,112.09036254882812,112.16638916304112,110.52219852124325,110.99739930226967,13284700
2024-09-03,24.74165916442871,25.861234047918366,24.676890704975488,25.814969602017378,6062100,104.62596130371094,106.58800068539269,104.01639778704389,106.57847421172187,6369900,22.75266456604004,22.838272562536417,22.353161187145908,22.790711556556836,6301200,135.52926635742188,136.5692052801985,135.17324685184997,136.36309022914904,7944700,40.91282653808594,41.9209077062432,40.713113473818964,41.806782845648996,6389000,116.61792755126953,120.05147276310485,116.56133294561734,119.825087143827,3830700,180.325927734375,184.1251963522113,179.2871378016998,184.1251963522113,1414100,28.530925750732422,29.324247891226314,28.464019349724687,29.171318453762144,11025300,168.22671508789062,169.9978151726638,167.23953317038183,168.91385998028198,3523700,53.48005294799805,54.281286461336364,53.364209029869016,54.27163464273963,15361100,127.92182159423828,131.427824183218,126.30147215885852,130.83086551439914,2845500,40.231842041015625,41.08803889534676,39.95595481536739,41.05950008891576,12685000,135.1940155029297,138.30203393371693,134.52459906704306,138.19683888006446,3236300,109.74286651611328,110.33211082776874,108.38379202966762,110.09451044378166,15725100
2024-09-04,23.95517921447754,24.945215330863036,23.92742231408304,24.639877072867435,6476700,103.39730834960938,105.90224047879784,103.2830197312296,105.0831381364145,6251500,22.334136962890625,22.97143993396517,22.229506377434753,22.781201351330115,6350900,133.102783203125,136.3443857144766,132.7280219648003,135.51056161576344,9820700,40.17103576660156,41.34078845695876,40.037890087015164,41.08401294524394,6316400,115.81613159179688,118.21206808960373,115.50484688849869,116.95750164055491,2732400,177.248046875,182.02839751083343,177.1999518927959,181.1723596631012,1098600,28.280990600585938,29.04040441658987,28.079119898328624,28.7424067293102,9277600,166.22329711914062,171.0914367499993,165.72971360566802,168.53638928018924,2471300,52.73673629760742,53.82757221203879,52.69812165926615,53.48005151445116,10359500,125.3539047241211,129.16313639798383,124.6621833580082,127.92182324141264,1984300,39.566341400146484,40.59092933664569,39.51846417609287,40.25578511547232,10048600,133.53005981445312,136.4563768146855,132.53548559433824,135.20360845374032,2558300,108.40279388427734,110.38913681021462,108.32676727424654,109.57179093173166,12620600
2024-09-05,24.029203414916992,24.353047488232384,23.77012956811126,24.334541709229626,15356200,102.34009552001953,104.18783903608703,102.18770827259365,104.02592531489378,5582400,22.34364891052246,22.60998510030841,22.229506125090527,22.514864902937223,7267700,132.03469848632812,134.1333181220933,131.72554018193608,134.1333181220933,9371100,40.01887130737305,40.64654354613656,39.87621704171597,40.560951712312054,5320900,114.6559066772461,116.78771838239703,114.16539610679663,116.65565950496888,3124900,176.98831176757812,179.21978936042507,175.91105482014865,178.80619020462794,1312600,27.94454002380371,28.598213774875905,27.867637337413136,28.588600709889,7792600,163.03919982910156,167.2976080894919,162.6810958683784,167.10404676270736,2879200,51.87758255004883,53.151836197155085,51.74243131142083,53.14218069600573,14145200,122.1321792602539,126.09302556944573,121.92371290404608,126.08354062495465,3864500,39.470584869384766,40.02596721413861,39.221617472965775,39.920635135099644,10621900,129.59957885742188,134.83061362869782,129.3222398365983,133.74997496058725,3299700,107.55695343017578,109.56230149995687,107.4619147149849,109.36271802275927,17200800
2024-09-06,23.353755950927734,24.390056525471373,23.224219040912793,24.010696919163586,5689800,100.97809600830078,103.45445588621008,100.69236720693667,102.60678142232746,5229900,21.80146598815918,22.400720143058937,21.677811002447655,22.36267315294264,6738400,129.81427001953125,133.1402014777515,129.16781963831664,132.16585122051038,7836400,39.31510925292969,40.30416947223752,39.06784601202676,40.03788179605583,6226400,113.52396392822266,115.51428911488716,113.12778729684928,115.08038034766837,3144100,172.87167358398438,178.3060838752839,171.9867816519728,176.63247530243,1505600,27.48312759399414,28.25215456111162,27.329322200570644,27.934930707987544,9271200,160.65835571289062,164.62642944182818,159.4969729624986,163.5134259482077,2242400,50.226844787597656,52.25406930208389,49.995164300653194,51.858278427933406,17188000,121.42150115966797,123.35453571825796,120.59711345866758,122.15113339867919,4244600,38.89604568481445,39.86318232355384,38.65665593402914,39.451431659979285,9864100,128.3276824951172,131.01492050056194,126.88364009074907,130.1446719060621,3462000,107.05323791503906,108.51685728020817,106.18837621120531,107.95611655379798,13467700
2024-09-09,23.05767250061035,23.464790806522615,22.928135579787075,23.409273470619905,7208100,100.57806396484375,101.59717854158087,100.52091966206751,101.00666803537422,6477000,21.687318801879883,21.839510372721616,21.639759616341827,21.782438987222623,5286800,131.44447326660156,133.0559105406965,129.7955527280802,129.88924659346955,9892300,39.37217712402344,39.80013265297158,39.25805226364527,39.46727754649001,7694700,113.66546630859375,114.67477763027215,113.64660383756679,114.00504836043598,4999300,172.37152099609375,173.93931174535345,171.98677581488892,173.63153027691757,1442900,27.569639205932617,27.92531343710766,27.444671196651388,27.4927365207998,8090300,157.99684143066406,162.3133313145879,157.44517615152833,161.83909351854751,3642700,50.371646881103516,50.94119995071142,50.255806639868226,50.34268774141841,11129100,121.26042175292969,122.54911633777269,121.03300718777464,121.60154721535157,4074600,38.6949577331543,39.4227009412721,38.63750288009332,39.06840514605669,11082500,128.2989959716797,130.01079036000786,127.8017089693198,128.96841236398168,2931000,109.3056869506836,110.38914416392043,107.07224470413358,107.27182816436262,21645300
2024-09-10,22.067636489868164,23.02066115582126,21.651265290795703,22.974398473616855,10400700,99.05416107177734,100.71141134737711,98.33030170622862,100.53045195591739,5611500,21.51610565185547,21.782440006153674,21.25928168369644,21.753905219202707,5947000,129.505126953125,132.17524497136233,128.43708260496552,132.0065988660333,8202500,38.259483337402344,39.40070654687196,38.13584988584892,39.37217714568601,7926400,112.22224426269531,113.9578794342052,111.2695275671005,113.59943491748106,3928900,164.94610595703125,172.37151909219654,162.47416772837553,172.00601484322107,3135100,27.213966369628906,27.704221733073553,26.877516394695732,27.598479840907594,7294300,158.27748107910156,159.5937185727394,155.01592818503931,158.69365189677268,2800400,49.81906509399414,50.71094365507709,49.29557139714673,50.69155458873982,13685500,120.22756958007812,121.07090553421963,118.57880130482579,120.97615006633227,4468900,37.90976333618164,38.76199031523895,37.459709409030864,38.76199031523895,10782700,130.14468383789062,130.27856712684346,126.49157432950145,128.9397342373153,3028600,105.32350158691406,109.67634251318675,104.70573911686417,109.39121914209032,20913400
2024-09-11,21.845571517944336,22.22493114341849,21.02208204390814,22.160162685138726,10967200,97.69217681884766,99.09227060459521,96.48257618530054,98.86368608852544,6803100,21.734882354736328,21.801465948017388,21.211722181032428,21.516107172736604,6565300,129.17723083496094,129.7393511794879,126.82564902897157,129.48640345750576,9534000,37.97418212890625,38.28801645596761,37.108755139705224,38.27850786393196,10260800,111.21292114257812,112.20336267435133,109.2131612169947,111.86378066440946,3419100,162.07017517089844,165.84058935434393,161.43535671907944,165.84058935434393,2580700,26.887126922607422,27.29086648771454,26.464163060879727,27.29086648771454,11045200,153.50611877441406,158.32586414170456,152.16084791770484,157.92905391150776,3379400,49.11138153076172,49.935396522646066,48.38430817389212,49.935396522646066,16988500,118.44613647460938,120.57816693115234,117.2806233107727,119.76325693385675,4052700,37.89060592651367,38.08211843983149,37.019227461075126,37.8810319446066,15568300,127.09403991699219,130.20205834212436,124.67456827957172,130.20205834212436,4960900,104.27806091308594,105.44705077794343,102.42477351001189,105.28548425206695,19571900
2024-09-12,21.92884635925293,22.25268865958636,21.57724362630781,22.039877500850626,6513100,98.0064697265625,98.7493747374112,97.29213686742803,97.83502954970744,6775900,21.668298721313477,21.772929304446944,21.316354539136782,21.668298721313477,9582300,130.42327880859375,130.6668628501021,128.74625293211375,129.50512465342536,6591500,38.050254821777344,38.46870535214643,37.4511156806824,37.993196024253024,8037000,111.5147705078125,111.92981678398952,109.9677890014583,110.83560649103872,4709200,164.34011840820312,171.17880703054638,161.52191725413448,163.48408068986313,2673900,26.935192108154297,27.108223611374445,26.473775988570353,26.98325559971337,14506700,156.29344177246094,156.67089142769606,153.4770787007488,153.50611215363006,2370200,49.431297302246094,49.90631650766193,48.94658171413972,49.34404834846349,11892300,119.1283950805664,119.91487921266483,118.20925184538861,118.92940642594733,3041000,38.11084747314453,38.51302415263842,37.6990968108807,38.06297025369942,15404400,128.2607421875,128.45201653177634,126.34811548220624,126.97928579707728,2507200,105.71316528320312,105.80820398592535,104.31607387512297,104.44912950913172,15919500
2024-09-13,22.150911331176758,22.659807908476797,21.95660417806392,22.18792112498362,6081100,98.57794952392578,99.40657838226626,98.14935265001526,98.40650932104742,5441600,21.668298721313477,22.020241089223326,21.52561751967056,21.858537299725956,6708100,131.7349090576172,132.59683832717914,130.89172142095453,131.04161159711688,5900700,37.93486785888672,38.5502871695725,37.848324289059754,38.252191836126634,8673500,112.59954833984375,113.24098023623316,111.77889060284487,111.88265217407468,4428300,165.84060668945312,167.88933250878063,164.6960136669467,164.6960136669467,1464800,26.791000366210938,27.338932248985714,26.598742728901847,26.935192677440398,9063900,158.31619262695312,160.474429753781,156.75799991448955,157.49353870525158,2563100,49.48945999145508,50.22622974417807,49.39251835466403,49.63487614472805,12359200,120.0570068359375,121.19409413862576,119.5074222304859,120.0570068359375,2614600,38.26405334472656,38.7811360352006,37.83315110266486,38.40768864301292,17481700,128.3946075439453,130.35505256154832,128.23203604775915,129.10228457926894,2130200,105.63713836669922,106.89166817769235,105.42804885636892,105.94126658600094,10035400
2024-09-16,22.613542556762695,22.807847922140493,22.234182949761056,22.234182949761056,6050200,100.53045654296875,100.66379810763165,99.48276243980277,99.96851086340061,9325300,21.80146598815918,21.972681979349638,21.563666403565065,21.83000259144654,5938600,133.12149047851562,134.13332422596423,132.16588163010084,132.74674359235422,6864300,38.11756896972656,38.63683038391075,37.87717057444001,38.223344850562796,7139000,114.76908111572266,114.85398020980946,113.39189071647523,114.35404206722895,4484600,168.13938903808594,169.51482902319134,165.28272066862377,167.36030033305553,1638300,27.31009292602539,27.367769483547356,26.915966421533312,27.098610992775036,10182100,155.8289031982422,160.74543720597862,153.93198170800648,159.52598767654138,2151900,49.72212600708008,50.32317230197489,49.42160101058944,49.663958805089045,9625500,120.6634521484375,122.0089986070282,119.18524658713385,120.32233390530341,2908800,38.68539047241211,39.41313380697749,38.33109096283853,39.06841193431034,24556100,127.90692138671875,131.110577217204,127.35225784571789,129.58046989084406,2244500,107.11975860595703,107.48090858721604,106.15035220837316,106.49249734892946,11729000
2024-09-17,23.363008499145508,23.400020052786655,22.567277743941,22.567277743941,4939000,103.14014434814453,103.34015668263868,100.29233930000906,100.49235163450321,8661300,21.887073516845703,22.115360895474062,21.77292892039812,21.858536914167104,4967300,134.35816955566406,135.0420889980392,132.79357928015258,132.8497898787483,7338800,38.90607452392578,39.00223608075645,37.896402020427864,38.03102453180248,7490700,116.20288848876953,116.33494736644957,114.53327565476336,114.69363183527925,4010200,172.91012573242188,173.4487542353146,167.5622932015213,167.5622932015213,1817500,28.16563606262207,28.261764882551766,27.32931954629459,27.386996104850514,9993200,158.59686279296875,158.6936508246422,155.81922054374814,156.34183751855605,1520200,50.46858596801758,50.546138535426394,49.644567288520385,49.712427171785464,11814000,121.5731201171875,121.92371606227461,120.52131782316899,121.1182837619179,3693600,39.73869705200195,39.91105795794529,38.72368323397984,38.80986368695151,18400300,129.86734008789062,129.97253512731163,128.27985661742164,128.7293250047494,2395000,108.51685333251953,108.69743195409768,106.55902838652386,106.74910580324607,12202600
2024-09-18,23.233470916748047,23.74236741088879,23.02991090724538,23.22421802860629,5330700,103.45446014404297,104.70215934112844,102.39724682237333,102.40676602954487,7424100,22.096338272094727,22.37218667738886,21.82049168106755,21.830003882725997,4010100,134.8734588623047,136.4099438574297,134.15205614820246,134.27385531044314,6180300,38.81953048706055,39.52149333658149,38.521438834963924,38.6368290335759,5996600,117.32537841796875,118.0611442090043,115.58030866526012,115.6557729304948,3965800,171.3230743408203,175.9206720764127,171.09224194753483,172.66003243252564,1609800,27.9733829498291,28.45402526225398,27.81957755653353,28.165638774696106,6342800,159.37112426757812,161.64551012363862,157.04835916299834,159.29369679505473,2688300,50.16806411743164,50.972693780773426,50.05173341001487,50.216534937348094,9013500,123.47773742675781,124.94647254625288,121.69630274307927,122.23642411542113,2884300,39.66209030151367,40.303656703062885,39.4322781970763,39.757848389027195,12663600,130.68978881835938,132.28683039729958,128.77716207584166,130.05861849120436,2725500,108.89701080322266,109.89492807521766,108.1651975527713,108.45032091676322,12569900
2024-09-19,23.46478843688965,23.90891649041114,23.390767094636065,23.74236802913858,4540700,105.29267120361328,106.05462192858843,104.16878716269771,105.24504610417797,7990700,22.41974449157715,22.66705627667498,22.353160898332895,22.457793295869205,7995200,135.8384552001953,137.51546681199545,135.78223030125994,136.60669060418417,7247400,39.39649200439453,39.8388241916901,39.213786867937415,39.55034683772293,6471500,118.098876953125,119.62699604015188,117.68383786023055,119.485502332649,4358100,174.69915771484375,176.86329962031806,172.48692083172023,175.43976459984026,1175100,28.38673210144043,28.867374354088223,28.25215102391586,28.703955914847786,9759800,160.9970703125,162.64236347850607,159.50661732246914,161.19063160830422,2132100,50.43950271606445,51.108412591788884,50.31347932627599,51.02116363835032,10834400,125.60028076171875,126.63312755852229,123.82831680213837,125.07911489125392,2744600,40.935646057128906,41.43357716095484,40.24620242832414,40.88776883908359,17113300,132.63111877441406,134.5533036145557,130.92888194869207,132.535481589613,2538200,110.24658203125,111.74821825087841,109.47675908048605,110.39864976280208,12660600
2024-09-20,23.196460723876953,23.363009190575095,22.854112666604607,23.363009190575095,8764000,104.64501190185547,106.42607731008934,104.5116703397386,105.87366538127812,33515100,22.505352020263672,22.571935612127152,22.10584865481599,22.40071962489717,9066700,136.48489379882812,136.7003868426219,134.38628833054332,136.06329997140858,23162900,39.2234001159668,39.3195579996001,38.656059798878765,39.2234001159668,12847500,118.88179016113281,119.00442138661987,116.91976252002141,117.95737813567428,9400800,174.09320068359375,175.22816588641118,171.25577300002294,172.4292200572058,7855300,28.329051971435547,28.502083465124393,27.8484097483019,28.184859671196367,14496200,159.10012817382812,159.67113914364992,155.68372048282015,159.5743658832857,7789900,50.061424255371094,50.22622947473544,49.32465820468694,50.21653309225652,11379100,123.15556335449219,124.71904666559827,122.35960874006572,124.70010569293889,6418500,40.61008071899414,41.06970864225354,40.21748163957686,41.06970864225354,22881600,128.58590698242188,131.0340669668629,127.09404581173011,130.68979355703937,7363200,109.55278778076172,109.78088938243208,108.58338135212308,109.73336640267024,36206200
2024-09-23,23.538808822631836,23.92742129487368,23.177953249602165,23.32599592809354,4227300,104.47356414794922,105.66411891391064,102.37818339991534,104.86406233256837,8197600,22.80973243713379,23.047531987514915,22.486324903474127,22.514861502655837,6769300,138.22747802734375,139.05193824923774,136.737840004702,137.01890728904547,6960600,39.54072570800781,39.89651796223536,38.973385367367115,39.223401744293945,7209800,120.48538208007812,121.17398092974777,118.14604015439892,118.57994889934976,3174900,178.18101501464844,179.0851477494717,174.70876900678908,175.2858793794714,3249300,28.79047393798828,28.99234281994146,28.338669011418126,28.434797836231233,6835700,158.93560791015625,161.07448461687991,157.18385379888707,157.27095416769725,6479400,50.64308547973633,51.2538244485675,50.061424564262225,50.26500422053928,9572000,124.23577880859375,124.42528972697177,122.35959613676573,122.90918792119136,3613700,41.07928466796875,41.376125635402424,40.581353524095434,40.74413680910127,12921100,129.27444458007812,129.94387566578828,126.529829660533,127.361817688758,2817500,111.53911590576172,111.94778882352826,109.41021866601842,109.60980210246427,16066300
2024-09-24,23.4462833404541,24.06621276161906,23.427777563151732,24.010697194520006,3469200,103.73066711425781,106.16892113716341,103.60684475847046,106.04509878137605,7787400,22.60047149658203,23.19021341800424,22.57193489486157,23.123629828256583,5683500,138.1431884765625,139.68905168743123,137.637278704801,139.48293659264874,6014200,39.43495178222656,40.27154085235712,39.34840821180576,40.242690550091204,6905000,120.64574432373047,122.37194455776822,119.97601510564255,122.06065983485341,2110300,178.3541259765625,181.90332074700672,177.1614528211571,180.82606378689206,3046800,28.809696197509766,29.521046517182324,28.7231804446505,29.386467272069996,6292400,157.22256469726562,161.25837768108101,156.92254246194648,160.8422216173237,4663300,50.79819869995117,51.48649399612618,50.662475219304504,51.37985596751858,9206800,122.6817855834961,126.00774827312985,122.6817855834961,125.74243005360823,3661700,41.1558837890625,42.17089760479187,41.127158189069355,41.97938508164325,12006200,127.01753997802734,131.20618232476886,126.74975882823287,131.12011762957582,3062700,111.24451446533203,112.29946086204575,111.03542494512008,111.99532537738179,11984900
2024-09-25,22.733829498291016,23.464791905298117,22.69681970409769,23.381517662352795,4781400,100.70188903808594,103.64493697591566,100.66379041301299,103.34015524190187,6561400,22.134384155273438,22.60047108937605,22.115359754469235,22.59095888897395,5189100,134.88282775878906,138.1057023358526,134.4424923197323,137.674730565148,7888400,38.271419525146484,39.31955655835829,38.24257289475148,39.165701749271605,8386600,117.49517822265625,120.72120743487932,117.40085148237733,120.2401317037872,3031700,173.64114379882812,178.74851684418232,172.99671212993408,178.35415853624582,1740600,27.752283096313477,28.703954489270956,27.55041240680484,28.65588916629052,14353300,156.45797729492188,160.35829551356844,156.0902005166205,156.8354269687335,2320600,49.55731964111328,50.75941590127121,49.47007068918177,50.33286382601208,11820000,123.0418472290039,124.52005263724313,122.11321914741258,122.88074776640168,8126500,40.035545349121094,41.18461329129168,39.891910029950814,40.98352676669162,12552400,127.00799560546875,129.54223517579123,126.62547603630388,127.27576222232142,3008500,109.07758331298828,111.24450494993518,108.38379423816235,110.71227514828703,13816000
2024-09-26,21.419946670532227,22.456247259847476,21.308915536024774,22.243436114701474,8566800,97.44452667236328,99.26369788962518,97.31118511646207,98.10171524542623,9524000,21.934633255004883,22.229506047249696,21.74439467519553,21.868049661358267,6751900,133.02780151367188,134.1801616881604,131.75364217672453,132.00658987397173,8046200,36.415550231933594,37.88679100003597,36.319392334912706,37.69447153780555,16997600,113.54283142089844,116.02365993272417,113.09948782903808,114.87285499981061,4907300,162.4164581298828,170.38049976314284,161.67583651300527,169.3224688818892,4646800,26.733322143554688,27.48312473358439,26.5987428966922,27.19474010930628,19291600,158.18072509765625,163.14565338936202,155.23853989968913,155.5385769255743,7205700,48.384307861328125,49.08229946280152,48.22919902745474,48.67513646257994,22350700,123.82833099365234,126.61418663981713,121.83844443121887,122.11323312599852,4192800,39.422698974609375,39.7482691534515,38.80986185038828,39.33652217851334,20933300,130.65151977539062,134.1133838811413,127.2853074297202,127.43830646929935,6296800,107.2052993774414,107.85157273134966,105.62762929987565,105.62762929987565,16887900
2024-09-27,22.696819305419922,22.752334878138896,21.614255930954617,21.7160341868047,9083800,99.73992156982422,99.85421018171813,97.7207379830492,97.74931013602269,5489500,22.581449508666992,22.667057508710375,22.153411322717027,22.219994919580337,5786100,136.306884765625,136.56921042308005,133.82414039200768,133.9553032207352,8049200,37.463687896728516,37.55984946308601,36.74249265589637,36.81942190898237,8631700,115.49542236328125,115.70294550440259,113.91070869987233,114.32574778544623,3273000,164.11892700195312,166.63894560992588,162.90699800453922,164.04197796429762,5079300,27.540802001953125,27.55041506747759,26.810225523636667,26.88712821432762,14732500,158.38392639160156,159.63242395373825,156.92252176134107,158.7226697035683,1557500,49.47007369995117,49.59610079331928,48.52003155336938,48.597587825622554,15713900,124.17892456054688,124.66217956181278,123.18397418499382,124.43477224769046,2564300,40.49517059326172,40.52389619408739,39.83445255189005,39.930210642638386,14875800,130.02992248535156,132.09556274592833,129.41788254801583,131.0149240314984,2935800,110.07550048828125,110.332105700628,107.63296894443816,108.11767573552417,15964000
2024-09-30,22.632047653198242,23.205714417865487,22.32670937525823,22.558026305964546,8179300,100.27328491210938,100.55902096674664,98.93034289508151,99.43513696058028,6584000,22.781200408935547,22.895343190941436,22.44828063526256,22.533888628900378,5581100,137.97454833984375,138.1712854575804,135.17326738999245,136.19446483719497,7491700,37.61753463745117,37.9925554950496,37.184816852457644,37.41560089385016,10931400,115.9576187133789,116.63678268324954,114.58986313831647,115.34448417409747,3566600,165.8213348388672,165.99447380086715,162.32023519285104,163.61872604001428,2768200,27.925315856933594,28.002218548730298,27.281255125571892,27.39661008001935,10730300,157.6677703857422,158.91625335587943,156.06118349510655,157.99682608109237,2312900,49.964481353759766,50.46858598539263,48.81085594168379,49.59609648870377,20308800,124.55795288085938,125.2023073748817,122.96604376402202,123.99889059283365,2137500,40.16960144042969,40.66753256694498,39.79615400874266,40.188753059080014,12219600,129.13099670410156,130.69935008997075,128.33725483430044,129.69521810565925,2623400,111.40607452392578,111.567641052515,109.25816491983805,109.73336571050419,13247600
2024-10-01,23.742368698120117,24.038454075477155,22.298951601100534,22.40072984656198,11307500,104.16878509521484,104.46404035945778,99.14940200366597,99.56847961735515,8067600,22.971439361572266,23.39947933680246,22.505352396469853,22.514864597504616,13466000,140.2511749267578,141.01942471309542,136.26942806242883,137.11263009345882,9489100,38.23295593261719,38.60798047876394,37.16559022926872,37.27136243295371,12618700,119.75904846191406,120.03260102923514,113.71261627021393,113.95786434022439,3539900,170.74598693847656,171.96751421608755,163.50332671837413,164.39783163866528,3149200,28.7712459564209,29.088469774454243,27.617703799842527,27.70421955326114,18446400,160.48411560058594,161.5100036913824,155.44176074099855,155.52886110317274,2556600,51.62221145629883,52.12631612461899,49.37313136569292,49.66395998639279,27900400,126.01721954345703,126.28253773418655,123.33559726116654,123.33559726116654,2071900,41.30908966064453,41.7399918888927,39.968509415069086,39.97808339667582,14716500,131.46438598632812,131.95210049932902,127.3331056685003,127.50524964450099,3227000,113.9816665649414,114.61843391003872,110.18006008533158,110.28460484359996,23235900
2024-10-02,23.834896087646484,24.436319737763874,23.5388107069615,24.325288602411042,7116700,105.11170196533203,106.33082890862077,103.42587231205793,105.9879485474996,7559900,23.28533363342285,23.608741196187065,22.99046267240845,23.532645405787648,7697600,141.42227172851562,142.6683259461605,139.83893957003696,142.10619127954473,8105400,38.944541931152344,39.16570802539354,38.367587221669964,38.944541931152344,8133200,121.05135345458984,122.01350490747778,119.35344335929872,121.88144603302946,2636700,174.37213134765625,176.30544096121253,171.71745573130704,175.65138151350106,3037900,28.71356964111328,29.232662332503693,28.44440931337083,29.213436201913932,11321400,160.05828857421875,161.50033283510356,157.21289163818074,161.03578275405067,2847000,51.806400299072266,52.39775390338836,50.73033480872599,52.36867215172902,22803300,127.41962432861328,128.11134575733445,125.60029330178371,126.97426567291066,1925600,42.075138092041016,42.30495384259668,41.452726978881486,41.615510243727115,14614600,129.75257873535156,132.19118051608154,128.15553730993108,132.1051158230656,3024700,115.49278259277344,116.72830739506261,114.23825295165894,115.88245067307568,17129700
2024-10-03,24.547353744506836,24.760164900866577,23.69610735425971,23.908918510619454,6452200,107.07373809814453,107.15946182504233,104.75929920388491,105.43553347944949,7397400,23.513620376586914,23.608740565612273,23.076070047043647,23.20923722311913,5427300,141.7033233642578,142.565252607422,140.5509631505975,141.75953396555684,6553300,40.18499755859375,40.30038776388641,38.84838303703926,38.96377324233192,11722800,123.3718032836914,123.60762370118654,120.33444235155508,121.36262311410128,2606300,181.11463928222656,181.61480064550648,173.97778176728576,174.92999483837357,3018800,29.54027557373047,29.713307096589425,28.4924752039778,28.742409422162417,16453700,169.21388244628906,169.97846958797274,159.17757970388232,160.45509621536743,3325800,53.11513137817383,53.212073009891405,51.602817516010674,51.89364610924961,17561500,131.64576721191406,132.14799213349553,126.37728536576883,127.42908763784149,2766800,42.98482131958008,43.03269853723178,41.69211817899633,42.075139573007505,13775400,137.73780822753906,138.46460110765952,129.40832726613604,129.90559969307893,5224700,116.5002212524414,117.06095467449765,114.93205727821751,115.85394792219712,16524300
2024-10-04,24.880447387695312,25.130270085223106,24.491834890921428,24.972974508795392,6617900,109.0929183959961,109.17863485371362,106.72133526707026,108.16904670777929,7585100,23.65630340576172,23.78947059218659,23.504110002933068,23.77995839111812,4972200,141.22552490234375,142.87443122445757,140.66339027433722,142.85568959134335,7892400,40.79079818725586,40.90619205875601,40.25230812634218,40.77156954352759,10288300,125.56969451904297,125.70175342255729,123.59823860467176,124.51322329092845,2720100,187.18385314941406,188.08798591957202,182.26884569429058,184.25023554726124,3491700,29.886337280273438,30.078594926725167,29.51143688654784,29.809434588393703,9164700,166.44590759277344,171.92377984490864,164.8006142913165,171.02371309981885,2241600,54.055477142333984,54.094255274329115,52.69827580528025,53.4447382047986,14388300,131.35203552246094,133.22823291513268,130.3760404206582,132.9439592684771,2468500,43.5306396484375,43.77002944455007,42.99440884293633,43.59766849912515,11294700,136.19813537597656,139.74606405985185,133.8456128824358,138.85668512289186,2916400,118.63863372802734,118.98077888485567,116.35766843283483,117.08947447600225,19752300
2024-10-07,24.954469680786133,25.426356428018043,24.861944320974793,25.05624969434834,5725800,109.26436614990234,110.55969044446596,108.99768301865166,109.47390497204798,4899800,23.45655059814453,23.732398983816328,23.437526196180926,23.627766587283325,3792400,141.5814971923828,143.10861828288134,141.17864509612872,141.93751666027183,5895900,40.973506927490234,41.37737450876958,40.68502955969231,40.79080178227351,8362700,126.62615966796875,127.8146896074397,125.56967421732259,125.69230546266672,2887700,191.8872528076172,192.82023962195683,187.558968909701,188.47271479728903,3780800,29.886337280273438,30.2131741791385,29.799821522720638,30.0401426640329,7498500,167.6943817138672,168.84609129272664,165.41999601042374,165.71034532095814,2201300,54.20090103149414,54.76317293149193,53.95854321903028,54.26876092313708,16170100,131.23831176757812,132.40381763590707,130.59397176191857,130.88771585030784,1812900,43.655120849609375,44.2009292610704,43.45403430913388,43.664694833670886,8963600,137.6899871826172,138.65587297099012,135.5765429254078,135.80604878230181,1983100,119.15184783935547,120.0737312745052,118.66714100675922,119.03779704021854,15714400
2024-10-08,24.297527313232422,24.40855843659936,23.566565064367218,24.297527313232422,5100900,105.5307846069336,107.54996097803131,104.92122110623578,107.37852078929942,5579800,23.237775802612305,23.380455191164966,22.91436822095061,23.180704410044612,3884400,139.3611297607422,140.15748479193186,138.40550658245016,139.78272359668114,5892700,40.07921600341797,40.34846100039412,39.45417878250852,40.23307081143119,7402600,122.97563171386719,125.06971825790765,121.99462507023419,124.98482635855547,2566400,186.37591552734375,189.37685444247646,184.5099418308475,188.636232839155,10794600,28.886600494384766,29.39608197477019,28.578989726418023,29.348018479839688,9479800,154.84173583984375,165.51680364819293,152.09311211125743,165.27484832204217,5060600,52.65950012207031,53.25085371919362,52.136006410051024,53.24115733670083,13771600,125.3918228149414,129.9685833787981,125.26863420309877,129.66535432157227,2528900,42.26665115356445,43.25293569581906,42.103867886620385,43.042275212291294,13404700,130.38375854492188,136.00688570845492,129.6282774195155,135.81562595702653,4177700,115.98700714111328,117.86879816755228,115.24569508518347,117.73574252935917,14818500
2024-10-09,24.3622989654541,24.464078979260876,23.770128190159667,23.95518067503512,4144000,105.69270324707031,106.21654304452582,104.34023462103843,104.68311501447899,4217200,23.171192169189453,23.27582275300641,22.942904785043112,23.057047569982856,3008900,140.20431518554688,140.87887103050915,138.05886277287362,138.19938928404176,4973500,40.34846496582031,40.51193777875612,39.540726227319766,39.694581050453756,6264600,123.53219604492188,123.9000753866259,122.08896158848762,122.98509085076283,2233900,186.35667419433594,187.28004791511282,183.528859602833,185.03895685910217,2270800,29.18459701538086,29.27111276412247,28.5885998388836,28.617439032965674,6988500,157.37741088867188,158.17101661846831,153.30287701027913,153.8835756557146,2243300,52.25234603881836,52.68858714439001,51.922739264730545,52.15540069462386,8850100,127.65650939941406,128.2155716943302,124.0557439533106,124.33054708725713,1494300,42.333683013916016,42.54434716530234,41.77830068680353,41.92193234682333,9980700,133.27183532714844,134.06557719615742,128.9492946954094,129.60915327278943,2372300,116.0345230102539,116.50022499548732,114.80851137840331,114.90355008423046,11144900
2024-10-10,24.852691650390625,24.982228567111118,24.37155200998861,24.55660626085342,3636100,106.54036712646484,107.46423880179958,105.49268036951906,106.33082832176174,3946400,23.313871383666992,23.3804549767632,22.99997600602285,23.20923898636333,3095500,141.1130828857422,141.9843900893662,140.3916944444343,141.16929348681276,4420900,41.21390151977539,41.33890971255345,40.31000120487178,40.53117095678236,7454900,124.69242095947266,125.08859758037522,122.94734390692162,124.39056388068725,1637400,186.65484619140625,190.1367056179388,186.55867090552667,187.27042379184064,1431600,29.54027557373047,29.770983659707447,29.04040713736124,29.444146746197173,5679800,159.5453338623047,161.84873832147832,156.73864346648327,157.34837556015444,1990200,52.901859283447266,53.19268789830657,52.18448228000007,52.67889055545225,7234200,129.26736450195312,129.89276352781192,127.17324505609304,128.3197954780783,1416400,42.707130432128906,43.20506155621551,42.37198623937722,42.68798246636973,9707400,136.47547912597656,137.40308961346756,133.39614909509243,133.41526485495356,2300900,117.0324478149414,117.56467036957402,116.22460793709162,117.05145990674313,10243300
2024-10-11,25.046998977661133,25.185788794223104,24.57511218950381,24.75091356504672,4185100,105.23551940917969,106.38797560069949,105.0259805986179,105.48315684589541,6820300,23.675323486328125,23.789468072794573,23.22826096905673,23.237773169117823,3401400,141.86257934570312,142.71514484749923,140.76642982725483,140.88822898341874,5051300,41.310062408447266,41.637004396846045,40.91580915786538,41.011970723976006,5979100,124.93765258789062,125.99413783117285,124.09813248891484,124.21132168188457,1460800,187.5205078125,188.5208158881118,185.10627776707778,185.30827081320137,1366800,29.626789093017578,29.79020753740528,29.309565269618478,29.338404465747395,4921900,158.9743194580078,161.48098781756,158.14199255957715,158.73236413599636,1839400,53.08605194091797,53.55138218049126,52.572254578084355,52.68858528893436,9436800,129.20106506347656,129.83593468682366,128.7272804676571,128.78413230575407,1460600,42.87948989868164,43.05185080707704,42.40071040931611,42.43901364513678,8892300,136.12164306640625,137.77607572089994,135.24183650748486,135.89213719410407,1632000,117.47914123535156,117.87830816330627,116.8423739096635,116.99443439369871,8294800
2024-10-14,24.70465087890625,24.96372473251642,24.55660817261236,24.79717624673373,3769200,104.26403045654297,105.1783756896257,103.72113774731979,104.48308847493708,5174000,23.218751907348633,23.45655149821805,23.04753591163995,23.37094350036371,5041600,142.1998748779297,142.3122960848559,140.70085873908596,141.01940931817248,4214700,41.223514556884766,41.271593500858465,40.77156808170605,40.935037224854284,5866100,124.01325988769531,124.56979269749418,123.39069044283316,123.9189259499872,1702100,183.4230499267578,185.9334551701901,182.49969091568323,185.07741738783722,1560500,29.396080017089844,29.578724585970882,29.155758891432306,29.29033813507903,5665100,157.27096557617188,158.59687606795475,156.835448932748,158.0742590494024,2086100,52.26203536987305,52.73705828072097,51.76762708951718,52.611031190400254,10175800,128.31980895996094,128.81254895259707,127.54280979730144,128.60408258874168,1445900,42.80288314819336,42.82203476434453,42.34325531895713,42.50603857704615,7048100,135.00274658203125,135.96861776021487,134.44808311790567,135.67216297246458,1379000,117.92582702636719,118.09689959680247,116.5382416221648,117.12748594733975,9808100
2024-10-15,22.992902755737305,23.77938065567515,22.946638311736205,23.770127766874932,8377000,100.20661926269531,102.03530975955674,100.12090280185966,100.95905079627863,6395700,22.914369583129883,23.31387298338654,22.62901078906097,22.62901078906097,6777200,138.40550231933594,140.49475839235188,138.24623417713929,139.40797240311633,6704600,39.61766052246094,40.23307989343536,39.434955374823105,39.83882662964307,8384900,120.06090545654297,121.54186478029312,119.58926456006273,120.67404006130107,2949200,172.91012573242188,177.20955530758297,172.79469485571204,176.65168587915096,2845200,28.098346710205078,28.66550473641489,28.050283216528214,28.482860160134248,9345300,151.96731567382812,154.65785790138528,151.76406668827528,152.85770956221992,2557800,49.98386764526367,51.079322099297364,49.954782198264546,51.079322099297364,14928800,124.51056671142578,127.55226970728701,124.39686305284425,126.5288934037848,2338300,41.12715530395508,42.04641096722458,41.06970045520175,41.720840796550306,10230900,128.76759338378906,131.59828746638632,128.51895715314797,130.5367790094354,3247800,114.38082885742188,115.90146993727976,113.83910024612912,114.82751876078389,15771300
2024-10-16,22.946638107299805,23.24272525184469,22.84485986102032,23.0854296732585,4495900,100.15900421142578,100.95905360106538,100.04470832723285,100.6161732150569,4602900,22.581449508666992,23.114120097840413,22.533890314983758,23.047536500977106,4621900,139.3423614501953,139.62342871890405,138.8551934331537,138.98635625246106,4303700,39.12724304199219,40.01191107905301,39.069549772484855,39.877288559284494,7566400,120.13636779785156,120.73063272707226,119.77792331308385,120.14580263069696,1939400,175.49749755859375,176.61322185152852,173.3429686530661,173.3429686530661,1916600,28.16563606262207,28.357893702481466,28.08873337337926,28.184862193308955,6688300,152.8189697265625,153.6900177137051,151.9576094033157,152.3640925568701,1504900,49.69304275512695,50.4492016221119,49.68335007007627,50.23592557013068,8507400,125.37287902832031,126.0835559310963,125.00332761722713,125.68557860059278,1461800,41.826175689697266,41.835749672072,41.2803673743991,41.54848271446205,8692900,129.59957885742188,130.43156673552753,129.03534293622937,129.6378249677859,1525600,114.67545318603516,115.41676522636052,114.61842416301823,114.89404147947043,8426800
2024-10-17,23.05767250061035,23.14094673965623,22.761587101695323,22.863365354567247,3817000,101.10192108154297,101.18763754428676,99.94946483859822,100.31139090335574,5093400,22.895341873168945,22.94290287482297,22.5433995322627,22.752662496740285,4948300,141.65646362304688,141.77826277863318,139.56722212150225,139.83891143510763,6593100,39.02146911621094,39.33879308916965,38.1752657413404,39.14647364012793,21526000,120.69691467285156,121.21944891470488,119.88935648201634,120.50689629071026,2975600,176.94027709960938,177.06530644976894,173.852761027017,175.12239819377393,1753800,27.8195743560791,27.87725091355341,27.40622172158635,27.781122095426426,11655200,153.21578979492188,154.63848830735265,152.18990156533917,153.32225073013035,2409000,50.13898468017578,50.17775911904737,49.52824196638637,49.68335081613278,7644000,126.35835266113281,127.0500740961502,125.05070259982614,126.3488677159734,2219200,42.123023986816406,42.180475191712176,41.4527319249154,41.65381844764634,14481300,130.6802215576172,130.75672838143132,128.62415356428133,129.81954532603115,2317400,114.38082885742188,115.54982599283711,113.77257242547873,114.77049698622316,11204900
2024-10-18,23.279735565185547,23.307494231962853,22.826354596671525,23.113187094137924,4528100,100.64473724365234,101.09238700405295,99.7208655707523,100.89237467279156,4326600,22.619495391845703,22.866807158425015,22.25803903520413,22.857294958064266,3970500,141.23487854003906,141.54405113391635,139.95135552858684,141.30046710344172,5208200,39.098392486572266,39.12723911843328,38.54067015085958,38.90607304839307,6942900,120.29788970947266,120.65891377115324,119.19580481308937,120.3453888697552,2990700,176.96910095214844,177.81551090900032,174.8530393687026,176.440085556287,1214200,27.233192443847656,27.713834740303497,27.156289749754915,27.52157708831922,12660600,153.20611572265625,154.09650955221278,151.8995510521939,153.10932768492526,2214800,50.080810546875,50.24561575710621,49.537927798818195,50.129281362324356,9433700,125.64765930175781,126.89844290420092,124.84221984185636,126.53836204559707,1712400,40.140872955322266,42.218777958732375,40.11214735319515,42.12302351644343,21355900,131.05319213867188,131.5600517050208,129.59960616365294,130.7280490594323,2083400,114.05770111083984,114.65645152457144,113.24035513279986,114.46637409985983,12898600
2024-10-21,23.233470916748047,23.825641639356615,23.19645936418103,23.54806205433584,4432800,99.99708557128906,101.75910537781846,99.71135675395942,101.57814597348083,4387000,22.638519287109375,22.94290427345069,22.505352102893486,22.809735274967984,3856600,141.356689453125,142.85569131981714,140.99130622920305,142.40599218937726,5074000,38.540672302246094,39.4830335669209,38.406046120273935,39.34840738494874,6248200,119.43331146240234,121.713481153263,119.30030222821094,121.46646089756769,2403000,175.4493865966797,179.61415908705408,175.09349551507134,178.1906241136728,1461000,27.16590118408203,27.57925382756828,26.99286967438967,27.4927380727221,9489100,151.86085510253906,153.92230458386263,151.13498907316742,153.68034924073874,2203800,50.235923767089844,50.740028427624544,49.92570608338949,50.45889249611907,8892300,124.43477630615234,126.4530885785954,124.17892861066424,126.27304814320587,1289000,40.62922668457031,41.11758014356841,40.29408251200275,40.29408251200275,13839400,129.5804443359375,131.8277862922897,128.92058586397954,131.2444346307801,2341400,114.12422180175781,115.45478544454487,113.78207665787005,114.97958466147725,10177800
2024-10-22,23.532535552978516,23.73814085879264,23.224126702979547,23.41104013120451,3616300,100.00660705566406,100.77808427050533,99.77802255989074,100.74951211685493,4710800,22.372182846069336,22.790708761765206,22.362670646039888,22.790708761765206,3339400,141.39414978027344,142.10617455124813,140.7383356102077,141.70332238094946,4416400,38.62721252441406,38.886843232383306,38.4156644302153,38.73298840560766,5918700,118.82527160644531,120.20287040410905,118.73976877347552,119.93685192581205,1709500,177.007568359375,177.98865012420734,175.32434689176853,177.19032046695938,1068000,27.146677017211914,27.35815897018809,27.079387388242445,27.30048240728638,6389100,153.14804077148438,153.46742355790124,151.7059817845319,152.4318477260847,1867200,50.50735855102539,51.00177048021529,50.34255704001952,50.546136682351296,7730800,124.53900909423828,125.00332319277076,123.69567311114409,125.00332319277076,1946200,40.150447845458984,40.926071925028964,40.01639017430314,40.91649428977636,11377900,129.78128051757812,130.52720370209855,128.6719536203284,130.24986468169487,1966400,114.71346282958984,115.17916480430054,113.99116288083341,114.29529108320146,9201400
2024-10-23,22.887680053710938,23.448423903916233,22.60730901988607,23.392350053662373,5747800,99.53990936279297,100.06374912332258,98.73033353901452,99.61609934863205,4541300,22.524375915527344,22.533888116189203,22.248527539133647,22.381696534132946,3951200,140.98191833496094,141.4691006977692,139.86702710837886,140.8694971341885,5248600,37.9925651550293,38.48297999211067,37.69447345816496,38.35797178506401,7346500,118.50224304199219,118.91077346210493,117.55217297181926,118.66375321429133,1639700,174.20860290527344,176.25732852817384,173.0928787192276,175.38204986823249,1415100,26.733322143554688,27.19474010930628,26.5699037008625,27.021708601337526,7436500,148.8122100830078,153.5255102460358,147.47662662060455,151.947956670833,3439000,49.75120544433594,50.49766786043562,49.576707544567896,50.4104189105516,8185500,122.3501205444336,124.32106605547712,121.35518453221243,124.0747032886307,1850600,40.34196472167969,40.53347726661809,39.872759169220494,40.102574953706174,11117900,127.08446502685547,129.76214499931788,125.73605986538298,129.1022865333981,3382000,114.30480194091797,114.76099791810837,113.47795715555715,114.0196857997894,8320300
2024-10-24,23.0559024810791,23.196087992483143,22.794221552584194,23.18674205404881,3091000,99.40656280517578,100.16851349123738,98.53030897967906,100.00659978793837,3504600,22.81924819946289,22.857297004312116,22.429257021092706,22.62900961801739,3830800,140.9538116455078,141.8906930978484,139.95135592525514,141.59089846685117,5474300,37.9925651550293,38.32912514812587,37.75216673204124,38.18488462705751,4223100,118.22673034667969,119.2242996429632,117.4571686055925,118.92978021955471,1927700,174.0066375732422,176.15153863176246,173.39105999551106,175.391690792269,1072700,26.771774291992188,26.9063535382883,26.4449374079833,26.791000422464407,8633100,147.96051025390625,149.74129772332256,146.97332849177738,149.52837587722064,1550700,49.78028869628906,50.10020275487439,49.63487624082097,49.76090332736244,8926500,121.75316619873047,122.96605356309591,120.41709021714173,122.7291612738252,3200000,39.49930953979492,40.341962499427254,39.45143231939715,40.121724363359284,13897100,125.621337890625,128.700668428648,124.23468627880129,126.99843162094403,3784600,113.65852355957031,114.4663707182009,113.22133969485812,114.04819169500283,9905600
2024-10-25,23.196088790893555,23.42038597337144,22.9437537921476,23.280200457142204,4566800,99.5875244140625,100.41615316108391,99.2922691524367,100.06374632846267,3823100,22.686080932617188,23.019000716829776,22.61949733862804,23.019000716829776,7829600,141.2910919189453,142.51840435486622,140.96319198251146,141.83448488593257,6839900,37.684852600097656,38.48297706442948,37.36752861335277,38.30988991959098,9322100,117.02013397216797,119.46181387041925,116.45959608526836,119.02478248865182,3050800,177.34422302246094,177.46925235461694,174.9107668131103,175.65137371054618,2150800,27.156286239624023,27.290865478514842,26.858288567720944,27.021707000733205,9251900,147.45724487304688,149.63484266534968,147.0410740601611,149.31545988367833,1046300,50.003257751464844,50.25530820949227,49.63487289919138,50.0614212505017,8825300,121.44993591308594,123.33560372196652,121.43098048168173,122.82390828535716,1346900,39.96851348876953,40.37068650759357,39.60464005307329,39.7865749445226,15345700,126.6158676147461,128.20335110123298,126.08990700451598,127.18966139777429,2147800,113.56349182128906,114.4568716980578,113.40192528004044,114.2382761267885,10714600
2024-10-28,22.149370193481445,22.560580832885325,22.102640496352134,22.242826022628712,5675200,98.349365234375,98.4350817027253,96.67306183200778,96.95879792631688,4438900,22.60047149658203,22.71461427493038,22.19145594325583,22.3626719250451,5804300,141.0381317138672,141.18803618163471,138.80836351245213,138.89267941469254,8892000,37.10789489746094,37.386757904742744,36.51170792907672,36.71364169234082,8475500,115.97505187988281,116.51659152389053,113.40036288830517,113.77088963165468,2390300,171.3904266357422,173.03516630134538,170.36124986213773,170.98645523232162,1788200,26.810224533081055,26.85828985892752,26.204616095453257,26.358421471152532,7333800,146.2087860107422,146.66364848245752,143.51822893193676,145.1732100240351,3899000,49.082305908203125,49.37313454764604,48.79147726876021,48.956278808479375,11747700,122.1321792602539,122.38802696264658,118.51246563071179,118.92939834312743,2509700,39.633365631103516,39.85360375835313,38.68538428567246,38.89604477754735,10589900,126.48200988769531,126.72108824687588,124.38769571870904,124.38769571870904,2507700,113.00273132324219,113.10727606047875,110.97837163946821,110.99738372859528,11844500
2024-10-29,21.784883499145508,22.270861605169713,21.644697986941928,22.149367969941412,4844200,97.45405578613281,98.82557727436118,97.30166854664633,98.06361927721875,3809400,22.64803123474121,22.762175830126047,22.476815248797354,22.543400654427472,4475600,139.14564514160156,140.92571428303805,138.53666358587427,140.56969473647985,6014700,36.675174713134766,37.20405039310557,36.60786346303965,37.02134895258853,6111100,114.47395324707031,115.98456859307977,114.3029403257949,115.97506586176998,2207100,168.937744140625,172.36189557984667,168.47606459331587,170.97684226139114,1690800,26.454551696777344,26.925580914104177,26.339196742113415,26.906354782742724,8494500,140.60508728027344,145.8216438674844,140.2373104344328,145.7345434885586,2827800,48.54911422729492,49.150160510528266,48.43277982556997,49.033829806889706,8425600,116.80684661865234,121.64893281103194,116.41834702417076,120.95720414658373,4171100,38.714111328125,39.55676428540239,38.513024811337665,39.55676428540239,15895600,122.29334259033203,125.5065631689603,121.52829632540373,125.19097802783277,3901800,111.46308898925781,113.25934728010643,111.26350554038443,112.69861386436521,14731000
2024-10-30,21.93441390991211,22.345626271094865,21.82226621848844,21.99048953817936,5116700,98.08267211914062,98.51126895046983,97.50168078191749,97.96837623972017,6413100,22.95241355895996,23.171190540876218,22.667054802396816,22.80973418067839,5902800,138.70530700683594,140.2043088086011,138.33992379874,139.67029379477336,5784000,36.877113342285156,37.35791014553888,36.6944118775966,36.9444246012856,6318600,114.50245666503906,115.40502769899449,114.3409464715859,115.40502769899449,2467000,169.90919494628906,171.42890538163434,168.9377408874951,170.11118799989427,1568200,26.61796760559082,27.01209409335631,26.492999597174663,26.492999597174663,7158000,140.10179138183594,141.7277386746005,139.6275684459384,140.55666852656427,2541100,48.63636016845703,48.92719247879108,48.40369875789353,48.7914727062813,7022500,115.66976165771484,116.82579713550338,115.10122163420306,116.36149029306293,3339500,38.44599914550781,39.11628759012047,38.41726988874008,38.82902059202961,12252100,123.10620880126953,124.07209458721734,121.815187286841,122.88626082490393,2523500,110.90235900878906,112.40398794458676,110.70277555373346,111.8242496709424,12303700
2024-10-31,22.055910110473633,22.34562706999066,21.906378661525782,22.11198395819021,5569500,104.33070373535156,105.38791702599188,100.95905152014326,101.88292324859202,11969400,22.75266456604004,23.104608753221463,22.64803216715183,23.028511143654132,7677700,139.4267120361328,140.1293731628675,138.55540480522964,139.37048713762516,8400900,37.19443893432617,37.5790778229135,36.963654867536114,37.19443893432617,7033800,115.87055969238281,116.45010308910894,114.54045997451202,115.46202922007522,2999200,170.02459716796875,172.29454197417417,169.081982645463,171.54430734705358,2028700,26.666032791137695,26.95441925185148,26.656419725763428,26.83906430086502,7114300,140.78895568847656,141.91163186097077,140.03405630953944,141.27286630409165,2315800,48.57819366455078,49.08229828708556,48.141948924079706,48.801162376772396,10964100,115.43286895751953,117.2332517165517,115.22440259613768,116.02983489562143,2700900,38.36939239501953,38.867323559518674,38.3119375346857,38.68538864765858,14264900,124.0912094116211,125.33441962864163,122.16902491853493,123.6895595739098,2993600,110.9878921508789,112.78415050518808,110.89285344581795,111.33954333569169,20512000
2024-11-01,21.57927894592285,22.411047891960393,21.42974749006342,22.196096646981903,5213500,102.7115478515625,104.77835666056872,101.60671669366351,104.30213470517407,7428000,21.601715087890625,23.06656151472547,21.497084496164558,22.86681071884817,12178900,143.408447265625,146.08791442996161,142.12490998623852,142.85567635754418,11728000,36.8482666015625,37.61754075091056,36.694411771692884,37.34829571568586,6921500,114.80648040771484,116.83013458892796,114.3314453039124,116.70662082292465,2256100,169.10122680664062,172.0348441491035,168.39908713992844,170.6305501391534,1946100,26.608356475830078,27.050546486063396,26.531453785637122,26.87751497475305,8203400,138.52426147460938,142.73427508901833,138.24358503964717,141.68902635755515,2149600,48.0546989440918,49.0532117856616,47.99653174724929,48.9562701556769,13267200,113.71778106689453,116.56995913745544,113.49035925504003,115.81190811941148,2064400,38.07253646850586,38.6757995382637,38.005507644399096,38.45556145151334,12605900,122.61849975585938,126.0325308511315,122.09252449127017,124.40680106327888,2169600,109.2486572265625,114.0006650615759,109.14411247411313,113.98166022067079,20939300
2024-11-04,21.999835968017578,22.224133138434368,21.72880910633347,21.8503027385176,4859700,103.68303680419922,104.83549297639307,103.54969524818141,103.81637836021703,5441700,21.944143295288086,22.096334869855955,21.706343733242456,21.706343733242456,9161200,144.2516326904297,144.67322646827606,142.9868370612147,144.67322646827606,6130000,37.646392822265625,37.90601987946643,37.03096980568207,37.19444263345559,7877000,116.79212951660156,117.28616282933599,115.443031577538,115.93706489027241,1702100,172.9005126953125,174.4106099337862,170.726757572586,171.39043013336604,1918600,27.04093360900879,27.194740823971117,26.73332284609368,26.829451667880846,8110000,140.27601623535156,141.66968121704846,138.7855632202333,139.0952731129573,2377900,49.014442443847656,49.12107676867292,48.34553255397794,48.36492162160613,9668500,114.68428039550781,116.20986713678506,113.88832586756043,113.88832586756043,2185500,38.60877990722656,38.876895267494106,38.16830362884478,38.21618084992144,11103000,124.27291870117188,126.3768051829901,122.68543501521896,122.94364370924356,2424100,112.72713470458984,112.81266736837966,110.18005811867567,110.31311376300792,14965400
2024-11-05,22.02787208557129,22.280207071726164,21.850302823178364,22.177403533095184,4792200,104.01639556884766,104.78787278861505,103.41635853864749,103.99734988848247,6003100,22.181943893432617,22.315111073832956,21.915609532631944,22.001215709841617,6533500,143.72698974609375,144.9074552518701,142.92127111005306,144.77629241789495,5978900,37.82909393310547,38.069492343034156,37.30021816490009,37.627160149130646,12281800,116.01307678222656,117.37167750594895,115.44303609186947,117.07715805309759,3281900,168.92811584472656,172.06371178160197,167.0909962699025,168.22596144605964,3691100,27.425447463989258,27.569639772387838,27.021707900370433,27.117834883633034,9488100,144.7473602294922,147.49596934744864,141.77615633372895,147.45726299087517,4008600,48.85932922363281,49.15015781582747,48.52972249965588,49.15015781582747,7997900,115.45182037353516,116.20987857614445,114.37159213391315,116.07721947509464,2078600,38.82901382446289,39.02052634074382,38.45556642675367,38.68538217685027,10810900,126.29073333740234,126.45330484898058,123.55567668812094,126.23335687357275,2534500,113.05977630615234,113.2973767121213,112.15689766386586,113.17382711137347,10436700
2024-11-06,23.111974716186523,23.317581782281962,22.14002036006801,22.31758783026179,9324600,108.22620391845703,109.40723965379973,106.09273149532065,106.67372288880857,7733600,23.351919174194336,23.62776757135493,22.686081406138154,22.73364059876113,7310600,147.7649383544922,148.59876224448132,146.26592236778825,147.1840764500905,12118900,38.48297882080078,38.98300796557916,36.81942222453991,38.17526914219696,17787000,120.84891510009766,122.3120311878631,118.48324255561992,119.29080069947797,3516600,176.6132049560547,178.70039775399377,170.24582348600433,173.13134591797052,3017300,29.319175720214844,29.569109897194604,28.511696635666265,28.83853349529329,22611800,150.25425720214844,151.91891102374933,147.38949964913402,150.01230187654113,3094200,49.81906509399414,50.38133692351608,49.266489646683965,49.60578906237047,20203700,121.19409942626953,122.80497136801482,117.71652227478381,119.18525016444023,2626200,41.912357330322266,42.448591678446,39.97808773681605,40.71540859568706,25379300,132.6502227783203,133.76910757573057,129.58045069913103,130.87147947654898,3263000,114.99858856201172,115.86345746059717,113.38290881318875,115.14115024596397,20807700
2024-11-07,20.495174407958984,23.261508044048725,20.47648253087731,23.224126072440882,20140800,107.0546875,108.56906969544717,106.54036696195104,108.4928797119571,5442000,23.218751907348633,23.31387210654978,22.999976719172825,23.29484770385617,5183800,146.87490844726562,148.03663229229917,146.52825259081973,147.97105802476167,8143200,37.396366119384766,38.27141595215657,37.30020824825331,38.27141595215657,12981500,120.14588165283203,121.228961146305,118.6352734508421,120.84893160070064,2309300,174.66067504882812,176.2188671935522,172.5638690571315,175.4974865617531,1727300,28.405956268310547,28.838535027119207,27.69460595766217,28.684729653654944,15920700,149.0444793701172,150.68977261739994,147.486286495082,150.20586197009436,1771900,49.644569396972656,50.00326159299208,49.411907986778566,49.90631625700584,12328200,120.03805541992188,121.19409089347998,119.22314540509825,121.0519540807775,1630500,41.404850006103516,42.046412739977306,40.926070538031446,41.893203456306146,15426700,130.16380310058594,132.73628819758966,129.59000928700175,132.73628819758966,2105900,115.14115142822266,115.47379052686777,113.67753214319558,115.28371311363871,12184400
2024-11-08,20.345643997192383,20.794238374767275,19.76620825590811,20.53255742990412,11740000,107.02592468261719,107.41915904502046,106.03805323003265,106.55596791065308,5314000,23.380451202392578,23.40898780094143,23.047531476388855,23.17118825583399,4462000,147.02481079101562,147.63379235940167,145.84434521648393,146.71565246809922,6041500,37.377140045166016,37.684849685930736,37.155973970128144,37.32906110158183,8623300,127.42340850830078,128.24046944686157,121.79899475559523,125.06723850983832,5335100,174.9396209716797,175.23778929115758,172.3907338771708,173.70846584036835,2579100,28.098346710205078,28.607828177301702,27.76189675395277,28.44440973189371,9742000,148.80252075195312,149.04447607024898,146.41200102576758,148.3766770289075,1718400,48.985355377197266,49.470070957650314,48.40369815988817,49.46037827319927,13729900,119.82011413574219,119.9906768690846,117.84917583080404,119.6306032006412,3126000,41.34739685058594,41.6633894130177,40.72498205544801,41.16546196026448,13598100,130.71847534179688,130.82367039494633,128.4137566450939,130.05861678951243,1702700,115.10313415527344,115.3977563202045,113.72505478596335,114.97958456213846,12836000
2024-11-11,20.719472885131836,20.84096652867375,19.98115973708631,20.25218662410726,8421400,107.46711730957031,108.13848412888522,106.41210185443327,106.95878835511813,3820200,24.16994857788086,24.293605372461077,23.437525453880404,23.694349429454604,6633800,146.6219482421875,147.97105982961557,146.05981364886696,147.22155180374702,7771700,37.463687896728516,37.59831042144033,36.88673317133828,37.2232894831178,8426700,126.45433044433594,128.3449605806182,125.77977432490773,126.81534720825937,2987600,172.29457092285156,175.14161186399167,172.16952690514663,175.01658252281462,2803600,28.963504791259766,29.059633619952123,27.858027845059908,28.002220171345993,9789100,151.0382080078125,151.11563549332368,147.7379334308396,148.53155408149212,1992400,49.25680160522461,49.50885209519339,48.40370109640779,48.772085995365195,10676000,121.23199462890625,121.32674286495059,118.7398832349492,119.92434462618245,3010400,42.4102897644043,42.55392142535964,41.36655028915198,41.45273074684429,12193700,131.9903564453125,132.0859790132605,129.1979235572659,130.6419512852632,1774200,114.49488067626953,115.58784395466954,114.11471859017534,114.99859235867412,11969700
2024-11-12,20.439098358154297,21.074606067492986,20.420406483085575,20.72881529149822,6880700,106.1147689819336,108.2151992460487,105.95172382173386,107.86032979383586,5175700,23.97970962524414,24.350678216878027,23.95117483576476,24.16995002168546,5322100,145.4883270263672,147.5307362028583,145.32905888117622,147.37146805766736,5681900,36.867496490478516,37.8483223419972,36.82903186849231,37.58869164587271,8057400,126.48284149169922,127.13839220321685,126.08381377532324,126.45434054745235,2757700,173.04478454589844,175.52633560973686,172.92935366806276,173.59302617864498,1788200,29.021181106567383,29.47298418545225,28.92505228477141,29.146147291448806,8953000,150.21556091308594,151.3962893948059,149.4122674061111,150.7478508508633,1785600,48.75269317626953,49.751206072368696,48.73330410959652,49.53793003705185,12197400,121.00457763671875,122.12271675295169,120.81506669835524,121.75316536257762,2719000,42.44859313964844,43.06143032842966,42.32410944417795,42.51562197887152,13725800,131.0340576171875,132.11468176610143,130.26900402859243,131.97124060232014,1680500,114.38082885742188,115.2932135053366,113.89612202068984,115.12214093066581,11972800
2024-11-13,20.579288482666016,20.812931625886414,19.962470727168622,20.46713898959571,6715000,107.24651336669922,107.8603365046346,105.02140266234622,105.9037725084597,5961600,24.36018943786621,24.62652380504644,23.970198273695047,24.284093645205175,9053900,148.7018280029297,148.98289530295327,144.77629235788223,146.21909782668752,8824000,37.60792922973633,37.83870965763393,36.48286272212203,36.95404523704518,8317600,127.64191436767578,128.03143206243516,125.46624588004691,127.34738048087587,3578900,175.28590393066406,176.6132344913019,170.726772442179,174.0932158424473,1469300,29.021181106567383,29.55949994171815,28.31944199091012,28.99234190997716,11280300,153.99005126953125,154.0771516443203,149.14127175844914,149.4316063410793,2448100,49.55731964111328,49.90631544883934,46.93985478125423,49.208323833387226,24172200,123.09870910644531,123.998896887887,120.15176853479943,121.506785450034,1962000,41.73999786376953,42.61137642660619,41.38570204884854,42.58265082487681,9900400,133.46310424804688,133.8743266241074,129.92474736169498,131.79912816533394,2304000,115.44528198242188,115.99651664335491,112.9077114842839,114.58991910355832,15127900
2024-11-14,21.121335983276367,21.168063888897517,20.672741672114103,20.859655077154045,7416000,108.30152130126953,108.39742979445704,106.79573527444374,107.98501668813665,4389900,24.388961791992188,24.762995614205714,24.273873477090568,24.762995614205714,5878200,151.58741760253906,151.61552290166804,149.60121925814178,149.75112371728045,10111200,37.867557525634766,38.107955929002856,37.40599303135065,37.95410109757482,5235700,128.43997192382812,128.63947851534675,126.60632919542877,128.2594562954609,2545800,176.32981872558594,177.9440632018383,174.47392061966644,176.74547063828425,1366000,28.94428062438965,29.348020239935778,28.85776486152227,29.165375647937434,9113200,153.05125427246094,154.71590802985818,151.49306144493607,154.03843609784315,1863200,49.12107849121094,50.701252426498705,48.48125402938992,50.10020610129391,13340700,122.9565658569336,123.8946645065335,121.53521215322576,123.316646755342,2257200,41.60594177246094,42.13259852344441,41.19419108557617,41.96023760089739,10061400,133.9029998779297,134.76367605943148,131.11056663604083,133.88386952504322,2544800,115.52192687988281,116.78676522854684,115.3015424227038,116.57596492924489,13041800
2024-11-15,20.91573143005371,21.691426521304386,20.784891852570997,21.21479612260149,7335700,107.72606658935547,109.40449088639595,107.30406042454783,108.0713430301346,4124000,24.532819747924805,25.06989425917868,24.417731438022802,24.552001437786245,7021800,151.2313995361328,152.1308120039131,150.61305435801364,151.32509339791193,9022800,36.99250793457031,38.21373227873403,36.867499736203854,37.70408516301936,6725300,127.8414077758789,130.01707603920602,127.35687732927659,128.2689363460476,2279700,170.70413208007812,177.84741287443327,170.12415746171177,176.32982098101604,2123400,28.540536880493164,29.578724051224413,28.473247259886318,29.0307921879919,8990300,152.45120239257812,154.8610677739912,150.9897829020359,150.9897829020359,2258800,48.442474365234375,49.053213309667775,48.19042020250539,48.92718992638954,15043300,124.04627990722656,124.81380859920363,122.47331166067048,122.77654072645569,2275000,41.34739685058594,42.10386931783416,41.04097827067737,41.51975775838421,9632100,134.03688049316406,136.25551984172418,132.7458516544506,133.35789160496893,2258600,114.32416534423828,116.1735130813798,114.15168705178988,115.368619257001,19051700
2024-11-18,20.990497589111328,21.420401867980548,20.878349886836286,21.158720925079475,5568200,109.10716247558594,109.77852920668721,108.13846992012675,108.75229302209037,5089000,25.05071449279785,25.194573508766425,24.667088011192806,24.753403786627278,6002800,152.14944458007812,152.8687470661849,150.54997568253643,151.9601597727098,6075400,37.28098678588867,37.6656220504973,37.02135605647877,37.30983342198242,6574200,129.72256469726562,130.35912441969924,128.36397141674664,129.5135626130405,3060700,175.82717895507812,177.51875440035545,171.67074823189063,172.53103458265696,1967600,29.271114349365234,29.482596283573223,28.848148647444543,28.973114828225466,9278300,154.77398681640625,155.0353027130091,152.19957850947284,153.36097593091583,2099400,49.35374069213867,49.70273650485828,48.616974630464505,48.79147253682431,11980300,125.53758239746094,126.73254104233368,124.20877438094084,124.89707172733934,2356600,41.64424133300781,42.07513994851634,41.34739673644191,41.97938551235835,6955500,137.7186737060547,137.8908176887726,134.09425270313406,134.10381058299166,2465300,115.2823715209961,115.5794219239578,114.28583113067975,114.78410498112308,14239700
2024-11-19,20.485828399658203,21.009188478274385,20.457790584131164,20.803583178742617,7203500,108.46456146240234,109.47161888773658,107.65892137601386,108.01379083350325,5100000,25.213754653930664,25.30965944299317,24.791766630842584,24.916443954183794,6302400,151.0515899658203,151.8371212101593,150.2471114664059,151.4112267746186,4657400,36.45401382446289,37.07905114194336,36.434781511966264,36.732876853381164,8134100,128.4304656982422,129.9315781554171,128.1074453522083,128.5729849075528,2903400,174.10659790039062,176.64879873883717,173.1109861517435,174.5899051472821,1632800,29.290340423583984,29.559500765412075,28.819311200513443,28.876989595301136,9375700,153.69003295898438,155.91602501211557,152.87706657123337,153.12869480521866,1637000,48.956275939941406,49.392520722587896,48.55880929310495,49.130773853,8065500,125.17431640625,126.73254722296475,123.96978869786015,124.22790386207201,2448700,41.270790100097656,41.644241166333344,40.84946546877218,40.90692032191557,8178400,135.80604553222656,138.36897274627884,135.04100657131096,135.91124057817987,2522200,113.6725845336914,114.74578363877816,113.26055345241951,114.74578363877816,11584400
2024-11-20,20.68208885192871,20.971807613328004,20.513867297557134,20.513867297557134,4697700,108.79065704345703,109.32775042420496,108.03296755713134,108.28233547705653,4092700,25.73164939880371,25.741240244283656,25.204165702273883,25.395977124072576,6964000,152.6889190673828,152.79302787604024,151.2219365604844,151.34497818203542,6391300,36.82903289794922,37.30021535998023,36.47324430510235,36.492476616633034,5777500,129.4280548095703,129.6465813857938,127.93645218556799,127.95544315112807,2063000,175.40188598632812,176.48448958261218,173.99062222742825,174.02928032042362,1647800,29.97285270690918,30.04975539793986,29.271115422066096,29.338405047529847,9639700,155.14039611816406,155.20852635045935,152.44407570837004,154.11832381056962,1606800,49.35374069213867,49.41190789362075,48.80116522136144,48.956274060560546,7554100,125.66184997558594,126.05379991756817,124.6485273641374,125.53758419383131,2502600,41.68254089355469,41.797450600240076,41.098429336028865,41.414425550217295,8329600,136.0565643310547,136.8948832067352,134.66901625003112,136.0372887457728,2728200,115.29196166992188,115.43569480004092,113.68216669584396,114.19001741977003,11360900
2024-11-21,20.9718074798584,21.111992998887004,20.75685444928857,20.812930082944487,5505200,107.3232421875,110.66090455734157,106.93960090017309,109.59630346075014,12535500,26.31667709350586,26.412583715121986,25.942641452129628,26.009777367747578,7443800,152.97286987304688,153.9382268114043,152.65106978542133,153.34198033571445,7945200,37.21367263793945,37.49253565918963,36.92519529479961,37.06943213227531,7169000,128.73451232910156,130.84366933660877,128.43999288608475,130.083610275872,2875400,176.60047912597656,179.48098641698573,176.40715916170032,177.1321200897621,2140300,30.636138916015625,31.03987849377674,30.088205191300386,30.23239933825451,11476300,155.0527801513672,157.31107383429477,154.24487173939983,156.02617952789203,1505500,49.964481353759766,50.22622820276642,49.33434963969711,49.44098765574645,8156100,125.62361145019531,127.29655349350514,125.38461972972247,125.82435632673017,2218800,42.19004821777344,42.65925005287766,41.78787156345807,41.988958064217016,11529000,135.9698486328125,137.79100184530674,135.59405557953477,136.90451604534294,1600000,116.8346939086914,117.42878749466824,115.24405978038473,116.0202158368614,14675400
2024-11-22,21.280216217041016,21.485821524975382,20.81292996782653,20.831621845608446,12820800,107.17937469482422,108.1192954733027,106.5847303396767,107.58219474959405,7516200,26.498897552490234,26.604395018757135,26.105682051834798,26.15363627707732,5678000,153.6637420654297,153.9003516698393,152.5185452258254,152.85926363383538,7005900,37.93486785888672,38.127187310523134,37.12712909656452,37.16559372052949,7465200,129.5420684814453,130.00759356875963,128.10745330205367,128.2594680026509,2545800,179.10400390625,179.85797682646344,175.4405412427485,175.92384851889932,2188900,30.703428268432617,31.145620103737468,30.434267941138156,30.597686383869664,9522500,154.2643280029297,156.3863463530924,153.86524554941968,155.101452055268,1421200,50.342559814453125,50.53644678368182,49.76090260485339,50.119591094170346,7431800,127.4017333984375,127.64072516198914,124.9640144928309,125.42287459451815,2480800,42.35283279418945,42.80288667887231,42.17089790494201,42.285803958529996,9015500,135.7771453857422,137.27068725102748,134.3703216067275,135.51697642396564,2375200,116.70053100585938,118.06118901634912,116.55679787842554,116.72927616923202,13323400
2024-11-25,21.186758041381836,21.476475008994328,20.971806800332423,21.29890752250422,7440400,101.76045989990234,107.38078379904482,101.22336649816,107.32324016810065,23447400,25.88509750366211,26.75784426091798,25.865915814009615,26.623576091883727,8209000,151.77085876464844,154.43034829427623,151.26924757998927,153.46497710578913,10702400,36.80018615722656,38.05987504739359,36.74248922280307,37.9444811785466,11970200,125.39025115966797,130.34961837671935,125.12423268416418,129.580063894232,5440300,173.55563354492188,178.42736405435986,172.94666170022967,178.33071145558375,2957900,30.75149154663086,31.30903649438032,30.33813891004847,31.126393755870897,15280500,152.33697509765625,155.7438723043131,152.03522372152952,154.4005766527626,3721200,48.898101806640625,50.4394973548286,48.79146749540455,50.34255572712814,13813000,127.4112777709961,129.30408830474028,127.27744297743637,128.04221947787698,4455800,41.89320373535156,43.06142681412399,41.768720050040365,42.7358566275545,14173200,134.72686767578125,137.33814389552984,134.53414119359937,136.00840762389967,4237200,114.95658874511719,116.78676817500383,114.61163215854484,116.35557609707371,26580300
2024-11-26,21.046571731567383,21.345634626518425,20.794236745494143,21.270868902780663,4680200,102.41265106201172,102.95933752500879,100.60954650204833,102.25919893561117,12073700,25.68369483947754,26.038546946042267,25.482290759879618,25.98100370727139,4676900,153.8246307373047,154.2126739440887,152.75515073277936,153.61641313568907,7369500,36.261695861816406,36.809803951894686,35.84821029657297,36.65594911377076,10083200,125.92227935791016,126.43532530852004,124.55419064909397,125.68476184294005,3129600,170.09515380859375,174.52224996414708,169.28320117291148,173.72961899881437,2466800,30.578460693359375,30.84762102452726,30.251623803192928,30.789942632023944,11141900,152.9599609375,153.74841197099371,151.6848102682305,152.67768168402347,2072300,48.326141357421875,48.810856932513715,47.99653461843597,48.655748096407784,12284600,128.33856201171875,128.47239680017313,126.6847432857688,127.41127291067852,2705500,41.63466262817383,42.02726165081236,41.34739567428179,42.008110033513226,11192300,134.70758056640625,135.91204746220214,133.60910734555898,135.28571585460926,1728600,113.04016876220703,114.67870892573876,112.92518079420503,114.53497579337896,14827300
2024-11-27,21.046571731567383,21.62600564489616,20.89704028409186,21.06526360814069,4679600,102.9977035522461,104.53226142037339,102.72915683999246,102.9689317355545,6237600,25.58778953552246,25.9138709540739,25.52065544863246,25.568607845191984,3353000,153.4271240234375,155.85946311342175,152.95390484064254,154.04230318446957,7674500,36.38669967651367,36.89634307855989,36.32900274360367,36.32900274360367,6298300,126.44481658935547,127.88892709153332,126.11230077759566,126.12179625898828,2004100,170.30783081054688,172.83069553728416,170.02750431348247,170.62681540236062,1490400,30.645748138427734,31.299423705779777,30.58807158353079,30.60729771299798,7877100,151.22731018066406,154.76075426030982,150.91581528693598,152.97943182564933,1286000,48.781776428222656,49.14046492749426,48.40369886168145,48.46186606349027,6828000,127.47820281982422,130.3365347589399,127.12448511757256,128.09002110451806,2151900,41.80702590942383,42.4198630866698,41.64424263231687,41.74957105425788,8297200,133.51275634765625,136.96235161768823,133.05024513411686,134.86176821634848,1907000,112.74311828613281,113.76840384116413,112.52272652283285,113.15514202911173,11079100
2024-11-29,21.168066024780273,21.196103840515214,20.990496756903344,21.102646237287594,2770600,103.90884399414062,104.08148220958854,102.96893051241784,103.3429787596635,3918700,25.62615203857422,25.83714698151168,25.4727021687652,25.712467819000135,3209700,153.25677490234375,154.03286138162673,152.05480844029086,153.55964214543127,5077000,36.49247741699219,36.73287581411574,36.405933847300176,36.54055636277921,3241000,126.60633850097656,127.94594084445016,125.91279137509599,126.83436054781872,1837700,171.66107177734375,172.45370277595495,170.13381904170558,170.31747816330414,820300,30.626527786254883,30.924523663846234,30.443883199806628,30.84762280308417,3484100,151.99630737304688,152.38567603711024,150.12738234423028,151.5777527686866,965500,49.03382873535156,49.218019320261355,48.81085631929456,48.85933083466384,3820300,128.08045959472656,128.48196400003238,126.05381414311651,127.55467480674301,1402400,42.075138092041016,42.20919941066366,41.797448778316266,41.941080426215805,4143300,134.01382446289062,134.37034200699537,131.681978003703,133.80183708451293,1554100,113.03058624267578,113.5480211403306,112.06279093536375,112.53231966191792,9426500
2024-12-02,20.878347396850586,21.261521935277532,20.5512467028737,21.08395268153773,5728000,101.798828125,104.29248555211818,101.22336984448796,103.90884425932714,5939700,25.021940231323242,25.693284698541053,24.782174611497812,25.63573963271106,5793000,153.5217742919922,154.2221294429564,151.5342479391672,153.5974766530396,6229600,36.16553497314453,36.68479638444744,35.7232028086369,36.50209125740287,7837900,124.68721771240234,127.04338773878655,123.73714751662735,126.83437113596239,2835100,169.9598388671875,172.32804157555373,168.12326236423817,171.83507346259046,1719200,30.338138580322266,30.838008798377775,30.04014089601511,30.693814655273147,6996800,153.22279357910156,153.38826968445156,149.46547153491517,151.99630090560902,2267100,48.87872314453125,49.411913304622836,48.423092959662306,49.10169559225328,8008100,130.4225616455078,130.6328755376842,126.14940287566364,127.54510642894576,3319700,41.778297424316406,42.06556437472093,41.213337505641945,41.969809942185236,8511400,135.03518676757812,135.36279822174762,130.9978115378356,133.5512900791276,2772400,112.9251708984375,113.26054330417408,111.93821468559698,113.11681749497994,12687300
2024-12-03,20.95311737060547,21.261526251523136,20.85965975584587,21.11199478093007,5016100,101.71251678466797,103.26625347308274,101.38641911154988,102.65243030675974,5862600,25.098665237426758,25.23293339959666,24.887672149835982,25.108256081762683,4328000,153.24732971191406,154.45876991188916,152.74571843105747,154.25055227362722,5900100,36.136688232421875,36.530941450606356,35.82897491434261,36.463626525766124,7316800,125.21925354003906,126.0648154265521,123.71814090501987,125.77029598810337,2362100,169.8921661376953,172.31837807122048,168.50991442602913,172.09604610761068,1804400,30.491943359375,30.77071490802183,30.097816865198848,30.713040185514153,7442000,151.35385131835938,154.86782312577793,151.15915959043224,153.79707803375265,2035800,48.85932922363281,49.33434839466398,48.51033343376475,49.31495932877284,6351300,128.55844116210938,131.9234491672284,128.3959285186356,131.10131694401466,2313600,41.79745101928711,42.35283332931087,41.27079065702627,42.32410772875032,7429600,132.4624481201172,136.92379805929997,132.26973636376695,135.5458803306148,2070300,112.75270080566406,113.75882540651519,112.3598380477176,113.75882540651519,11756600
2024-12-04,20.74751091003418,21.196105297291354,20.5045218379643,20.850312676350008,7094300,99.2763900756836,101.7700472816154,98.62420213099234,101.60700212477968,7291000,24.580774307250977,25.11785069505236,24.369781188000513,25.11785069505236,6169700,149.84014892578125,153.17160201841273,149.40478086537203,153.1621428324384,7862700,34.89623260498047,36.1655358628203,34.65583420511401,36.155917872640096,13021700,123.06257629394531,125.30474226246353,121.97000150079013,125.06722474248032,3222500,165.28143310546875,170.43349061052984,163.0582166113522,170.12416686380806,2437500,29.57380485534668,30.569261800458914,29.40950586779648,30.520939327867044,7616700,146.3992462158203,150.77954298913414,145.11436688581998,150.50699237813728,2240800,47.40518569946289,48.87871782377151,47.211298725816036,48.83994338751129,14729200,124.84928894042969,128.0900163028054,123.59695998859597,128.0804472977339,2594900,41.185546875,41.86972327711484,40.780820372763586,41.77335807374587,10231100,129.1863250732422,132.44319398097142,128.3576511540755,132.44319398097142,2509300,109.50436401367188,112.63771842391618,109.10191710372672,112.58980494439247,19520600
2024-12-05,20.41106414794922,21.102647604553308,20.39237226958152,20.831622498444236,6727100,100.16836547851562,101.53987821170998,99.7559523540628,100.78218864272226,7074700,24.609546661376953,24.973991481048223,24.532821725014596,24.906855561122732,5626600,150.79603576660156,152.0642597882766,150.19031575315196,150.7581701424148,6358400,34.57890701293945,35.24240898367199,34.54044238630798,34.89623468036609,10313200,123.52812194824219,125.2667520199527,123.1670906610364,123.39511271036422,2623900,166.91497802734375,168.31658079513184,165.72604637026762,165.72604637026762,2157300,29.01325798034668,29.825088118885546,28.984263388475895,29.602799934644814,7722300,146.10723876953125,147.46999182877138,144.18964098788268,146.94436274960572,2199100,46.998023986816406,47.69601563204449,46.96894223429408,47.59907029349252,9937800,124.11319732666016,125.37506618112947,122.44025507711532,125.15519785552095,2928300,40.491729736328125,41.580632576723744,40.433910617702686,41.397540539054745,8466500,128.20346069335938,130.04388965843165,126.97971819737832,129.52355172025034,2525900,109.98346710205078,110.78836821447494,109.29355395156449,109.91639261856298,15751200
2024-12-06,20.018543243408203,20.42975564708617,19.579294805254744,20.354989917558868,8629900,98.99826049804688,100.31222224856444,98.2117991297414,100.17794889183051,5365600,23.909427642822266,24.647906182913513,23.80393018587595,24.513636193363702,6034600,146.92510986328125,150.3228204255666,146.85885224000046,150.24710361674767,9701700,33.64616012573242,34.52121011463432,33.424990379930264,34.5115921248925,13002500,121.42845916748047,123.2621020291701,120.00335399393785,122.66355321726796,2927900,161.26031494140625,166.16104327712597,159.30774932620045,166.11272434678435,3104700,27.81484031677246,28.98426111298755,27.785845727177975,28.89727918758826,10347200,146.92489624023438,147.18771821634468,145.05597132178383,146.27272047594917,2684200,46.086761474609375,46.97863642944161,45.75715470910907,46.97863642944161,16583800,123.01382446289062,125.1073944911329,122.53584097103253,124.87797175065609,1926100,39.470279693603516,40.37609414927424,39.35464513524678,40.23154819436107,15727500,126.72920989990234,129.00324429008953,125.68854859900648,128.84906897818635,1984200,108.82404327392578,109.97389376415201,108.75696878383877,109.75350928696803,16171100
2024-12-09,20.794239044189453,21.224141557566202,20.214803284251595,20.45779235889936,9011600,98.94071197509766,100.75340951877757,98.67215795755168,99.95735514508672,6526500,23.842294692993164,24.341005810231117,23.832703848337317,24.15878524956977,5139900,148.6665802001953,151.5058960609137,148.42051135787568,148.5908633775953,9404500,34.14618682861328,34.53082573258386,33.511535204793745,34.0404146148004,11704100,121.46646881103516,123.08159243616312,121.25745221555718,122.83456491591448,3047000,161.5406036376953,164.3051215798865,161.16362458873135,163.86048718847573,1775700,28.104780197143555,28.45270791555184,27.74718761507012,28.08545046981326,8137900,148.91062927246094,151.6069496464934,147.48947453079583,147.8496275394693,2528000,47.23068618774414,47.6475418725868,46.40666750227283,46.532694585572926,12216300,124.35218811035156,127.28699919156158,123.04251799869192,123.53961033212703,3475700,39.672645568847656,40.22191805395801,39.624464803755664,39.99064523517698,10656900,129.64881896972656,131.69159011005286,127.66385988764121,127.72167194588215,2730000,108.18203735351562,110.13678892359597,108.03830422281237,109.84932266218948,17412600
2024-12-10,20.8035831451416,21.074608231243204,20.569940030460167,20.850311055055688,4631600,98.17343139648438,99.88062743989136,97.92406346240897,99.39148461618352,5860800,23.794342041015625,24.101241773203057,23.717617107968767,23.995746133555315,4650500,148.59083557128906,150.97586449159598,148.30690115004938,150.54049645349454,9126200,33.39614486694336,34.38658508864105,33.35768024306287,34.31927383094442,8887400,120.28838348388672,122.90107642272274,119.7088401066681,122.35003399053781,3440500,157.70315551757812,162.28491372418222,157.15219290218704,162.12059102312287,2298900,28.09511375427246,28.51069365159308,27.592551932238962,28.114443480516247,6596300,147.0417022705078,149.69907831616047,145.7860236542221,148.75489461879866,3431500,46.79246139526367,47.581263863351886,46.33476449982978,47.42545144291162,10054000,120.08857727050781,125.24123152808197,119.70618901148401,124.63898223664724,3124100,39.38355255126953,40.087001929430336,38.99810280107588,39.614825342150766,10075800,127.50006866455078,130.05353288054434,126.93154905356545,129.20558338860687,2656300,107.9616470336914,109.1210816320043,107.08009454233179,108.843199525051,20990900
2024-12-11,20.91573143005371,20.98115300135062,20.541902792563423,20.91573143005371,7055800,98.01038360595703,98.51870518760451,97.53083383951997,98.17342877038193,8195500,24.312236785888672,24.37937087385304,23.775162252907027,23.97656451680013,5698300,147.84315490722656,148.75172772140422,147.45511168128397,148.45833411596135,13764700,33.424991607666016,33.588464425586714,33.20382552192849,33.57884643549161,10382700,121.19094848632812,121.71348997887,119.7943441775891,120.32638840139359,5778600,158.4281005859375,159.29806243029228,157.11350435947398,158.87274971741206,2662900,28.220754623413086,28.549352590105055,27.7568504188347,28.269077094768445,10506100,147.92750549316406,149.09558178274096,145.6302823540746,147.04170848951736,2796100,47.20146942138672,47.36701848619129,46.685337781122094,46.919058259808466,9617300,119.81134033203125,121.11145597551659,118.55901866027092,120.18416686135214,2596800,40.0484619140625,40.27009636072118,39.479920098387964,39.60518934478861,9958300,128.43472290039062,129.49465977645067,126.96045642012234,127.76986944500764,2349000,107.24298858642578,107.69334899003645,106.46683990564958,107.31964723184267,32392200
2024-12-12,21.4390926361084,21.523204299738527,20.72881735576257,20.80358308092763,6257900,96.7827377319336,98.42279706112086,96.74437287239516,98.19260790389023,5908600,24.609546661376953,24.70545328914659,24.216331133861534,24.34100846947532,7081000,146.4235076904297,148.1460182626245,146.00707243694146,147.52136538239213,7621500,32.819190979003906,33.41537799088519,32.57879257619178,33.367299043960465,11943700,120.25037384033203,121.2099466834551,120.02235904291754,121.08643292982497,2169500,156.81385803222656,158.57310341023285,156.52387074746702,158.24445803720948,1627900,27.9211483001709,28.2884057041593,27.66986740359569,28.114441864731536,6485900,142.38885498046875,147.8496258993481,142.29150910482286,147.61600470953516,2723200,46.92879867553711,47.25016389515636,46.646391206162306,47.05539743310178,7557700,118.53034973144531,119.69663067228068,117.81337446061534,119.41939935901246,2646000,39.60519027709961,40.096643620093126,39.51846343280409,40.01955145807194,7309700,124.95621490478516,127.8276747617981,124.76350312921208,127.67349946015324,2066900,107.14716339111328,107.68375926012621,106.15062298396755,106.9267716245856,14543300
2024-12-13,21.364328384399414,21.58862557536394,21.196105045537116,21.51385984504243,4064500,96.88823699951172,98.07752575515158,96.4662381572887,96.9170161336773,6887800,24.293052673339844,24.695858990234722,24.187555214618214,24.676677301509603,4615900,145.62847900390625,146.66010788515882,144.8713398006262,146.5749174495109,5816200,32.79015350341797,33.148250356727104,32.31591413661406,32.90629232492618,10477200,120.44039154052734,120.85842473233193,119.0627927016588,120.25988313826092,1878800,157.88682556152344,158.5634528330956,155.62495093253867,157.18120103183878,1718100,27.71819496154785,28.09511542884677,27.54423110175319,27.882493957644556,6643500,141.68798828125,142.54458434895184,140.51018354105335,142.09681417186403,2014600,46.3931884765625,46.870366069219685,46.18868538607836,46.870366069219685,10414900,117.3162612915039,118.61637688287902,116.90519522520958,118.3678234421444,1825800,38.757198333740234,39.663009176680994,38.61265236873763,39.64373613628354,10763100,124.43588256835938,125.71743710178839,123.90591419694664,124.70568197508497,1718000,106.20812225341797,107.22383106174306,105.64278117389706,107.22383106174306,13106100
2024-12-16,20.504520416259766,21.25217767651538,20.392370935943664,21.23348579937011,7115800,95.49754333496094,97.33901274245187,95.36326998133237,96.9937363138787,7441800,23.717615127563477,24.36018707415159,23.66007188989983,24.331416369953036,7202100,141.3600616455078,145.64742709863233,141.2559528279074,145.64742709863233,11961200,31.541650772094727,32.66433594888048,31.512616988242595,32.66433594888048,15130700,118.39773559570312,120.54488875066035,117.98920517268746,119.89884080841372,2898600,153.62403869628906,157.22952147807098,153.2180623675161,157.22952147807098,2370800,26.93535804748535,27.65054133381184,26.887033731486433,27.515235092399035,8770000,134.51405334472656,141.1526289311826,134.2220305804543,140.4809958821196,3518500,45.380409240722656,46.27633344430739,45.19538315236308,46.06208997315126,14145500,111.16940307617188,116.00659375230201,110.95908916965328,115.75804029064828,3653200,38.4295654296875,39.52810304154642,38.32356554153327,38.64156153003924,14900700,120.51415252685547,124.11791581224938,120.13835940265179,123.26997367200474,4422200,103.93716430664062,105.7865121131624,103.64012119039084,105.59486549737957,20256100
2024-12-17,19.67275047302246,20.28022402595192,19.11200839732694,20.102654751285357,10229200,94.24111938476562,95.20021888950721,92.79287708374825,94.7302548636929,8737800,23.51621437072754,23.544985076748553,23.055864781724715,23.429898594131174,6351200,140.177001953125,140.68807237114527,139.04127868079834,140.07289314407393,11909300,31.13515853881836,31.32872570749839,30.825454391718306,31.144838927845022,14450800,117.00114440917969,118.61626081983317,115.69004291848755,117.7517007230712,3820100,154.79364013671875,154.98696008022216,150.59853689029308,152.6284184211283,2714400,26.278162002563477,26.713069784686237,26.133192741855886,26.56810052397865,12767200,134.3193817138672,136.38298358386746,132.8008662507531,133.52118711711893,4076500,45.34145736694336,45.35119401763424,44.59160895847131,44.98113813874366,16866600,110.72966003417969,111.24588309253465,109.3721886363478,110.5575856813947,3608800,37.51411819458008,38.15974856455018,37.292483723875854,37.9477524528957,18705300,120.34069061279297,120.8706589642314,118.432819250579,119.96489754594833,3710800,103.49638366699219,103.64969364254581,102.3273649472922,102.75855702101799,17554000
2024-12-18,19.476491928100586,20.083963724208093,19.401726196003594,19.85032058858554,8738800,91.92969512939453,94.48090357585905,91.83378663293442,93.99176073135847,8466500,22.768146514892578,23.631302512180085,22.748964823354306,23.497034329945766,6765600,136.36285400390625,140.70700303602638,136.26820438203026,139.84574057807092,10174500,30.099580764770508,31.319049516785547,30.07054513520109,31.067411085837332,13828400,113.65687561035156,117.59966770296036,113.57137278651254,117.00112619070981,4506900,150.86920166015625,156.34024358659286,150.76287346902876,155.6442799263707,2546800,25.273040771484375,26.384474334401595,25.244048022600072,26.152523126405473,11454800,131.46731567382812,134.61139145950457,130.59126218772985,133.86188464360325,3959500,44.81559371948242,45.95497142635825,44.611090600021846,45.09800491199163,16405600,106.93446350097656,111.16939737687801,106.7910669999336,110.39506648207461,4211600,35.97230911254883,37.78393083806491,35.92412467252272,37.55266170014896,15657400,117.3054428100586,121.28500630675063,117.01637515375145,119.87818979523733,4263700,101.97283172607422,104.282124172268,101.86742791173344,103.07477604200072,17114500
2024-12-19,19.140043258666992,19.96246800905151,18.9905118099708,19.878356346340468,6377400,91.28710174560547,93.02306970905231,91.21037202015992,93.02306970905231,9951200,22.70100975036621,23.161359317470406,22.672237216447233,23.06545270034039,6998800,133.58978271484375,137.0064261295859,133.4004979113396,136.8266149532351,16544300,29.538238525390625,30.641566617958507,29.509202895483384,30.438322746587954,15241500,112.3172836303711,115.03448458130151,112.23177355578943,114.66395783785276,3589700,147.95001220703125,154.02035005413222,147.72769500306066,153.3050647676095,2963100,24.905780792236328,25.727275662168488,24.79946914924981,25.669286487784557,14175900,128.1480255126953,133.17076999878716,127.23304254995891,132.21684274229406,3895700,44.1728630065918,45.4388393609714,43.98783320716007,45.07852384265544,18592100,105.49095153808594,107.63231546522495,104.57322414074065,107.35509146779117,4445000,35.56758117675781,36.48303036108502,35.191766085791905,36.367395796777785,16159200,114.59779357910156,118.51953732498276,112.87299617812923,118.51953732498276,5060200,101.1008529663086,103.17058509492094,100.81338671845421,102.90228716256104,20565600
2024-12-20,19.66340446472168,19.971813290330175,19.102660659282027,19.12135075283753,14247600,91.22955322265625,92.43801340560945,90.37595519551594,90.8842767939985,29542200,22.710601806640625,22.95036744762413,22.490017855959795,22.557151942752512,18271300,135.19873046875,135.19873046875,133.02191927249024,133.2774616826978,32209200,29.780195236206055,30.128613549521457,29.41241799115947,29.470489248373116,34647800,113.09635162353516,113.93241074681195,111.64274545253278,111.74725374899988,10044400,149.76724243164062,151.00450772446683,146.92539364208596,147.08005549103066,7837400,25.099077224731445,25.39868248517529,24.654504531248627,24.654504531248627,18035900,129.83200073242188,129.87093016835232,127.06753548874337,128.48870497296022,11493700,45.89653778076172,46.743767527028055,44.455272061128326,45.039567669271825,29108300,105.51007843017578,107.11610325169192,105.1181284666957,105.62478980020954,8178700,35.4904899597168,36.02048565426738,35.2881248928159,35.4904899597168,36468300,114.27018737792969,115.06995521406664,113.01754613422268,114.76161196237905,7606100,101.44581604003906,101.7045298312298,100.45885242479969,101.04336180514004,40141200
2024-12-23,20.186765670776367,20.289567430146445,19.467144442408216,19.4858363195866,12387700,92.43801879882812,92.91756860912629,90.71164387216439,91.52687708620138,7892300,23.075042724609375,23.113406101804106,22.499604871553977,22.64346570676771,5240300,135.31231689453125,135.6719681548346,133.958902295999,134.8485568189562,8156500,29.983440399169922,30.08990252935336,29.53823848384533,29.722125268352418,11098900,113.86589813232422,114.23642488525502,112.19377275470093,112.73531966117156,2554600,150.88853454589844,151.3525053920535,148.59764807243772,149.78659456792556,2107300,25.379350662231445,25.495325336445163,25.00243020596055,25.089410289928733,7714300,130.41603088378906,130.9611321020704,128.37190131523408,130.04614925875202,3509000,46.587955474853516,46.743767885878675,45.575172945759526,46.743767885878675,16857600,105.61524200439453,106.07410210020147,104.11437404026192,105.25196986064351,3365100,35.904850006103516,36.020488245782616,35.31703882953903,35.432673393261624,10833900,114.32801055908203,115.02178473611097,112.58393732197227,114.69416588518808,2832600,101.85785675048828,102.1453157333634,100.53552057331952,100.90922236845724,12285100
2024-12-24,20.439098358154297,20.504518138339506,19.906390614027625,20.336294827831644,2081900,93.1381607055664,93.21489042805307,91.9296931871234,92.55310937696657,2677400,23.717615127563477,23.72720597205184,22.979136565358253,23.199722330057565,3660500,136.1356964111328,136.32498120341754,134.64032200152687,135.43534123552897,3556100,30.235076904296875,30.273791077346573,29.576950730399044,29.9931188607164,5806600,114.7969741821289,114.93948614962584,113.15334968745593,114.16042894223037,1325800,152.50279235839844,152.82177695215123,150.01858571130953,152.17413217887318,823200,25.93990135192871,25.959231079888234,25.20538827992572,25.427674621307276,4461700,131.74961853027344,131.74961853027344,129.18957328152553,130.26031859355987,1419500,46.860626220703125,47.17225104245599,46.052350500175656,46.71455417511573,5786900,106.66680145263672,107.0969836926865,104.56366964024456,105.27109048374577,1448600,36.357757568359375,36.39630364858468,35.54830826341074,35.924123355716084,4555400,114.5110855102539,115.2434035201133,112.79592564231957,113.69204940327758,1170100,101.95365905761719,102.71064667831088,101.28290692393618,102.06863970696743,7807000
2024-12-26,20.41106414794922,20.532557792227983,20.15872913765221,20.41106414794922,2909400,92.9271469116211,93.17651482227262,92.3037307936664,93.15732873518884,4325600,23.573755264282227,23.61211864084511,23.295628101267216,23.573755264282227,3686200,136.26820373535156,136.58053015625447,135.24604847826149,135.97481012703494,4492600,30.1092586517334,30.293145430351828,29.906012941163922,30.235076018471972,9002200,114.39795684814453,114.93949657498432,114.18894024331857,114.86348921896389,2104000,152.75408935546875,154.26200562643288,151.46849029128347,152.99574298220958,1163800,25.9012393951416,26.055873517118602,25.553313542385418,25.88191151243258,5562500,131.78854370117188,132.19736966536414,130.445247781043,131.86641743524126,1566500,46.93853759765625,47.415711514404435,46.24712020775352,46.889846912355985,11247100,107.2594985961914,107.66101029461156,106.02630753713206,106.62856414458777,1794800,36.357757568359375,36.49266517319139,35.895215633525375,36.36739592639397,8145400,115.32048797607422,115.56138137447415,113.31625313703086,114.66525763836708,1884400,102.03990173339844,102.55733662363897,101.51288999541752,102.06864689776111,9652400
2024-12-27,20.64470672607422,20.766200367093855,20.37367984467994,20.504521207188304,3861300,92.95592498779297,93.97257546863132,92.52433312485648,93.03265470660128,5889700,23.631301879882812,23.880658375407993,23.477852010216047,23.525806237778625,3466000,136.28713989257812,137.90555603306467,135.7098118473174,136.56160069504404,5296500,30.196365356445312,30.573819323453016,29.993119634676486,30.08990322380481,9097600,114.38844299316406,115.64253525170892,113.85639880121856,114.10341906003399,2048400,153.0537567138672,154.22336690389886,151.53617941702174,152.5994466585909,1723500,25.891576766967773,26.307154823949546,25.75627052565392,25.843252451004194,5379400,132.06106567382812,133.35568837249215,130.37708924224097,131.59383822374178,1770100,47.289119720458984,47.766293669949675,46.77298801924927,46.93854081846338,11712100,107.63232421875,108.60741467197776,106.4278110143387,107.03962932899353,2615000,36.42521286010742,36.916666213182914,36.136124598510676,36.27103220885871,9493700,115.22412872314453,116.50568332957425,113.78839881752796,115.16630931020802,1697800,102.03031921386719,103.47721268387593,101.34998291243956,101.85784092670829,11943900
2024-12-30,20.95311737060547,21.280218130986203,20.50452295882627,20.766202141086268,4485700,93.11897277832031,93.60811560283184,92.20783112315962,93.27243222026469,5238800,24.475276947021484,24.70545174169128,23.803932423951252,24.00533651257899,6351900,135.40695190429688,136.2681998923719,134.72551508545442,136.0883742816351,6194800,30.94159507751465,31.193231673539298,30.109260632502977,30.254435094749734,12334300,114.55945587158203,115.26250572505896,113.51438019782773,114.68296237672563,3197100,155.60562133789062,156.54323872298167,152.1064810446863,153.21808198608588,2086900,26.05587387084961,26.268497173992635,25.64996067768746,25.901239746773314,10335300,131.99295043945312,133.5114509642978,130.94167741773882,131.96374964881338,2010900,47.19173049926758,47.756552839699374,47.045658446124285,47.61047707169499,10123500,107.0587387084961,108.13898605018736,106.52339954029812,107.64187914247567,2567500,36.43484878540039,36.55048334712563,35.88558002225998,36.27102978666291,10995000,115.23374938964844,116.72729123001103,113.70167107924134,115.45537452555678,2890200,101.34041595458984,102.10698050854695,101.10086316074616,101.85785086656071,11080800
